,,,,,,,,,,,,,,,,,,,,,,,,,,,,,,,,,,,,,,,,,,,,,,,,,,,,,,,,,,,,,
,,,,,,,,,,,,,,,,,,,Quick Stats,Quick Stats,,,,,,,,,,,,,,,,,,,,,Fixed ,,Variable,,,,,,,,,,,,,,,,,,
,,,,,,,,,,,,,,,,,,,,,,,,,,,,,,,,,,,,,,,,,,,,,,,,,,,,,,,,,,,,,
,,Journal,,,,,,,,,,,Date:,August 19,,,,,Starting Account Balance  ," $ 5,000.00 ",Deposits  ,$0.00,, Total Trades ,48, Winning Trades  ,11,Consecutive Wins  ,2,Expectancy  , $ 0.69 ,, Avg Trade Duration ,"0 days, 8 hours, 9 minutes",,,,,Choose the Type of Commission,,Fixed Commission,,"Forex
Commission",Indices Commission,Stocks Commission,Commodities Commission,,,Crypto Commission,,,,,,,,,,,,
,,,,,,,,,,,,,,,,,,,Closed Position PnL  , $ 33.20 ,,,,,, Losing Trades  ,37,Consecutive Losses  ,8, Profit Factor  , $ 1.04 ,, Avg Winner Duration ,,,,,,,,,,,,,,,,,,,,,,,,,,,,
,,,,,,,,,,,,,Time:,15:32,,,,,% Realized PnL  ,+0.66%,Withdrawals  ,$0.00,, Win Rate ,22.92%, B/E Trades  ,0, Average Win  , $ 74.52 , Max DD %  ,-2.86%,, Avg Loser Duration ,,,,,,TRUE,,$5.00,,$7.00,$0.00,$11.00,$5.00,,,$10.00,,,,,,,,,,,,
,,,,,,,,,,,,,,,,,,,Account Balance  ," $ 5,033.20 ",,,,,, Average RRR  ,3.51 R, Average Loss  , $ (21.26),Absolute DD %  ,0.00%,, Fees & Commissions , $ -   ,,,,,Fixed,,,,,,,,,,,,,,,,,,,,,,
,,,,,,,,,,,,,,,,,,,,,,,,,,,,,,,,,,,,,,,,,,,,,,,,,,,,,,,,,,,,,
,,,,,,,,,,,,,,,,,,,,,,,,,,,,,,,,,,,,,,,,,,,,,,,,,,,,,,,,,,,,,
,,,,,,,,,,,,,,,,,,,,,,,,,,,,,,,,,,,,,,,,,,,,,,,,,,,,,,,,,,,,,
,,,,,,,,,,,,,,,,,,,,,,,,,,,,,,,,,,,,,,,,,,,,,,,,,Trade Screenshots,,,,,,,,,,,,
,,#,Status,Market,Instrument,,,,Strategy,,Position,,Session,Entry Date & Time,,Day,Exit Date & Time,,Trade Duration,  Balance ,Position Size,Entry Price,SL,SL in Pips/Points,TP, TP in Pips/Points ,Exit price,Realized Pips/Points,Expected R:R,Risk %,Target Gain %,, Gross PnL ,Gross Change %, Commission ,, Swap Fee,, Net PnL,, Cumulative PnL,, Closed Balance ,Net Change %,Growth % ,Transactions,#2,#3,HTF,,LTF,Bias Correct,HTF,FVG,LS,RSI,News,Class,ESM during,ESM after,Comments
,,1,LOSS,Forex, EURJPY ,,,, Strategy 1 ,,Long,,London,24/04/2025 13:20,,Thursday,24/04/2025 13:45,,"0 days, 0 hours, 25 minutes"," $ 5,000.00 ",,162.002,161.894,10.8,162.382,38,161.894,-10.8,3.52 R,0.50%,0.00%,,-$25.19,-0.50%,  ,,,,-$25.19,, $ (25.19),," $ 4,974.81 ",-0.50%,-0.50%,,$1.00,$1.00,,,,TRUE,FALSE,TRUE,TRUE,TRUE,FALSE,B,Good,,This move was stagnant and choppy. The Bias was right but took longer than expected and involved consolidation which isnt typical
,,2,LOSS,Forex, AUDCAD ,,,, Strategy 1 ,,Short,,Asia,24/04/2025 16:50,,Thursday,24/04/2025 17:04,,"0 days, 0 hours, 14 minutes"," $ 4,974.81 ",,0.88817,0.88845,2.8,0.88717,10,0.88845,-2.8,3.57 R,0.15%,0.55%,,-$27.13,-0.55%,  ,,,,-$27.13,, $ (52.32),," $ 4,947.68 ",-0.55%,-1.05%,,$2.00,$1.00,,,,FALSE,FALSE,FALSE,TRUE,TRUE,FALSE,C,Good,,Didnt sweep SSL so wrong place to assume the MSS and channel strucutre. Deducted HTF allignment as a result.
,,3,LOSS,Forex, EURJPY ,,,, Strategy 1 ,,Short,,N.Y,25/04/2025 15:29,,Friday,25/04/2025 15:34,,"0 days, 0 hours, 5 minutes"," $ 4,947.68 ",,163.425,163.469,4.4,163.26,16.5,163.469,-4.4,3.75 R,0.08%,0.28%,,-$14.09,-0.28%,  ,,,,-$14.09,, $ (66.41),," $ 4,933.59 ",-0.28%,-1.33%,,$3.00,$1.00,,,,FALSE,TRUE,FALSE,FALSE,TRUE,FALSE,B,Okay,,Failed Channel Pattern. I didnt expect price to contunie upwards as there was no HTF POI above the swing high. Lack of FVG or LS.
,,4,LOSS,Forex, GBPUSD ,,,, Strategy 1 ,,Short,,London,28/04/2025 13:20,,Monday,28/04/2025 13:25,,"0 days, 0 hours, 5 minutes"," $ 4,933.59 ",,1.33476,1.33523,4.7,1.33314,16.2,1.33523,-4.7,3.45 R,0.15%,0.51%,,-$25.00,-0.51%,  ,,,,-$25.00,, $ (91.41),," $ 4,908.59 ",-0.51%,-1.83%,,$4.00,$1.00,,,,FALSE,TRUE,TRUE,TRUE,TRUE,FALSE,A+,Good,,Swept SSL on the HTF leading to me thinking we will see a pullback into discount. Never got it as DXY very bearish and dumped. Make sure they are confluent.
,,5,LOSS,Forex, AUDUSD ,,,, Strategy 1 ,,Short,,London,29/04/2025 13:12,,Tuesday,29/04/2025 13:39,,"0 days, 0 hours, 27 minutes"," $ 4,908.59 ",,0.6408,0.6411,3,0.63976,10.4,0.6411,-3,3.47 R,0.08%,0.29%,,-$14.30,-0.29%,  ,,,,-$14.30,, $ (105.71),," $ 4,894.29 ",-0.29%,-2.11%,,$5.00,$1.00,,,,TRUE,FALSE,FALSE,FALSE,TRUE,FALSE,D,Okay,,Should have draw a larger swing and understood I was selling in premium still. On retrospect I think it was a revenge trade.
,,6,LOSS,Forex, GBPUSD ,,,, Strategy 1 ,,Long,,London,29/04/2025 12:29,,Tuesday,29/04/2025 12:57,,"0 days, 0 hours, 28 minutes"," $ 4,894.29 ",,1.33832,1.33813,1.9,1.33926,9.4,1.33819,-1.3,4.95 R,0.05%,0.20%,,-$12.90,-0.26%,  ,,,,-$12.90,, $ (118.61),," $ 4,881.39 ",-0.26%,-2.37%,,$6.00,$1.00,,,,TRUE,TRUE,TRUE,TRUE,FALSE,FALSE,A,Bad,,Tampered with the trade. I moved SL to swing low after the first move after entry. Then got tagged due to poor spread. Chased the entry. Ran up to full TP. Fearful
,,7,LOSS,Forex, GBPUSD ,,,, Strategy 1 ,,Short,,London,02/05/2025 10:36,,Friday,02/05/2025 10:39,,"0 days, 0 hours, 3 minutes"," $ 4,881.39 ",,1.33006,1.33059,5.3,1.32819,18.7,1.33059,-5.3,3.53 R,0.14%,0.50%,,-$24.21,-0.50%,  ,,,,-$24.21,, $ (142.82),," $ 4,857.18 ",-0.50%,-2.86%,,$7.00,$1.00,,,,TRUE,FALSE,TRUE,FALSE,TRUE,FALSE,C,Good,,"Used a lower swing on this trade, seen trades in the past use the base as a pivot to retrace around yet it didnt in this case."
,,8,WIN,Forex, GBPUSD ,,,, Strategy 1 ,,Short,,London,02/05/2025 10:40,,Friday,02/05/2025 13:30,,"0 days, 2 hours, 50 minutes"," $ 4,857.18 ",,1.331,1.33176,7.6,1.32822,27.8,1.32816,28.4,3.66 R,0.53%,1.94%,,$94.24,1.94%,  ,,,,$94.24,, $ (48.58),," $ 4,951.42 ",1.94%,-0.97%,,$8.00,$1.00,,,,TRUE,TRUE,TRUE,TRUE,TRUE,TRUE,A+,Good,,Took a while and markets were choppy as NFP and unemployment rate data but got filled when the news hit. Got more profit due to spreads around news.
,,9,LOSS,Forex, EURJPY ,,,, Strategy 1 ,,Short,,N.Y,07/05/2025 19:35,,Wednesday,07/05/2025 19:40,,"0 days, 0 hours, 5 minutes"," $ 4,951.42 ",,162.712,162.805,9.3,162.379,33.3,162.805,-9.3,3.58 R,0.13%,0.46%,,-$22.93,-0.46%,  ,,,,-$22.93,, $ (71.51),," $ 4,928.49 ",-0.46%,-1.43%,,$9.00,$1.00,,,,FALSE,TRUE,FALSE,FALSE,TRUE,TRUE,B,Good,Good,Setup looked decent . HTF allignment back to the HTF 0.5. Small Liquidity sweep. News press conference so stop hunters were out.
,,11,WIN,Forex, GBPUSD ,,,, Strategy 1 ,,Short,,London,09/05/2025 15:00,,Friday,12/05/2025 08:00,,"2 days, 17 hours, 0 minutes"," $ 4,928.49 ",,1.33047,1.33313,26.6,1.32117,93,1.32117,93,3.5 R,0.50%,1.69%,,$83.43,1.69%,  ,,,,$83.43,, $ 11.92 ,," $ 5,011.92 ",1.69%,0.24%,,$10.00,$1.00,,,,TRUE,TRUE,TRUE,FALSE,TRUE,FALSE,A,Good,Good,Nice trade. Held over the weekend.
,,12,WIN,Forex, AUDCAD ,,,, Strategy 1 ,,Short,,N.Y,12/05/2025 13:40,,Monday,12/05/2025 15:50,,"0 days, 2 hours, 10 minutes"," $ 5,011.92 ",,0.89457,0.89522,6.5,0.8923,22.7,0.8923,22.7,3.49 R,0.49%,1.72%,,$85.96,1.72%,  ,,,,$85.96,, $ 97.88 ,," $ 5,097.88 ",1.72%,1.96%,,$11.00,$1.00,,,,TRUE,TRUE,TRUE,FALSE,FALSE,FALSE,A-,Good,Good,Textbook price action. Nice move. 
,,13,LOSS,Forex, EURJPY ,,,, Strategy 1 ,,Short,,N.Y,14/05/2025 15:51,,Wednesday,14/05/2025 16:03,,"0 days, 0 hours, 12 minutes"," $ 5,097.88 ",,164.035,164.122,8.7,163.73,30.5,164.122,-8.7,3.51 R,0.14%,0.48%,,-$24.69,-0.48%,  ,,,,-$24.69,, $ 73.19 ,," $ 5,073.19 ",-0.48%,1.46%,,$12.00,$1.00,,,,FALSE,FALSE,TRUE,TRUE,TRUE,FALSE,B,Okay,Bad,Dont think I should have taken this. Didnt use the HTF swing. Failed channel pattern. Saw liquidity to the downside still.
,,14,LOSS,Forex, USDCHF ,,,, Strategy 1 ,,Short,,N.Y,14/05/2025 13:15,,Wednesday,14/05/2025 15:00,,"0 days, 1 hours, 45 minutes"," $ 5,073.19 ",,0.83767,0.8391,14.3,0.8324,52.7,0.8391,-14.3,3.69 R,0.13%,0.48%,,-$24.10,-0.48%,  ,,,,-$24.10,, $ 49.09 ,," $ 5,049.09 ",-0.48%,0.98%,,$13.00,$1.00,,,,FALSE,FALSE,TRUE,TRUE,TRUE,FALSE,B,Good,Bad,Dont think I should have taken this too. HTF looks weird. shouldnt have longed after movement into discount on HTF. Dont like how flat the PA before the OB was and the liquidity above it.
,,15,LOSS,Forex, GBPJPY ,,,, Strategy 1 ,,Short,,N.Y,16/05/2025 14:51,,Friday,16/05/2025 15:12,,"0 days, 0 hours, 21 minutes"," $ 5,049.09 ",,193.47,193.545,7.5,193.207,26.3,193.545,-7.5,3.51 R,0.14%,0.49%,,-$24.52,-0.49%,  ,,,,-$24.52,, $ 24.57 ,," $ 5,024.57 ",-0.49%,0.49%,,$14.00,$1.00,,,,FALSE,FALSE,FALSE,TRUE,TRUE,FALSE,C,Good,Bad,"MSS i thought was valid probably wasnt, should have broken lower lows before assuming continuation of bearish PA. "
,,16,LOSS,Forex, AUDCAD ,,,, Strategy 1 ,,Short,,N.Y,20/05/2025 17:24,,Tuesday,20/05/2025 21:02,,"0 days, 3 hours, 38 minutes"," $ 5,024.57 ",,0.89352,0.89435,8.3,0.89064,28.8,0.89435,-8.3,3.47 R,0.17%,0.61%,,-$30.48,-0.61%,  ,,,,-$30.48,, $ (5.91),," $ 4,994.09 ",-0.61%,-0.12%,,$15.00,$1.00,,,,FALSE,FALSE,TRUE,TRUE,TRUE,FALSE,B,Okay,Okay,"Not sure why I was tagged out for a bigger loss than I risked. I didnt see the trade get closed, maybe it was a brokeage thing? "
,,17,WIN,Forex, EURJPY ,,,, Strategy 1 ,,Long,,London,20/05/2025 06:00,,Tuesday,21/05/2025,,"0 days, 18 hours, 0 minutes"," $ 4,994.09 ",,162.508,162.256,25.2,163.391,88.3,162.76,25.2,3.5 R,0.19%,0.68%,,$33.86,0.68%,  ,,,,$33.86,, $ 27.95 ,," $ 5,027.95 ",0.68%,0.56%,,$16.00,$1.00,,,,FALSE,FALSE,FALSE,FALSE,FALSE,FALSE,,Bad,,Weird one - price choppy and I took partials out at 50% as i didnt want to leave risk on overnight but never got the money for it 
,,18,WIN,Forex, AUDCAD ,,,, Strategy 1 ,,Short,,N.Y,21/05/2025 15:00,,Wednesday,21/05/2025 18:15,,"0 days, 3 hours, 15 minutes"," $ 5,027.95 ",,0.8948,0.89538,5.8,0.89277,20.3,0.89277,20.3,3.5 R,0.29%,1.03%,,$51.88,1.03%,  ,,,,$51.88,, $ 79.83 ,," $ 5,079.83 ",1.03%,1.60%,,$17.00,$1.00,,,,TRUE,TRUE,TRUE,FALSE,TRUE,FALSE,A,Good,Good,Saw this trade late so risked less - nice move -
,,19,LOSS,Forex, GBPUSD ,,,, Strategy 1 ,,Short,,London,22/05/2025 14:30,,Thursday,22/05/2025 14:30,,"0 days, 0 hours, 0 minutes"," $ 5,079.83 ",,1.34226,1.34243,1.7,1.34051,17.5,1.34243,-1.7,10.29 R,0.03%,0.30%,,-$15.00,-0.30%,  ,,,,-$15.00,, $ 64.83 ,," $ 5,064.83 ",-0.30%,1.30%,,$18.00,$1.00,,,,FALSE,FALSE,TRUE,FALSE,FALSE,FALSE,C,Bad,Bad,Silly silly boy - FOMO - bad Seb - Revenge trade with lack of confluence - trying to make up for the other loss made today
,,20,LOSS,Forex, GBPUSD ,,,, Strategy 1 ,,Short,,London,22/05/2025 13:30,,Thursday,22/05/2025 15:45,,"0 days, 2 hours, 15 minutes"," $ 5,064.83 ",,1.34251,1.3435,9.9,1.33907,34.4,1.3435,-9.9,3.47 R,0.14%,0.49%,,-$24.63,-0.49%,  ,,,,-$24.63,, $ 40.20 ,," $ 5,040.20 ",-0.49%,0.80%,,$19.00,$1.00,,,,FALSE,FALSE,TRUE,FALSE,FALSE,FALSE,C,Good,Good,Was excpecting price to go lower as there were liquidity sweeps but the HTF trend was still bullish - lost a lot to this setup over 3 trades
,,21,LOSS,Forex, GBPUSD ,,,, Strategy 1 ,,Short,,Asia,22/05/2025 20:00,,Thursday,23/05/2025 02:00,,"0 days, 6 hours, 0 minutes"," $ 5,040.20 ",,1.34263,1.34382,11.9,1.34033,23,1.3482,-55.7,1.93 R,0.05%,0.10%,,-$5.00,-0.10%,  ,,,,-$5.00,, $ 35.20 ,," $ 5,035.20 ",-0.10%,0.70%,,$20.00,$1.00,,,,FALSE,FALSE,TRUE,TRUE,FALSE,FALSE,C,Okay,Okay,
,,22,WIN,Forex, GBPUSD ,,,, Strategy 1 ,,Short,,N.Y,27/05/2025 13:20,,Tuesday,27/05/2025 15:40,,"0 days, 2 hours, 20 minutes"," $ 5,035.20 ",,1.35581,1.35683,10.2,1.35216,36.5,1.35683,-10.2,3.58 R,0.48%,1.73%,,$87.00,1.73%,  ,,,,$87.00,, $ 122.20 ,," $ 5,122.20 ",1.73%,2.44%,,$21.00,$1.00,,,,TRUE,TRUE,TRUE,TRUE,TRUE,FALSE,A+,Good,Good,Perfect setup - emotional good too - classic textbook PA
,,23,LOSS,Forex, GBPUSD ,,,, Strategy 1 ,,Short,,N.Y,02/06/2025 15:03,,Monday,02/06/2025 15:06,,"0 days, 0 hours, 3 minutes"," $ 5,122.20 ",,1.35407,1.3547,6.3,1.35184,22.3,1.3547,-6.3,3.54 R,0.08%,0.30%,,-$15.41,-0.30%,  ,,,,-$15.41,, $ 106.79 ,," $ 5,106.79 ",-0.30%,2.14%,,$22.00,$1.00,,,,TRUE,TRUE,TRUE,TRUE,TRUE,TRUE,A+,Good,Good,Really liked the look of this setup - some news came out at 3 but I deemed it not major. Seen as though we did reverse to TP Id assume it was news manipulation. Did risk less though as a result of news
,,24,LOSS,Forex, GBPUSD ,,,, Strategy 1 ,,Short,,N.Y,02/06/2025 12:00,,Monday,02/06/2025 15:00,,"0 days, 3 hours, 0 minutes"," $ 5,106.79 ",,0.88839,0.88987,14.8,0.88316,52.3,0.88987,-14.8,3.53 R,0.14%,0.49%,,-$25.00,-0.49%,  ,,,,-$25.00,, $ 81.79 ,," $ 5,081.79 ",-0.49%,1.64%,,$23.00,$1.00,,,,FALSE,TRUE,TRUE,TRUE,TRUE,FALSE,A+,Good,Good,Nice setup on HTF - it took a while to see if my bias was right but i wasnt. still a high proba setup 
,,25,WIN,Forex, GBPUSD ,,,, Strategy 1 ,,Long,,London,05/06/2025 12:51,,Thursday,05/06/2025 13:30,,"0 days, 0 hours, 39 minutes"," $ 5,081.79 ",,1.35675,1.35626,4.9,1.35845,17,1.35845,17,3.47 R,0.57%,1.97%,,$100.00,1.97%,  ,,,,$100.00,, $ 181.79 ,," $ 5,181.79 ",1.97%,3.64%,,$24.00,$1.00,,,,TRUE,TRUE,TRUE,FALSE,TRUE,FALSE,A,Good,Good,Nice Setup - Was contemplating using .318 ext as it had htf allignment - would have worked well
,,26,LOSS,Forex, NZDUSD ,,,, Strategy 1 ,,Short,,London,06/06/2025 13:30,,Friday,06/06/2025 13:30,,"0 days, 0 hours, 0 minutes"," $ 5,181.79 ",,0.60381,0.60428,4.7,0.60212,16.9,0.60212,16.9,3.6 R,0.08%,0.29%,,-$15.00,-0.29%,  ,,,,-$15.00,, $ 166.79 ,," $ 5,166.79 ",-0.29%,3.34%,,$25.00,$1.00,,,,TRUE,TRUE,TRUE,FALSE,FALSE,TRUE,A-,Good,Good,Right bias and direction - just NFP and unemployment rate news wicked me out but risked less in prediction of this
,,27,LOSS,Forex, EURUSD ,,,, Strategy 1 ,,Long,,London,09/06/2025 11:00,,Monday,09/06/2025 11:36,,"0 days, 0 hours, 36 minutes"," $ 5,166.79 ",,1.14245,1.14204,4.1,1.14389,14.4,1.14204,-4.1,3.51 R,0.14%,0.42%,,-$25.00,-0.48%,  ,,,,-$25.00,, $ 141.79 ,," $ 5,141.79 ",-0.48%,2.84%,,$26.00,$1.00,,,,FALSE,TRUE,TRUE,FALSE,TRUE,FALSE,A+,Good,Good,Decent quality setup - confluences there - no reason to believe price would reverse here - should have spent more time analysing HTF
,,28,LOSS,Forex, GBPNZD ,,,, Strategy 1 ,,Short,,London,11/06/2025 12:30,,Wednesday,11/06/2025 16:00,,"0 days, 3 hours, 30 minutes"," $ 5,141.79 ",,2.23857,2.24168,31.1,2.22763,109.4,2.24168,-31.1,3.52 R,0.08%,0.29%,,-$15.00,-0.29%,  ,,,,-$15.00,, $ 126.79 ,," $ 5,126.79 ",-0.29%,2.54%,,$27.00,$1.00,,,,FALSE,TRUE,TRUE,TRUE,FALSE,TRUE,A,Good,Good,Was nice move yet manipulation was out due to CPI data and news 
,,29,LOSS,Forex, GBPNZD ,,,, Strategy 1 ,,Short,,N.Y,11/06/2025 15:00,,Wednesday,11/06/2025 15:50,,"0 days, 0 hours, 50 minutes"," $ 5,126.79 ",,2.23786,2.24,21.4,2.21751,203.5,2.24,-21.4,9.51 R,0.03%,0.29%,,-$14.83,-0.29%,  ,,,,-$14.83,, $ 111.96 ,," $ 5,111.96 ",-0.29%,2.24%,,$28.00,$1.00,,,,FALSE,TRUE,TRUE,FALSE,TRUE,TRUE,A,Good,Okay,Was the scale in on the move above 
,,30,LOSS,Forex, NZDUSD ,,,, Strategy 1 ,,Short,,London,12/06/2025 09:45,,Thursday,12/06/2025 10:00,,"0 days, 0 hours, 15 minutes"," $ 5,111.96 ",,0.60315,0.6039,7.5,0.60056,25.9,0.6039,-7.5,3.45 R,0.11%,0.38%,,-$19.50,-0.38%,  ,,,,-$19.50,, $ 92.46 ,," $ 5,092.46 ",-0.38%,1.85%,,$29.00,$1.00,,,,FALSE,FALSE,TRUE,TRUE,TRUE,FALSE,B,Okay,Okay,Didnt spend enough time - rushed it - HTF was consoildating and sideways 
,,31,LOSS,Forex, NZDCAD ,,,, Strategy 1 ,,Long,,N.Y,18/06/2025 22:00,,Wednesday,19/06/2025 03:00,,"0 days, 5 hours, 0 minutes"," $ 5,092.46 ",,0.82341,0.82223,11.8,0.82749,40.8,0.82223,-11.8,3.46 R,0.08%,0.34%,,-$14.50,-0.28%,  ,,,,-$14.50,, $ 77.96 ,," $ 5,077.96 ",-0.28%,1.56%,,$30.00,$1.00,,,,FALSE,TRUE,FALSE,FALSE,TRUE,FALSE,B,Good,Good,
,,32,LOSS,Forex, GBPNZD ,,,, Strategy 1 ,,Short,,London,20/06/2025,,Friday,20/06/2025,,"0 days, 0 hours, 0 minutes"," $ 5,077.96 ",,2.24773,2.24868,9.5,2.24435,33.8,2.24435,33.8,3.56 R,0.08%,0.29%,,-$14.50,-0.29%,  ,,,,-$14.50,, $ 63.46 ,," $ 5,063.46 ",-0.29%,1.27%,,$31.00,$1.00,,,,FALSE,FALSE,TRUE,TRUE,FALSE,FALSE,C,Good,Okay,HTF not clear. Nice BOS though. Thought price would move into HTF discount but diddnt. respescted the rally base rally.
,,33,WIN,Forex, NZDUSD ,,,, Strategy 1 ,,Long,,N.Y,26/06/2025 12:20,,Thursday,26/06/2025 13:20,,"0 days, 1 hours, 0 minutes"," $ 5,063.46 ",,0.60512,0.6045,6.2,0.6073,21.8,0.6073,21.8,3.52 R,0.26%,0.91%,,$46.20,0.91%,  ,,,,$46.20,, $ 109.66 ,," $ 5,109.66 ",0.91%,2.19%,,$32.00,$1.00,,,,TRUE,TRUE,TRUE,TRUE,TRUE,TRUE,A+,Good,Good,
,,34,LOSS,Forex, AUDCAD ,,,, Strategy 1 ,,Short,,N.Y,27/06/2025 16:45,,Friday,27/06/2025 17:09,,"0 days, 0 hours, 24 minutes"," $ 5,109.66 ",,0.89254,0.89313,5.9,0.8905,20.4,0.89313,-5.9,3.46 R,0.11%,0.39%,,-$20.00,-0.39%,  ,,,,-$20.00,, $ 89.66 ,," $ 5,089.66 ",-0.39%,1.79%,,$33.00,$1.00,,,,FALSE,TRUE,TRUE,FALSE,TRUE,FALSE,A,Good,Good,"Signal on phone messed up so opened 3 trades - manage to close one at entry, one of them closed at 5 dollar loss"
,,35,LOSS,Forex, GBPAUD ,,,, Strategy 1 ,,Short,,London,02/07/2025 12:33,,Wednesday,02/07/2025 12:51,,"0 days, 0 hours, 18 minutes"," $ 5,089.66 ",,2.08792,2.08865,7.3,2.08538,25.4,2.08865,-7.3,3.48 R,0.08%,0.29%,,-$15.00,-0.29%,  ,,,,-$15.00,, $ 74.66 ,," $ 5,074.66 ",-0.29%,1.49%,,$34.00,$1.00,,,,TRUE,TRUE,FALSE,FALSE,FALSE,TRUE,C,Good,Okay,Wicked out - annoying as would have been gorg move but oh well. Low quality setup but just liked the look of it.
,,36,LOSS,Forex, EURJPY ,,,, Strategy 1 ,,Short,,London,01/07/2025 20:30,,Tuesday,02/07/2025 10:30,,"0 days, 14 hours, 0 minutes"," $ 5,074.66 ",,169.439,169.714,27.5,168.013,142.6,169.714,-27.5,5.19 R,0.09%,0.49%,,-$25.00,-0.49%,  ,,,,-$25.00,, $ 49.66 ,," $ 5,049.66 ",-0.49%,0.99%,,$35.00,$1.00,,,,FALSE,TRUE,TRUE,TRUE,TRUE,FALSE,A,Good,Good,I dont think this was a bad setup - It  had a MSS with liq grabs and potenital to move back into some HTF discount
,,37,LOSS,Forex, EURNZD ,,,, Strategy 1 ,,Short,,London,07/07/2025 09:50,,Monday,07/07/2025 10:00,,"0 days, 0 hours, 10 minutes"," $ 5,049.66 ",,1.95669,1.95748,7.9,1.95387,28.2,1.95748,-7.9,3.57 R,0.14%,0.50%,,-$25.00,-0.50%,  ,,,,-$25.00,, $ 24.66 ,," $ 5,024.66 ",-0.50%,0.49%,,$36.00,$1.00,,,,TRUE,TRUE,TRUE,TRUE,FALSE,FALSE,A-,Good,Good,Nice setup - saw the reversal and price was far from discount - just got wicked - thats my strategy
,,38,WIN,Forex, EURUSD ,,,, Strategy 1 ,,Short,,London,08/07/2025 08:30,,Tuesday,08/07/2025 15:20,,"0 days, 6 hours, 50 minutes"," $ 5,024.66 ",,1.17589,1.17797,20.8,1.16862,72.7,1.16862,72.7,3.5 R,0.42%,1.47%,,$74.00,1.47%,  ,,,,$74.00,, $ 98.66 ,," $ 5,098.66 ",1.47%,1.97%,,$37.00,$1.00,,,,TRUE,TRUE,TRUE,TRUE,TRUE,FALSE,A+,Good,Good,Great move 
,,39,WIN,Forex, GBPJPY ,,,, Strategy 1 ,,Short,,London,10/07/2025 07:00,,Thursday,11/07/2025 01:00,,"0 days, 18 hours, 0 minutes"," $ 5,098.66 ",,199.183,199.35,16.7,198.373,81,198.373,81,4.85 R,0.30%,1.47%,,$74.73,1.47%,  ,,,,$74.73,, $ 173.39 ,," $ 5,173.39 ",1.47%,3.47%,,$38.00,$1.00,,,,TRUE,TRUE,TRUE,TRUE,TRUE,FALSE,A,Good,Good,Missed inital entry as was asleep
,,40,LOSS,Commodities, XAUUSD ,,,, Strategy 1 ,,Short,,N.Y,10/07/2025 20:00,,Thursday,11/07/2025 01:00,,"0 days, 5 hours, 0 minutes"," $ 5,173.39 ",,3323.63,3327.54,391,3310.06,1357,3327.54,-391,3.47 R,0.14%,0.48%,,-$25.00,-0.48%,  ,,,,-$25.00,, $ 148.39 ,," $ 5,148.39 ",-0.48%,2.97%,,$39.00,$1.00,,,,FALSE,FALSE,TRUE,TRUE,FALSE,FALSE,C,Good,Good,"SThink this was a bit rushed. Nice idea of BOS and a MSS, yet was neglecting the HTF. Was counter trend on HTF."
,,41,LOSS,Forex, GBPJPY ,,,, Strategy 1 ,,Long,,London,11/07/2025 12:30,,Friday,11/07/2025 13:15,,"0 days, 0 hours, 45 minutes"," $ 5,148.39 ",,198.56,198.393,16.7,199.439,87.9,198.393,-16.7,5.26 R,0.07%,0.00%,,-$20.00,-0.39%,  ,,,,-$20.00,, $ 128.39 ,," $ 5,128.39 ",-0.39%,2.57%,,$40.00,$1.00,,,,TRUE,TRUE,TRUE,TRUE,TRUE,FALSE,A+,Good,Good,"Was a nice entry, would have been nice RR too. Got wicked out, price usually doesnt go that low,"
,,42,LOSS,Forex, EURNZD ,,,, Strategy 1 ,,Long,,N.Y,16/07/2025 12:45,,Wednesday,16/07/2025 13:30,,"0 days, 0 hours, 45 minutes"," $ 5,128.39 ",,1.95315,1.95,31.5,1.95704,38.9,1.95,-31.5,1.23 R,0.96%,0.60%,,-$60.43,-1.18%,  ,,,,-$60.43,, $ 67.96 ,," $ 5,067.96 ",-1.18%,1.36%,,$41.00,$1.00,,,,TRUE,TRUE,TRUE,FALSE,TRUE,TRUE,A,Good,Bad,"Bias right - just didnt check that PPI was released and caused the spike in volatility. Onlyt risked 25 dol too, yet due to spreads it wicked me out for much more. Annoying."
,,43,LOSS,Forex, CADJPY ,,,, Strategy 1 ,,Short,,N.Y,17/07/2025 13:30,,Thursday,17/07/2025 13:30,,"0 days, 0 hours, 0 minutes"," $ 5,067.96 ",,108.166,108.239,7.3,107.943,22.3,108.239,-7.3,3.05 R,0.16%,0.49%,,-$25.00,-0.49%,  ,,,,-$25.00,, $ 42.96 ,," $ 5,042.96 ",-0.49%,0.86%,,$42.00,$1.00,,,,TRUE,TRUE,TRUE,TRUE,TRUE,TRUE,A,Good,Okay,Wicked out due to news again. bias right
,,44,LOSS,Forex, USDJPY ,,,, Strategy 1 ,,Short,,London,25/07/2025 10:00,,Friday,28/07/2025 18:00,,"3 days, 8 hours, 0 minutes"," $ 5,042.96 ",,0.79659,0.7977,0.111,0.79091,0.568,0.7977,-0.111,5.12 R,0.07%,0.36%,,-$18.26,-0.36%,  ,,,,-$18.26,, $ 24.70 ,," $ 5,024.70 ",-0.36%,0.49%,,$43.00,$1.00,,,,FALSE,TRUE,TRUE,TRUE,FALSE,FALSE,A,Good,Good,Strong dollar wrecked it - nice setup - HTF was looking like it would continue lower
,,45,LOSS,Forex, NZDUSD ,,,, Strategy 1 ,,Long,,London,28/07/2025 06:00,,Monday,30/07/2025 10:00,,"2 days, 4 hours, 0 minutes"," $ 5,024.70 ",,0.59707,0.59405,30.2,0.60584,87.7,0.59405,-30.2,2.9 R,0.14%,0.68%,,-$21.00,-0.42%,  ,,,,-$21.00,, $ 3.70 ,," $ 5,003.70 ",-0.42%,0.07%,,$44.00,$1.00,,,,FALSE,TRUE,TRUE,TRUE,FALSE,FALSE,A,Good,Good,Strong dollar  - was a nice setup - alligned with HTF
,,46,LOSS,Forex, CHFJPY ,,,, Strategy 1 ,,Long,,London,07/08/2025 07:30,,Thursday,07/08/2025 07:45,,"0 days, 0 hours, 15 minutes"," $ 5,003.70 ",,182.76,182.59,17,183.267,50.7,182.59,-17,2.98 R,0.17%,0.00%,,-$25.00,-0.50%,  ,,,,-$25.00,, $ (21.30),," $ 4,978.70 ",-0.50%,-0.43%,,$45.00,$1.00,,,,FALSE,TRUE,TRUE,TRUE,FALSE,FALSE,A-,Good,Good,
,,47,LOSS,Forex, GBPJPY ,,,, Strategy 1 ,,Short,,London,08/08/2025 10:00,,Friday,12/08/2025,,"3 days, 14 hours, 0 minutes"," $ 4,978.70 ",,198.42,199.55,113,195.037,338.3,199.55,-113,2.99 R,0.17%,0.50%,,-$25.00,-0.50%,  ,,,,-$25.00,, $ (46.30),," $ 4,953.70 ",-0.50%,-0.93%,,$46.00,$1.00,,,,FALSE,TRUE,TRUE,TRUE,TRUE,FALSE,A+,Good,Good,
,,48,WIN,Forex, EURUSD ,,,, Strategy 1 ,,Long,,N.Y,14/08/2025 18:36,,Thursday,14/08/2025 20:30,,"0 days, 1 hours, 54 minutes"," $ 4,953.70 ",,1.16343,1.16305,3.8,1.16475,13.2,1.16475,13.2,3.47 R,0.51%,1.78%,,$88.40,1.78%,  ,,,,$88.40,, $ 42.10 ,," $ 5,042.10 ",1.78%,0.84%,,$47.00,$1.00,,,,TRUE,TRUE,TRUE,TRUE,TRUE,FALSE,A+,Good,Good,
,,49,LOSS,Forex, AUDUSD ,,,, Strategy 1 ,,Long,,N.Y,15/08/2025 13:30,,Friday,15/08/2025 13:30,,"0 days, 0 hours, 0 minutes"," $ 5,042.10 ",,0.65083,0.65051,3.2,0.65159,7.6,0.65051,-3.2,2.38 R,0.07%,0.27%,,-$8.90,-0.18%,  ,,,,-$8.90,, $ 33.20 ,," $ 5,033.20 ",-0.18%,0.66%,,$48.00,$1.00,,,,TRUE,TRUE,TRUE,TRUE,FALSE,TRUE,A,Good,Good,Account got cancelled as as result of news trading
,,50,,,,,,,,,,,,,,,,,,  ,,,,,,,,,,,,,,,  ,,,,,,  ,,  ,,,,,,,,,FALSE,FALSE,FALSE,FALSE,FALSE,FALSE,,,,
,,51,,,,,,,,,,,,,,,,,,  ,,,,,,,,,,,,,,,  ,,,,,,  ,,  ,,,,,,,,,FALSE,FALSE,FALSE,FALSE,FALSE,FALSE,,,,
,,52,,,,,,,,,,,,,,,,,,  ,,,,,,,,,,,,,,,  ,,,,,,  ,,  ,,,,,,,,,FALSE,FALSE,FALSE,FALSE,FALSE,FALSE,,,,
,,53,,,,,,,,,,,,,,,,,,  ,,,,,,,,,,,,,,,  ,,,,,,  ,,  ,,,,,,,,,FALSE,FALSE,FALSE,FALSE,FALSE,FALSE,,,,
,,54,,,,,,,,,,,,,,,,,,  ,,,,,,,,,,,,,,,  ,,,,,,  ,,  ,,,,,,,,,FALSE,FALSE,FALSE,FALSE,FALSE,FALSE,,,,
,,55,,,,,,,,,,,,,,,,,,  ,,,,,,,,,,,,,,,  ,,,,,,  ,,  ,,,,,,,,,FALSE,FALSE,FALSE,FALSE,FALSE,FALSE,,,,
,,56,,,,,,,,,,,,,,,,,,  ,,,,,,,,,,,,,,,  ,,,,,,  ,,  ,,,,,,,,,FALSE,FALSE,FALSE,FALSE,FALSE,FALSE,,,,
,,57,,,,,,,,,,,,,,,,,,  ,,,,,,,,,,,,,,,  ,,,,,,  ,,  ,,,,,,,,,FALSE,FALSE,FALSE,FALSE,FALSE,FALSE,,,,
,,58,,,,,,,,,,,,,,,,,,  ,,,,,,,,,,,,,,,  ,,,,,,  ,,  ,,,,,,,,,FALSE,FALSE,FALSE,FALSE,FALSE,FALSE,,,,
,,59,,,,,,,,,,,,,,,,,,  ,,,,,,,,,,,,,,,  ,,,,,,  ,,  ,,,,,,,,,FALSE,FALSE,FALSE,FALSE,FALSE,FALSE,,,,
,,60,,,,,,,,,,,,,,,,,,  ,,,,,,,,,,,,,,,  ,,,,,,  ,,  ,,,,,,,,,FALSE,FALSE,FALSE,FALSE,FALSE,FALSE,,,,
,,61,,,,,,,,,,,,,,,,,,  ,,,,,,,,,,,,,,,  ,,,,,,  ,,  ,,,,,,,,,FALSE,FALSE,FALSE,FALSE,FALSE,FALSE,,,,
,,62,,,,,,,,,,,,,,,,,,  ,,,,,,,,,,,,,,,  ,,,,,,  ,,  ,,,,,,,,,FALSE,FALSE,FALSE,FALSE,FALSE,FALSE,,,,
,,63,,,,,,,,,,,,,,,,,,  ,,,,,,,,,,,,,,,  ,,,,,,  ,,  ,,,,,,,,,FALSE,FALSE,FALSE,FALSE,FALSE,FALSE,,,,
,,64,,,,,,,,,,,,,,,,,,  ,,,,,,,,,,,,,,,  ,,,,,,  ,,  ,,,,,,,,,FALSE,FALSE,FALSE,FALSE,FALSE,FALSE,,,,
,,65,,,,,,,,,,,,,,,,,,  ,,,,,,,,,,,,,,,  ,,,,,,  ,,  ,,,,,,,,,FALSE,FALSE,FALSE,FALSE,FALSE,FALSE,,,,
,,66,,,,,,,,,,,,,,,,,,  ,,,,,,,,,,,,,,,  ,,,,,,  ,,  ,,,,,,,,,FALSE,FALSE,FALSE,FALSE,FALSE,FALSE,,,,
,,67,,,,,,,,,,,,,,,,,,  ,,,,,,,,,,,,,,,  ,,,,,,  ,,  ,,,,,,,,,FALSE,FALSE,FALSE,FALSE,FALSE,FALSE,,,,
,,68,,,,,,,,,,,,,,,,,,  ,,,,,,,,,,,,,,,  ,,,,,,  ,,  ,,,,,,,,,FALSE,FALSE,FALSE,FALSE,FALSE,FALSE,,,,
,,69,,,,,,,,,,,,,,,,,,  ,,,,,,,,,,,,,,,  ,,,,,,  ,,  ,,,,,,,,,FALSE,FALSE,FALSE,FALSE,FALSE,FALSE,,,,
,,70,,,,,,,,,,,,,,,,,,  ,,,,,,,,,,,,,,,  ,,,,,,  ,,  ,,,,,,,,,FALSE,FALSE,FALSE,FALSE,FALSE,FALSE,,,,
,,71,,,,,,,,,,,,,,,,,,  ,,,,,,,,,,,,,,,  ,,,,,,  ,,  ,,,,,,,,,FALSE,FALSE,FALSE,FALSE,FALSE,FALSE,,,,
,,72,,,,,,,,,,,,,,,,,,  ,,,,,,,,,,,,,,,  ,,,,,,  ,,  ,,,,,,,,,FALSE,FALSE,FALSE,FALSE,FALSE,FALSE,,,,
,,73,,,,,,,,,,,,,,,,,,  ,,,,,,,,,,,,,,,  ,,,,,,  ,,  ,,,,,,,,,FALSE,FALSE,FALSE,FALSE,FALSE,FALSE,,,,
,,74,,,,,,,,,,,,,,,,,,  ,,,,,,,,,,,,,,,  ,,,,,,  ,,  ,,,,,,,,,FALSE,FALSE,FALSE,FALSE,FALSE,FALSE,,,,
,,75,,,,,,,,,,,,,,,,,,  ,,,,,,,,,,,,,,,  ,,,,,,  ,,  ,,,,,,,,,FALSE,FALSE,FALSE,FALSE,FALSE,FALSE,,,,
,,76,,,,,,,,,,,,,,,,,,  ,,,,,,,,,,,,,,,  ,,,,,,  ,,  ,,,,,,,,,FALSE,FALSE,FALSE,FALSE,FALSE,FALSE,,,,
,,77,,,,,,,,,,,,,,,,,,  ,,,,,,,,,,,,,,,  ,,,,,,  ,,  ,,,,,,,,,FALSE,FALSE,FALSE,FALSE,FALSE,FALSE,,,,
,,78,,,,,,,,,,,,,,,,,,  ,,,,,,,,,,,,,,,  ,,,,,,  ,,  ,,,,,,,,,FALSE,FALSE,FALSE,FALSE,FALSE,FALSE,,,,
,,79,,,,,,,,,,,,,,,,,,  ,,,,,,,,,,,,,,,  ,,,,,,  ,,  ,,,,,,,,,FALSE,FALSE,FALSE,FALSE,FALSE,FALSE,,,,
,,80,,,,,,,,,,,,,,,,,,  ,,,,,,,,,,,,,,,  ,,,,,,  ,,  ,,,,,,,,,FALSE,FALSE,FALSE,FALSE,FALSE,FALSE,,,,
,,81,,,,,,,,,,,,,,,,,,  ,,,,,,,,,,,,,,,  ,,,,,,  ,,  ,,,,,,,,,FALSE,FALSE,FALSE,FALSE,FALSE,FALSE,,,,
,,82,,,,,,,,,,,,,,,,,,  ,,,,,,,,,,,,,,,  ,,,,,,  ,,  ,,,,,,,,,FALSE,FALSE,FALSE,FALSE,FALSE,FALSE,,,,
,,83,,,,,,,,,,,,,,,,,,  ,,,,,,,,,,,,,,,  ,,,,,,  ,,  ,,,,,,,,,FALSE,FALSE,FALSE,FALSE,FALSE,FALSE,,,,
,,84,,,,,,,,,,,,,,,,,,  ,,,,,,,,,,,,,,,  ,,,,,,  ,,  ,,,,,,,,,FALSE,FALSE,FALSE,FALSE,FALSE,FALSE,,,,
,,85,,,,,,,,,,,,,,,,,,  ,,,,,,,,,,,,,,,  ,,,,,,  ,,  ,,,,,,,,,FALSE,FALSE,FALSE,FALSE,FALSE,FALSE,,,,
,,86,,,,,,,,,,,,,,,,,,  ,,,,,,,,,,,,,,,  ,,,,,,  ,,  ,,,,,,,,,FALSE,FALSE,FALSE,FALSE,FALSE,FALSE,,,,
,,87,,,,,,,,,,,,,,,,,,  ,,,,,,,,,,,,,,,  ,,,,,,  ,,  ,,,,,,,,,FALSE,FALSE,FALSE,FALSE,FALSE,FALSE,,,,
,,88,,,,,,,,,,,,,,,,,,  ,,,,,,,,,,,,,,,  ,,,,,,  ,,  ,,,,,,,,,FALSE,FALSE,FALSE,FALSE,FALSE,FALSE,,,,
,,89,,,,,,,,,,,,,,,,,,  ,,,,,,,,,,,,,,,  ,,,,,,  ,,  ,,,,,,,,,FALSE,FALSE,FALSE,FALSE,FALSE,FALSE,,,,
,,90,,,,,,,,,,,,,,,,,,  ,,,,,,,,,,,,,,,  ,,,,,,  ,,  ,,,,,,,,,FALSE,FALSE,FALSE,FALSE,FALSE,FALSE,,,,
,,91,,,,,,,,,,,,,,,,,,  ,,,,,,,,,,,,,,,  ,,,,,,  ,,  ,,,,,,,,,FALSE,FALSE,FALSE,FALSE,FALSE,FALSE,,,,
,,92,,,,,,,,,,,,,,,,,,  ,,,,,,,,,,,,,,,  ,,,,,,  ,,  ,,,,,,,,,FALSE,FALSE,FALSE,FALSE,FALSE,FALSE,,,,
,,93,,,,,,,,,,,,,,,,,,  ,,,,,,,,,,,,,,,  ,,,,,,  ,,  ,,,,,,,,,FALSE,FALSE,FALSE,FALSE,FALSE,FALSE,,,,
,,94,,,,,,,,,,,,,,,,,,  ,,,,,,,,,,,,,,,  ,,,,,,  ,,  ,,,,,,,,,FALSE,FALSE,FALSE,FALSE,FALSE,FALSE,,,,
,,95,,,,,,,,,,,,,,,,,,  ,,,,,,,,,,,,,,,  ,,,,,,  ,,  ,,,,,,,,,FALSE,FALSE,FALSE,FALSE,FALSE,,,,,
,,96,,,,,,,,,,,,,,,,,,  ,,,,,,,,,,,,,,,  ,,,,,,  ,,  ,,,,,,,,,FALSE,FALSE,FALSE,FALSE,FALSE,,,,,
,,97,,,,,,,,,,,,,,,,,,  ,,,,,,,,,,,,,,,  ,,,,,,  ,,  ,,,,,,,,,FALSE,FALSE,FALSE,FALSE,FALSE,,,,,
,,98,,,,,,,,,,,,,,,,,,  ,,,,,,,,,,,,,,,  ,,,,,,  ,,  ,,,,,,,,,FALSE,FALSE,FALSE,FALSE,FALSE,,,,,
,,99,,,,,,,,,,,,,,,,,,  ,,,,,,,,,,,,,,,  ,,,,,,  ,,  ,,,,,,,,,FALSE,FALSE,FALSE,FALSE,FALSE,,,,,
,,100,,,,,,,,,,,,,,,,,,  ,,,,,,,,,,,,,,,  ,,,,,,  ,,  ,,,,,,,,,FALSE,FALSE,FALSE,FALSE,FALSE,,,,,
,,101,,,,,,,,,,,,,,,,,,  ,,,,,,,,,,,,,,,  ,,,,,,  ,,  ,,,,,,,,,FALSE,FALSE,FALSE,FALSE,FALSE,,,,,
,,102,,,,,,,,,,,,,,,,,,  ,,,,,,,,,,,,,,,  ,,,,,,  ,,  ,,,,,,,,,FALSE,FALSE,FALSE,FALSE,FALSE,,,,,
,,103,,,,,,,,,,,,,,,,,,  ,,,,,,,,,,,,,,,  ,,,,,,  ,,  ,,,,,,,,,FALSE,FALSE,FALSE,FALSE,FALSE,,,,,
,,104,,,,,,,,,,,,,,,,,,  ,,,,,,,,,,,,,,,  ,,,,,,  ,,  ,,,,,,,,,FALSE,FALSE,FALSE,FALSE,FALSE,,,,,
,,105,,,,,,,,,,,,,,,,,,  ,,,,,,,,,,,,,,,  ,,,,,,  ,,  ,,,,,,,,,FALSE,FALSE,FALSE,FALSE,FALSE,,,,,
,,106,,,,,,,,,,,,,,,,,,  ,,,,,,,,,,,,,,,  ,,,,,,  ,,  ,,,,,,,,,FALSE,FALSE,FALSE,FALSE,FALSE,,,,,
,,107,,,,,,,,,,,,,,,,,,  ,,,,,,,,,,,,,,,  ,,,,,,  ,,  ,,,,,,,,,FALSE,FALSE,FALSE,FALSE,FALSE,,,,,
,,108,,,,,,,,,,,,,,,,,,  ,,,,,,,,,,,,,,,  ,,,,,,  ,,  ,,,,,,,,,FALSE,FALSE,FALSE,FALSE,FALSE,,,,,
,,109,,,,,,,,,,,,,,,,,,  ,,,,,,,,,,,,,,,  ,,,,,,  ,,  ,,,,,,,,,FALSE,FALSE,FALSE,FALSE,FALSE,,,,,
,,110,,,,,,,,,,,,,,,,,,  ,,,,,,,,,,,,,,,  ,,,,,,  ,,  ,,,,,,,,,FALSE,FALSE,FALSE,FALSE,FALSE,,,,,
,,111,,,,,,,,,,,,,,,,,,  ,,,,,,,,,,,,,,,  ,,,,,,  ,,  ,,,,,,,,,FALSE,FALSE,FALSE,FALSE,FALSE,,,,,
,,112,,,,,,,,,,,,,,,,,,  ,,,,,,,,,,,,,,,  ,,,,,,  ,,  ,,,,,,,,,FALSE,FALSE,FALSE,FALSE,FALSE,,,,,
,,113,,,,,,,,,,,,,,,,,,  ,,,,,,,,,,,,,,,  ,,,,,,  ,,  ,,,,,,,,,FALSE,FALSE,FALSE,FALSE,FALSE,,,,,
,,114,,,,,,,,,,,,,,,,,,  ,,,,,,,,,,,,,,,  ,,,,,,  ,,  ,,,,,,,,,FALSE,FALSE,FALSE,FALSE,FALSE,,,,,
,,115,,,,,,,,,,,,,,,,,,  ,,,,,,,,,,,,,,,  ,,,,,,  ,,  ,,,,,,,,,FALSE,FALSE,FALSE,FALSE,FALSE,,,,,
,,116,,,,,,,,,,,,,,,,,,  ,,,,,,,,,,,,,,,  ,,,,,,  ,,  ,,,,,,,,,FALSE,FALSE,FALSE,FALSE,FALSE,,,,,
,,117,,,,,,,,,,,,,,,,,,  ,,,,,,,,,,,,,,,  ,,,,,,  ,,  ,,,,,,,,,FALSE,FALSE,FALSE,FALSE,FALSE,,,,,
,,118,,,,,,,,,,,,,,,,,,  ,,,,,,,,,,,,,,,  ,,,,,,  ,,  ,,,,,,,,,FALSE,FALSE,FALSE,FALSE,FALSE,,,,,
,,119,,,,,,,,,,,,,,,,,,  ,,,,,,,,,,,,,,,  ,,,,,,  ,,  ,,,,,,,,,FALSE,FALSE,FALSE,FALSE,FALSE,,,,,
,,120,,,,,,,,,,,,,,,,,,  ,,,,,,,,,,,,,,,  ,,,,,,  ,,  ,,,,,,,,,FALSE,FALSE,FALSE,FALSE,FALSE,,,,,
,,121,,,,,,,,,,,,,,,,,,  ,,,,,,,,,,,,,,,  ,,,,,,  ,,  ,,,,,,,,,FALSE,FALSE,FALSE,FALSE,FALSE,,,,,
,,122,,,,,,,,,,,,,,,,,,  ,,,,,,,,,,,,,,,  ,,,,,,  ,,  ,,,,,,,,,FALSE,FALSE,FALSE,FALSE,FALSE,,,,,
,,123,,,,,,,,,,,,,,,,,,  ,,,,,,,,,,,,,,,  ,,,,,,  ,,  ,,,,,,,,,FALSE,FALSE,FALSE,FALSE,FALSE,,,,,
,,124,,,,,,,,,,,,,,,,,,  ,,,,,,,,,,,,,,,  ,,,,,,  ,,  ,,,,,,,,,FALSE,FALSE,FALSE,FALSE,FALSE,,,,,
,,125,,,,,,,,,,,,,,,,,,  ,,,,,,,,,,,,,,,  ,,,,,,  ,,  ,,,,,,,,,,,,,,,,,,
,,126,,,,,,,,,,,,,,,,,,  ,,,,,,,,,,,,,,,  ,,,,,,  ,,  ,,,,,,,,,,,,,,,,,,
,,127,,,,,,,,,,,,,,,,,,  ,,,,,,,,,,,,,,,  ,,,,,,  ,,  ,,,,,,,,,,,,,,,,,,
,,128,,,,,,,,,,,,,,,,,,  ,,,,,,,,,,,,,,,  ,,,,,,  ,,  ,,,,,,,,,,,,,,,,,,
,,129,,,,,,,,,,,,,,,,,,  ,,,,,,,,,,,,,,,  ,,,,,,  ,,  ,,,,,,,,,,,,,,,,,,
,,130,,,,,,,,,,,,,,,,,,  ,,,,,,,,,,,,,,,  ,,,,,,  ,,  ,,,,,,,,,,,,,,,,,,
,,131,,,,,,,,,,,,,,,,,,  ,,,,,,,,,,,,,,,  ,,,,,,  ,,  ,,,,,,,,,,,,,,,,,,
,,132,,,,,,,,,,,,,,,,,,  ,,,,,,,,,,,,,,,  ,,,,,,  ,,  ,,,,,,,,,,,,,,,,,,
,,133,,,,,,,,,,,,,,,,,,  ,,,,,,,,,,,,,,,  ,,,,,,  ,,  ,,,,,,,,,,,,,,,,,,
,,134,,,,,,,,,,,,,,,,,,  ,,,,,,,,,,,,,,,  ,,,,,,  ,,  ,,,,,,,,,,,,,,,,,,
,,135,,,,,,,,,,,,,,,,,,  ,,,,,,,,,,,,,,,  ,,,,,,  ,,  ,,,,,,,,,,,,,,,,,,
,,136,,,,,,,,,,,,,,,,,,  ,,,,,,,,,,,,,,,  ,,,,,,  ,,  ,,,,,,,,,,,,,,,,,,
,,137,,,,,,,,,,,,,,,,,,  ,,,,,,,,,,,,,,,  ,,,,,,  ,,  ,,,,,,,,,,,,,,,,,,
,,138,,,,,,,,,,,,,,,,,,  ,,,,,,,,,,,,,,,  ,,,,,,  ,,  ,,,,,,,,,,,,,,,,,,
,,139,,,,,,,,,,,,,,,,,,  ,,,,,,,,,,,,,,,  ,,,,,,  ,,  ,,,,,,,,,,,,,,,,,,
,,140,,,,,,,,,,,,,,,,,,  ,,,,,,,,,,,,,,,  ,,,,,,  ,,  ,,,,,,,,,,,,,,,,,,
,,141,,,,,,,,,,,,,,,,,,  ,,,,,,,,,,,,,,,  ,,,,,,  ,,  ,,,,,,,,,,,,,,,,,,
,,142,,,,,,,,,,,,,,,,,,  ,,,,,,,,,,,,,,,  ,,,,,,  ,,  ,,,,,,,,,,,,,,,,,,
,,143,,,,,,,,,,,,,,,,,,  ,,,,,,,,,,,,,,,  ,,,,,,  ,,  ,,,,,,,,,,,,,,,,,,
,,144,,,,,,,,,,,,,,,,,,  ,,,,,,,,,,,,,,,  ,,,,,,  ,,  ,,,,,,,,,,,,,,,,,,
,,145,,,,,,,,,,,,,,,,,,  ,,,,,,,,,,,,,,,  ,,,,,,  ,,  ,,,,,,,,,,,,,,,,,,
,,146,,,,,,,,,,,,,,,,,,  ,,,,,,,,,,,,,,,  ,,,,,,  ,,  ,,,,,,,,,,,,,,,,,,
,,147,,,,,,,,,,,,,,,,,,  ,,,,,,,,,,,,,,,  ,,,,,,  ,,  ,,,,,,,,,,,,,,,,,,
,,148,,,,,,,,,,,,,,,,,,  ,,,,,,,,,,,,,,,  ,,,,,,  ,,  ,,,,,,,,,,,,,,,,,,
,,149,,,,,,,,,,,,,,,,,,  ,,,,,,,,,,,,,,,  ,,,,,,  ,,  ,,,,,,,,,,,,,,,,,,
,,150,,,,,,,,,,,,,,,,,,  ,,,,,,,,,,,,,,,  ,,,,,,  ,,  ,,,,,,,,,,,,,,,,,,
,,151,,,,,,,,,,,,,,,,,,  ,,,,,,,,,,,,,,,  ,,,,,,  ,,  ,,,,,,,,,,,,,,,,,,
,,152,,,,,,,,,,,,,,,,,,  ,,,,,,,,,,,,,,,  ,,,,,,  ,,  ,,,,,,,,,,,,,,,,,,
,,153,,,,,,,,,,,,,,,,,,  ,,,,,,,,,,,,,,,  ,,,,,,  ,,  ,,,,,,,,,,,,,,,,,,
,,154,,,,,,,,,,,,,,,,,,  ,,,,,,,,,,,,,,,  ,,,,,,  ,,  ,,,,,,,,,,,,,,,,,,
,,155,,,,,,,,,,,,,,,,,,  ,,,,,,,,,,,,,,,  ,,,,,,  ,,  ,,,,,,,,,,,,,,,,,,
,,156,,,,,,,,,,,,,,,,,,  ,,,,,,,,,,,,,,,  ,,,,,,  ,,  ,,,,,,,,,,,,,,,,,,
,,157,,,,,,,,,,,,,,,,,,  ,,,,,,,,,,,,,,,  ,,,,,,  ,,  ,,,,,,,,,,,,,,,,,,
,,158,,,,,,,,,,,,,,,,,,  ,,,,,,,,,,,,,,,  ,,,,,,  ,,  ,,,,,,,,,,,,,,,,,,
,,159,,,,,,,,,,,,,,,,,,  ,,,,,,,,,,,,,,,  ,,,,,,  ,,  ,,,,,,,,,,,,,,,,,,
,,160,,,,,,,,,,,,,,,,,,  ,,,,,,,,,,,,,,,  ,,,,,,  ,,  ,,,,,,,,,,,,,,,,,,
,,161,,,,,,,,,,,,,,,,,,  ,,,,,,,,,,,,,,,  ,,,,,,  ,,  ,,,,,,,,,,,,,,,,,,
,,162,,,,,,,,,,,,,,,,,,  ,,,,,,,,,,,,,,,  ,,,,,,  ,,  ,,,,,,,,,,,,,,,,,,
,,163,,,,,,,,,,,,,,,,,,  ,,,,,,,,,,,,,,,  ,,,,,,  ,,  ,,,,,,,,,,,,,,,,,,
,,164,,,,,,,,,,,,,,,,,,  ,,,,,,,,,,,,,,,  ,,,,,,  ,,  ,,,,,,,,,,,,,,,,,,
,,165,,,,,,,,,,,,,,,,,,  ,,,,,,,,,,,,,,,  ,,,,,,  ,,  ,,,,,,,,,,,,,,,,,,
,,166,,,,,,,,,,,,,,,,,,  ,,,,,,,,,,,,,,,  ,,,,,,  ,,  ,,,,,,,,,,,,,,,,,,
,,167,,,,,,,,,,,,,,,,,,  ,,,,,,,,,,,,,,,  ,,,,,,  ,,  ,,,,,,,,,,,,,,,,,,
,,168,,,,,,,,,,,,,,,,,,  ,,,,,,,,,,,,,,,  ,,,,,,  ,,  ,,,,,,,,,,,,,,,,,,
,,169,,,,,,,,,,,,,,,,,,  ,,,,,,,,,,,,,,,  ,,,,,,  ,,  ,,,,,,,,,,,,,,,,,,
,,170,,,,,,,,,,,,,,,,,,  ,,,,,,,,,,,,,,,  ,,,,,,  ,,  ,,,,,,,,,,,,,,,,,,
,,171,,,,,,,,,,,,,,,,,,  ,,,,,,,,,,,,,,,  ,,,,,,  ,,  ,,,,,,,,,,,,,,,,,,
,,172,,,,,,,,,,,,,,,,,,  ,,,,,,,,,,,,,,,  ,,,,,,  ,,  ,,,,,,,,,,,,,,,,,,
,,173,,,,,,,,,,,,,,,,,,  ,,,,,,,,,,,,,,,  ,,,,,,  ,,  ,,,,,,,,,,,,,,,,,,
,,174,,,,,,,,,,,,,,,,,,  ,,,,,,,,,,,,,,,  ,,,,,,  ,,  ,,,,,,,,,,,,,,,,,,
,,175,,,,,,,,,,,,,,,,,,  ,,,,,,,,,,,,,,,  ,,,,,,  ,,  ,,,,,,,,,,,,,,,,,,
,,176,,,,,,,,,,,,,,,,,,  ,,,,,,,,,,,,,,,  ,,,,,,  ,,  ,,,,,,,,,,,,,,,,,,
,,177,,,,,,,,,,,,,,,,,,  ,,,,,,,,,,,,,,,  ,,,,,,  ,,  ,,,,,,,,,,,,,,,,,,
,,178,,,,,,,,,,,,,,,,,,  ,,,,,,,,,,,,,,,  ,,,,,,  ,,  ,,,,,,,,,,,,,,,,,,
,,179,,,,,,,,,,,,,,,,,,  ,,,,,,,,,,,,,,,  ,,,,,,  ,,  ,,,,,,,,,,,,,,,,,,
,,180,,,,,,,,,,,,,,,,,,  ,,,,,,,,,,,,,,,  ,,,,,,  ,,  ,,,,,,,,,,,,,,,,,,
,,181,,,,,,,,,,,,,,,,,,  ,,,,,,,,,,,,,,,  ,,,,,,  ,,  ,,,,,,,,,,,,,,,,,,
,,182,,,,,,,,,,,,,,,,,,  ,,,,,,,,,,,,,,,  ,,,,,,  ,,  ,,,,,,,,,,,,,,,,,,
,,183,,,,,,,,,,,,,,,,,,  ,,,,,,,,,,,,,,,  ,,,,,,  ,,  ,,,,,,,,,,,,,,,,,,
,,184,,,,,,,,,,,,,,,,,,  ,,,,,,,,,,,,,,,  ,,,,,,  ,,  ,,,,,,,,,,,,,,,,,,
,,185,,,,,,,,,,,,,,,,,,  ,,,,,,,,,,,,,,,  ,,,,,,  ,,  ,,,,,,,,,,,,,,,,,,
,,186,,,,,,,,,,,,,,,,,,  ,,,,,,,,,,,,,,,  ,,,,,,  ,,  ,,,,,,,,,,,,,,,,,,
,,187,,,,,,,,,,,,,,,,,,  ,,,,,,,,,,,,,,,  ,,,,,,  ,,  ,,,,,,,,,,,,,,,,,,
,,188,,,,,,,,,,,,,,,,,,  ,,,,,,,,,,,,,,,  ,,,,,,  ,,  ,,,,,,,,,,,,,,,,,,
,,189,,,,,,,,,,,,,,,,,,  ,,,,,,,,,,,,,,,  ,,,,,,  ,,  ,,,,,,,,,,,,,,,,,,
,,190,,,,,,,,,,,,,,,,,,  ,,,,,,,,,,,,,,,  ,,,,,,  ,,  ,,,,,,,,,,,,,,,,,,
,,191,,,,,,,,,,,,,,,,,,  ,,,,,,,,,,,,,,,  ,,,,,,  ,,  ,,,,,,,,,,,,,,,,,,
,,192,,,,,,,,,,,,,,,,,,  ,,,,,,,,,,,,,,,  ,,,,,,  ,,  ,,,,,,,,,,,,,,,,,,
,,193,,,,,,,,,,,,,,,,,,  ,,,,,,,,,,,,,,,  ,,,,,,  ,,  ,,,,,,,,,,,,,,,,,,
,,194,,,,,,,,,,,,,,,,,,  ,,,,,,,,,,,,,,,  ,,,,,,  ,,  ,,,,,,,,,,,,,,,,,,
,,195,,,,,,,,,,,,,,,,,,  ,,,,,,,,,,,,,,,  ,,,,,,  ,,  ,,,,,,,,,,,,,,,,,,
,,196,,,,,,,,,,,,,,,,,,  ,,,,,,,,,,,,,,,  ,,,,,,  ,,  ,,,,,,,,,,,,,,,,,,
,,197,,,,,,,,,,,,,,,,,,  ,,,,,,,,,,,,,,,  ,,,,,,  ,,  ,,,,,,,,,,,,,,,,,,
,,198,,,,,,,,,,,,,,,,,,  ,,,,,,,,,,,,,,,  ,,,,,,  ,,  ,,,,,,,,,,,,,,,,,,
,,199,,,,,,,,,,,,,,,,,,  ,,,,,,,,,,,,,,,  ,,,,,,  ,,  ,,,,,,,,,,,,,,,,,,
,,200,,,,,,,,,,,,,,,,,,  ,,,,,,,,,,,,,,,  ,,,,,,  ,,  ,,,,,,,,,,,,,,,,,,
,,201,,,,,,,,,,,,,,,,,,  ,,,,,,,,,,,,,,,  ,,,,,,  ,,  ,,,,,,,,,,,,,,,,,,
,,202,,,,,,,,,,,,,,,,,,  ,,,,,,,,,,,,,,,  ,,,,,,  ,,  ,,,,,,,,,,,,,,,,,,
,,203,,,,,,,,,,,,,,,,,,  ,,,,,,,,,,,,,,,  ,,,,,,  ,,  ,,,,,,,,,,,,,,,,,,
,,204,,,,,,,,,,,,,,,,,,  ,,,,,,,,,,,,,,,  ,,,,,,  ,,  ,,,,,,,,,,,,,,,,,,
,,205,,,,,,,,,,,,,,,,,,  ,,,,,,,,,,,,,,,  ,,,,,,  ,,  ,,,,,,,,,,,,,,,,,,
,,206,,,,,,,,,,,,,,,,,,  ,,,,,,,,,,,,,,,  ,,,,,,  ,,  ,,,,,,,,,,,,,,,,,,
,,207,,,,,,,,,,,,,,,,,,  ,,,,,,,,,,,,,,,  ,,,,,,  ,,  ,,,,,,,,,,,,,,,,,,
,,208,,,,,,,,,,,,,,,,,,  ,,,,,,,,,,,,,,,  ,,,,,,  ,,  ,,,,,,,,,,,,,,,,,,
,,209,,,,,,,,,,,,,,,,,,  ,,,,,,,,,,,,,,,  ,,,,,,  ,,  ,,,,,,,,,,,,,,,,,,
,,210,,,,,,,,,,,,,,,,,,  ,,,,,,,,,,,,,,,  ,,,,,,  ,,  ,,,,,,,,,,,,,,,,,,
,,211,,,,,,,,,,,,,,,,,,  ,,,,,,,,,,,,,,,  ,,,,,,  ,,  ,,,,,,,,,,,,,,,,,,
,,212,,,,,,,,,,,,,,,,,,  ,,,,,,,,,,,,,,,  ,,,,,,  ,,  ,,,,,,,,,,,,,,,,,,
,,213,,,,,,,,,,,,,,,,,,  ,,,,,,,,,,,,,,,  ,,,,,,  ,,  ,,,,,,,,,,,,,,,,,,
,,214,,,,,,,,,,,,,,,,,,  ,,,,,,,,,,,,,,,  ,,,,,,  ,,  ,,,,,,,,,,,,,,,,,,
,,215,,,,,,,,,,,,,,,,,,  ,,,,,,,,,,,,,,,  ,,,,,,  ,,  ,,,,,,,,,,,,,,,,,,
,,216,,,,,,,,,,,,,,,,,,  ,,,,,,,,,,,,,,,  ,,,,,,  ,,  ,,,,,,,,,,,,,,,,,,
,,217,,,,,,,,,,,,,,,,,,  ,,,,,,,,,,,,,,,  ,,,,,,  ,,  ,,,,,,,,,,,,,,,,,,
,,218,,,,,,,,,,,,,,,,,,  ,,,,,,,,,,,,,,,  ,,,,,,  ,,  ,,,,,,,,,,,,,,,,,,
,,219,,,,,,,,,,,,,,,,,,  ,,,,,,,,,,,,,,,  ,,,,,,  ,,  ,,,,,,,,,,,,,,,,,,
,,220,,,,,,,,,,,,,,,,,,  ,,,,,,,,,,,,,,,  ,,,,,,  ,,  ,,,,,,,,,,,,,,,,,,
,,221,,,,,,,,,,,,,,,,,,  ,,,,,,,,,,,,,,,  ,,,,,,  ,,  ,,,,,,,,,,,,,,,,,,
,,222,,,,,,,,,,,,,,,,,,  ,,,,,,,,,,,,,,,  ,,,,,,  ,,  ,,,,,,,,,,,,,,,,,,
,,223,,,,,,,,,,,,,,,,,,  ,,,,,,,,,,,,,,,  ,,,,,,  ,,  ,,,,,,,,,,,,,,,,,,
,,224,,,,,,,,,,,,,,,,,,  ,,,,,,,,,,,,,,,  ,,,,,,  ,,  ,,,,,,,,,,,,,,,,,,
,,225,,,,,,,,,,,,,,,,,,  ,,,,,,,,,,,,,,,  ,,,,,,  ,,  ,,,,,,,,,,,,,,,,,,
,,226,,,,,,,,,,,,,,,,,,  ,,,,,,,,,,,,,,,  ,,,,,,  ,,  ,,,,,,,,,,,,,,,,,,
,,227,,,,,,,,,,,,,,,,,,  ,,,,,,,,,,,,,,,  ,,,,,,  ,,  ,,,,,,,,,,,,,,,,,,
,,228,,,,,,,,,,,,,,,,,,  ,,,,,,,,,,,,,,,  ,,,,,,  ,,  ,,,,,,,,,,,,,,,,,,
,,229,,,,,,,,,,,,,,,,,,  ,,,,,,,,,,,,,,,  ,,,,,,  ,,  ,,,,,,,,,,,,,,,,,,
,,230,,,,,,,,,,,,,,,,,,  ,,,,,,,,,,,,,,,  ,,,,,,  ,,  ,,,,,,,,,,,,,,,,,,
,,231,,,,,,,,,,,,,,,,,,  ,,,,,,,,,,,,,,,  ,,,,,,  ,,  ,,,,,,,,,,,,,,,,,,
,,232,,,,,,,,,,,,,,,,,,  ,,,,,,,,,,,,,,,  ,,,,,,  ,,  ,,,,,,,,,,,,,,,,,,
,,233,,,,,,,,,,,,,,,,,,  ,,,,,,,,,,,,,,,  ,,,,,,  ,,  ,,,,,,,,,,,,,,,,,,
,,234,,,,,,,,,,,,,,,,,,  ,,,,,,,,,,,,,,,  ,,,,,,  ,,  ,,,,,,,,,,,,,,,,,,
,,235,,,,,,,,,,,,,,,,,,  ,,,,,,,,,,,,,,,  ,,,,,,  ,,  ,,,,,,,,,,,,,,,,,,
,,236,,,,,,,,,,,,,,,,,,  ,,,,,,,,,,,,,,,  ,,,,,,  ,,  ,,,,,,,,,,,,,,,,,,
,,237,,,,,,,,,,,,,,,,,,  ,,,,,,,,,,,,,,,  ,,,,,,  ,,  ,,,,,,,,,,,,,,,,,,
,,238,,,,,,,,,,,,,,,,,,  ,,,,,,,,,,,,,,,  ,,,,,,  ,,  ,,,,,,,,,,,,,,,,,,
,,239,,,,,,,,,,,,,,,,,,  ,,,,,,,,,,,,,,,  ,,,,,,  ,,  ,,,,,,,,,,,,,,,,,,
,,240,,,,,,,,,,,,,,,,,,  ,,,,,,,,,,,,,,,  ,,,,,,  ,,  ,,,,,,,,,,,,,,,,,,
,,241,,,,,,,,,,,,,,,,,,  ,,,,,,,,,,,,,,,  ,,,,,,  ,,  ,,,,,,,,,,,,,,,,,,
,,242,,,,,,,,,,,,,,,,,,  ,,,,,,,,,,,,,,,  ,,,,,,  ,,  ,,,,,,,,,,,,,,,,,,
,,243,,,,,,,,,,,,,,,,,,  ,,,,,,,,,,,,,,,  ,,,,,,  ,,  ,,,,,,,,,,,,,,,,,,
,,244,,,,,,,,,,,,,,,,,,  ,,,,,,,,,,,,,,,  ,,,,,,  ,,  ,,,,,,,,,,,,,,,,,,
,,245,,,,,,,,,,,,,,,,,,  ,,,,,,,,,,,,,,,  ,,,,,,  ,,  ,,,,,,,,,,,,,,,,,,
,,246,,,,,,,,,,,,,,,,,,  ,,,,,,,,,,,,,,,  ,,,,,,  ,,  ,,,,,,,,,,,,,,,,,,
,,247,,,,,,,,,,,,,,,,,,  ,,,,,,,,,,,,,,,  ,,,,,,  ,,  ,,,,,,,,,,,,,,,,,,
,,248,,,,,,,,,,,,,,,,,,  ,,,,,,,,,,,,,,,  ,,,,,,  ,,  ,,,,,,,,,,,,,,,,,,
,,249,,,,,,,,,,,,,,,,,,  ,,,,,,,,,,,,,,,  ,,,,,,  ,,  ,,,,,,,,,,,,,,,,,,
,,250,,,,,,,,,,,,,,,,,,  ,,,,,,,,,,,,,,,  ,,,,,,  ,,  ,,,,,,,,,,,,,,,,,,
,,251,,,,,,,,,,,,,,,,,,  ,,,,,,,,,,,,,,,  ,,,,,,  ,,  ,,,,,,,,,,,,,,,,,,
,,252,,,,,,,,,,,,,,,,,,  ,,,,,,,,,,,,,,,  ,,,,,,  ,,  ,,,,,,,,,,,,,,,,,,
,,253,,,,,,,,,,,,,,,,,,  ,,,,,,,,,,,,,,,  ,,,,,,  ,,  ,,,,,,,,,,,,,,,,,,
,,254,,,,,,,,,,,,,,,,,,  ,,,,,,,,,,,,,,,  ,,,,,,  ,,  ,,,,,,,,,,,,,,,,,,
,,255,,,,,,,,,,,,,,,,,,  ,,,,,,,,,,,,,,,  ,,,,,,  ,,  ,,,,,,,,,,,,,,,,,,
,,256,,,,,,,,,,,,,,,,,,  ,,,,,,,,,,,,,,,  ,,,,,,  ,,  ,,,,,,,,,,,,,,,,,,
,,257,,,,,,,,,,,,,,,,,,  ,,,,,,,,,,,,,,,  ,,,,,,  ,,  ,,,,,,,,,,,,,,,,,,
,,258,,,,,,,,,,,,,,,,,,  ,,,,,,,,,,,,,,,  ,,,,,,  ,,  ,,,,,,,,,,,,,,,,,,
,,259,,,,,,,,,,,,,,,,,,  ,,,,,,,,,,,,,,,  ,,,,,,  ,,  ,,,,,,,,,,,,,,,,,,
,,260,,,,,,,,,,,,,,,,,,  ,,,,,,,,,,,,,,,  ,,,,,,  ,,  ,,,,,,,,,,,,,,,,,,
,,261,,,,,,,,,,,,,,,,,,  ,,,,,,,,,,,,,,,  ,,,,,,  ,,  ,,,,,,,,,,,,,,,,,,
,,262,,,,,,,,,,,,,,,,,,  ,,,,,,,,,,,,,,,  ,,,,,,  ,,  ,,,,,,,,,,,,,,,,,,
,,263,,,,,,,,,,,,,,,,,,  ,,,,,,,,,,,,,,,  ,,,,,,  ,,  ,,,,,,,,,,,,,,,,,,
,,264,,,,,,,,,,,,,,,,,,  ,,,,,,,,,,,,,,,  ,,,,,,  ,,  ,,,,,,,,,,,,,,,,,,
,,265,,,,,,,,,,,,,,,,,,  ,,,,,,,,,,,,,,,  ,,,,,,  ,,  ,,,,,,,,,,,,,,,,,,
,,266,,,,,,,,,,,,,,,,,,  ,,,,,,,,,,,,,,,  ,,,,,,  ,,  ,,,,,,,,,,,,,,,,,,
,,267,,,,,,,,,,,,,,,,,,  ,,,,,,,,,,,,,,,  ,,,,,,  ,,  ,,,,,,,,,,,,,,,,,,
,,268,,,,,,,,,,,,,,,,,,  ,,,,,,,,,,,,,,,  ,,,,,,  ,,  ,,,,,,,,,,,,,,,,,,
,,269,,,,,,,,,,,,,,,,,,  ,,,,,,,,,,,,,,,  ,,,,,,  ,,  ,,,,,,,,,,,,,,,,,,
,,270,,,,,,,,,,,,,,,,,,  ,,,,,,,,,,,,,,,  ,,,,,,  ,,  ,,,,,,,,,,,,,,,,,,
,,271,,,,,,,,,,,,,,,,,,  ,,,,,,,,,,,,,,,  ,,,,,,  ,,  ,,,,,,,,,,,,,,,,,,
,,272,,,,,,,,,,,,,,,,,,  ,,,,,,,,,,,,,,,  ,,,,,,  ,,  ,,,,,,,,,,,,,,,,,,
,,273,,,,,,,,,,,,,,,,,,  ,,,,,,,,,,,,,,,  ,,,,,,  ,,  ,,,,,,,,,,,,,,,,,,
,,274,,,,,,,,,,,,,,,,,,  ,,,,,,,,,,,,,,,  ,,,,,,  ,,  ,,,,,,,,,,,,,,,,,,
,,275,,,,,,,,,,,,,,,,,,  ,,,,,,,,,,,,,,,  ,,,,,,  ,,  ,,,,,,,,,,,,,,,,,,
,,276,,,,,,,,,,,,,,,,,,  ,,,,,,,,,,,,,,,  ,,,,,,  ,,  ,,,,,,,,,,,,,,,,,,
,,277,,,,,,,,,,,,,,,,,,  ,,,,,,,,,,,,,,,  ,,,,,,  ,,  ,,,,,,,,,,,,,,,,,,
,,278,,,,,,,,,,,,,,,,,,  ,,,,,,,,,,,,,,,  ,,,,,,  ,,  ,,,,,,,,,,,,,,,,,,
,,279,,,,,,,,,,,,,,,,,,  ,,,,,,,,,,,,,,,  ,,,,,,  ,,  ,,,,,,,,,,,,,,,,,,
,,280,,,,,,,,,,,,,,,,,,  ,,,,,,,,,,,,,,,  ,,,,,,  ,,  ,,,,,,,,,,,,,,,,,,
,,281,,,,,,,,,,,,,,,,,,  ,,,,,,,,,,,,,,,  ,,,,,,  ,,  ,,,,,,,,,,,,,,,,,,
,,282,,,,,,,,,,,,,,,,,,  ,,,,,,,,,,,,,,,  ,,,,,,  ,,  ,,,,,,,,,,,,,,,,,,
,,283,,,,,,,,,,,,,,,,,,  ,,,,,,,,,,,,,,,  ,,,,,,  ,,  ,,,,,,,,,,,,,,,,,,
,,284,,,,,,,,,,,,,,,,,,  ,,,,,,,,,,,,,,,  ,,,,,,  ,,  ,,,,,,,,,,,,,,,,,,
,,285,,,,,,,,,,,,,,,,,,  ,,,,,,,,,,,,,,,  ,,,,,,  ,,  ,,,,,,,,,,,,,,,,,,
,,286,,,,,,,,,,,,,,,,,,  ,,,,,,,,,,,,,,,  ,,,,,,  ,,  ,,,,,,,,,,,,,,,,,,
,,287,,,,,,,,,,,,,,,,,,  ,,,,,,,,,,,,,,,  ,,,,,,  ,,  ,,,,,,,,,,,,,,,,,,
,,288,,,,,,,,,,,,,,,,,,  ,,,,,,,,,,,,,,,  ,,,,,,  ,,  ,,,,,,,,,,,,,,,,,,
,,289,,,,,,,,,,,,,,,,,,  ,,,,,,,,,,,,,,,  ,,,,,,  ,,  ,,,,,,,,,,,,,,,,,,
,,290,,,,,,,,,,,,,,,,,,  ,,,,,,,,,,,,,,,  ,,,,,,  ,,  ,,,,,,,,,,,,,,,,,,
,,291,,,,,,,,,,,,,,,,,,  ,,,,,,,,,,,,,,,  ,,,,,,  ,,  ,,,,,,,,,,,,,,,,,,
,,292,,,,,,,,,,,,,,,,,,  ,,,,,,,,,,,,,,,  ,,,,,,  ,,  ,,,,,,,,,,,,,,,,,,
,,293,,,,,,,,,,,,,,,,,,  ,,,,,,,,,,,,,,,  ,,,,,,  ,,  ,,,,,,,,,,,,,,,,,,
,,294,,,,,,,,,,,,,,,,,,  ,,,,,,,,,,,,,,,  ,,,,,,  ,,  ,,,,,,,,,,,,,,,,,,
,,295,,,,,,,,,,,,,,,,,,  ,,,,,,,,,,,,,,,  ,,,,,,  ,,  ,,,,,,,,,,,,,,,,,,
,,296,,,,,,,,,,,,,,,,,,  ,,,,,,,,,,,,,,,  ,,,,,,  ,,  ,,,,,,,,,,,,,,,,,,
,,297,,,,,,,,,,,,,,,,,,  ,,,,,,,,,,,,,,,  ,,,,,,  ,,  ,,,,,,,,,,,,,,,,,,
,,298,,,,,,,,,,,,,,,,,,  ,,,,,,,,,,,,,,,  ,,,,,,  ,,  ,,,,,,,,,,,,,,,,,,
,,299,,,,,,,,,,,,,,,,,,  ,,,,,,,,,,,,,,,  ,,,,,,  ,,  ,,,,,,,,,,,,,,,,,,
,,300,,,,,,,,,,,,,,,,,,  ,,,,,,,,,,,,,,,  ,,,,,,  ,,  ,,,,,,,,,,,,,,,,,,
,,301,,,,,,,,,,,,,,,,,,  ,,,,,,,,,,,,,,,  ,,,,,,  ,,  ,,,,,,,,,,,,,,,,,,
,,302,,,,,,,,,,,,,,,,,,  ,,,,,,,,,,,,,,,  ,,,,,,  ,,  ,,,,,,,,,,,,,,,,,,
,,303,,,,,,,,,,,,,,,,,,  ,,,,,,,,,,,,,,,  ,,,,,,  ,,  ,,,,,,,,,,,,,,,,,,
,,304,,,,,,,,,,,,,,,,,,  ,,,,,,,,,,,,,,,  ,,,,,,  ,,  ,,,,,,,,,,,,,,,,,,
,,305,,,,,,,,,,,,,,,,,,  ,,,,,,,,,,,,,,,  ,,,,,,  ,,  ,,,,,,,,,,,,,,,,,,
,,306,,,,,,,,,,,,,,,,,,  ,,,,,,,,,,,,,,,  ,,,,,,  ,,  ,,,,,,,,,,,,,,,,,,
,,307,,,,,,,,,,,,,,,,,,  ,,,,,,,,,,,,,,,  ,,,,,,  ,,  ,,,,,,,,,,,,,,,,,,
,,308,,,,,,,,,,,,,,,,,,  ,,,,,,,,,,,,,,,  ,,,,,,  ,,  ,,,,,,,,,,,,,,,,,,
,,309,,,,,,,,,,,,,,,,,,  ,,,,,,,,,,,,,,,  ,,,,,,  ,,  ,,,,,,,,,,,,,,,,,,
,,310,,,,,,,,,,,,,,,,,,  ,,,,,,,,,,,,,,,  ,,,,,,  ,,  ,,,,,,,,,,,,,,,,,,
,,311,,,,,,,,,,,,,,,,,,  ,,,,,,,,,,,,,,,  ,,,,,,  ,,  ,,,,,,,,,,,,,,,,,,
,,312,,,,,,,,,,,,,,,,,,  ,,,,,,,,,,,,,,,  ,,,,,,  ,,  ,,,,,,,,,,,,,,,,,,
,,313,,,,,,,,,,,,,,,,,,  ,,,,,,,,,,,,,,,  ,,,,,,  ,,  ,,,,,,,,,,,,,,,,,,
,,314,,,,,,,,,,,,,,,,,,  ,,,,,,,,,,,,,,,  ,,,,,,  ,,  ,,,,,,,,,,,,,,,,,,
,,315,,,,,,,,,,,,,,,,,,  ,,,,,,,,,,,,,,,  ,,,,,,  ,,  ,,,,,,,,,,,,,,,,,,
,,316,,,,,,,,,,,,,,,,,,  ,,,,,,,,,,,,,,,  ,,,,,,  ,,  ,,,,,,,,,,,,,,,,,,
,,317,,,,,,,,,,,,,,,,,,  ,,,,,,,,,,,,,,,  ,,,,,,  ,,  ,,,,,,,,,,,,,,,,,,
,,318,,,,,,,,,,,,,,,,,,  ,,,,,,,,,,,,,,,  ,,,,,,  ,,  ,,,,,,,,,,,,,,,,,,
,,319,,,,,,,,,,,,,,,,,,  ,,,,,,,,,,,,,,,  ,,,,,,  ,,  ,,,,,,,,,,,,,,,,,,
,,320,,,,,,,,,,,,,,,,,,  ,,,,,,,,,,,,,,,  ,,,,,,  ,,  ,,,,,,,,,,,,,,,,,,
,,321,,,,,,,,,,,,,,,,,,  ,,,,,,,,,,,,,,,  ,,,,,,  ,,  ,,,,,,,,,,,,,,,,,,
,,322,,,,,,,,,,,,,,,,,,  ,,,,,,,,,,,,,,,  ,,,,,,  ,,  ,,,,,,,,,,,,,,,,,,
,,323,,,,,,,,,,,,,,,,,,  ,,,,,,,,,,,,,,,  ,,,,,,  ,,  ,,,,,,,,,,,,,,,,,,
,,324,,,,,,,,,,,,,,,,,,  ,,,,,,,,,,,,,,,  ,,,,,,  ,,  ,,,,,,,,,,,,,,,,,,
,,325,,,,,,,,,,,,,,,,,,  ,,,,,,,,,,,,,,,  ,,,,,,  ,,  ,,,,,,,,,,,,,,,,,,
,,326,,,,,,,,,,,,,,,,,,  ,,,,,,,,,,,,,,,  ,,,,,,  ,,  ,,,,,,,,,,,,,,,,,,
,,327,,,,,,,,,,,,,,,,,,  ,,,,,,,,,,,,,,,  ,,,,,,  ,,  ,,,,,,,,,,,,,,,,,,
,,328,,,,,,,,,,,,,,,,,,  ,,,,,,,,,,,,,,,  ,,,,,,  ,,  ,,,,,,,,,,,,,,,,,,
,,329,,,,,,,,,,,,,,,,,,  ,,,,,,,,,,,,,,,  ,,,,,,  ,,  ,,,,,,,,,,,,,,,,,,
,,330,,,,,,,,,,,,,,,,,,  ,,,,,,,,,,,,,,,  ,,,,,,  ,,  ,,,,,,,,,,,,,,,,,,
,,331,,,,,,,,,,,,,,,,,,  ,,,,,,,,,,,,,,,  ,,,,,,  ,,  ,,,,,,,,,,,,,,,,,,
,,332,,,,,,,,,,,,,,,,,,  ,,,,,,,,,,,,,,,  ,,,,,,  ,,  ,,,,,,,,,,,,,,,,,,
,,333,,,,,,,,,,,,,,,,,,  ,,,,,,,,,,,,,,,  ,,,,,,  ,,  ,,,,,,,,,,,,,,,,,,
,,334,,,,,,,,,,,,,,,,,,  ,,,,,,,,,,,,,,,  ,,,,,,  ,,  ,,,,,,,,,,,,,,,,,,
,,335,,,,,,,,,,,,,,,,,,  ,,,,,,,,,,,,,,,  ,,,,,,  ,,  ,,,,,,,,,,,,,,,,,,
,,336,,,,,,,,,,,,,,,,,,  ,,,,,,,,,,,,,,,  ,,,,,,  ,,  ,,,,,,,,,,,,,,,,,,
,,337,,,,,,,,,,,,,,,,,,  ,,,,,,,,,,,,,,,  ,,,,,,  ,,  ,,,,,,,,,,,,,,,,,,
,,338,,,,,,,,,,,,,,,,,,  ,,,,,,,,,,,,,,,  ,,,,,,  ,,  ,,,,,,,,,,,,,,,,,,
,,339,,,,,,,,,,,,,,,,,,  ,,,,,,,,,,,,,,,  ,,,,,,  ,,  ,,,,,,,,,,,,,,,,,,
,,340,,,,,,,,,,,,,,,,,,  ,,,,,,,,,,,,,,,  ,,,,,,  ,,  ,,,,,,,,,,,,,,,,,,
,,341,,,,,,,,,,,,,,,,,,  ,,,,,,,,,,,,,,,  ,,,,,,  ,,  ,,,,,,,,,,,,,,,,,,
,,342,,,,,,,,,,,,,,,,,,  ,,,,,,,,,,,,,,,  ,,,,,,  ,,  ,,,,,,,,,,,,,,,,,,
,,343,,,,,,,,,,,,,,,,,,  ,,,,,,,,,,,,,,,  ,,,,,,  ,,  ,,,,,,,,,,,,,,,,,,
,,344,,,,,,,,,,,,,,,,,,  ,,,,,,,,,,,,,,,  ,,,,,,  ,,  ,,,,,,,,,,,,,,,,,,
,,345,,,,,,,,,,,,,,,,,,  ,,,,,,,,,,,,,,,  ,,,,,,  ,,  ,,,,,,,,,,,,,,,,,,
,,346,,,,,,,,,,,,,,,,,,  ,,,,,,,,,,,,,,,  ,,,,,,  ,,  ,,,,,,,,,,,,,,,,,,
,,347,,,,,,,,,,,,,,,,,,  ,,,,,,,,,,,,,,,  ,,,,,,  ,,  ,,,,,,,,,,,,,,,,,,
,,348,,,,,,,,,,,,,,,,,,  ,,,,,,,,,,,,,,,  ,,,,,,  ,,  ,,,,,,,,,,,,,,,,,,
,,349,,,,,,,,,,,,,,,,,,  ,,,,,,,,,,,,,,,  ,,,,,,  ,,  ,,,,,,,,,,,,,,,,,,
,,350,,,,,,,,,,,,,,,,,,  ,,,,,,,,,,,,,,,  ,,,,,,  ,,  ,,,,,,,,,,,,,,,,,,
,,351,,,,,,,,,,,,,,,,,,  ,,,,,,,,,,,,,,,  ,,,,,,  ,,  ,,,,,,,,,,,,,,,,,,
,,352,,,,,,,,,,,,,,,,,,  ,,,,,,,,,,,,,,,  ,,,,,,  ,,  ,,,,,,,,,,,,,,,,,,
,,353,,,,,,,,,,,,,,,,,,  ,,,,,,,,,,,,,,,  ,,,,,,  ,,  ,,,,,,,,,,,,,,,,,,
,,354,,,,,,,,,,,,,,,,,,  ,,,,,,,,,,,,,,,  ,,,,,,  ,,  ,,,,,,,,,,,,,,,,,,
,,355,,,,,,,,,,,,,,,,,,  ,,,,,,,,,,,,,,,  ,,,,,,  ,,  ,,,,,,,,,,,,,,,,,,
,,356,,,,,,,,,,,,,,,,,,  ,,,,,,,,,,,,,,,  ,,,,,,  ,,  ,,,,,,,,,,,,,,,,,,
,,357,,,,,,,,,,,,,,,,,,  ,,,,,,,,,,,,,,,  ,,,,,,  ,,  ,,,,,,,,,,,,,,,,,,
,,358,,,,,,,,,,,,,,,,,,  ,,,,,,,,,,,,,,,  ,,,,,,  ,,  ,,,,,,,,,,,,,,,,,,
,,359,,,,,,,,,,,,,,,,,,  ,,,,,,,,,,,,,,,  ,,,,,,  ,,  ,,,,,,,,,,,,,,,,,,
,,360,,,,,,,,,,,,,,,,,,  ,,,,,,,,,,,,,,,  ,,,,,,  ,,  ,,,,,,,,,,,,,,,,,,
,,361,,,,,,,,,,,,,,,,,,  ,,,,,,,,,,,,,,,  ,,,,,,  ,,  ,,,,,,,,,,,,,,,,,,
,,362,,,,,,,,,,,,,,,,,,  ,,,,,,,,,,,,,,,  ,,,,,,  ,,  ,,,,,,,,,,,,,,,,,,
,,363,,,,,,,,,,,,,,,,,,  ,,,,,,,,,,,,,,,  ,,,,,,  ,,  ,,,,,,,,,,,,,,,,,,
,,364,,,,,,,,,,,,,,,,,,  ,,,,,,,,,,,,,,,  ,,,,,,  ,,  ,,,,,,,,,,,,,,,,,,
,,365,,,,,,,,,,,,,,,,,,  ,,,,,,,,,,,,,,,  ,,,,,,  ,,  ,,,,,,,,,,,,,,,,,,
,,366,,,,,,,,,,,,,,,,,,  ,,,,,,,,,,,,,,,  ,,,,,,  ,,  ,,,,,,,,,,,,,,,,,,
,,367,,,,,,,,,,,,,,,,,,  ,,,,,,,,,,,,,,,  ,,,,,,  ,,  ,,,,,,,,,,,,,,,,,,
,,368,,,,,,,,,,,,,,,,,,  ,,,,,,,,,,,,,,,  ,,,,,,  ,,  ,,,,,,,,,,,,,,,,,,
,,369,,,,,,,,,,,,,,,,,,  ,,,,,,,,,,,,,,,  ,,,,,,  ,,  ,,,,,,,,,,,,,,,,,,
,,370,,,,,,,,,,,,,,,,,,  ,,,,,,,,,,,,,,,  ,,,,,,  ,,  ,,,,,,,,,,,,,,,,,,
,,371,,,,,,,,,,,,,,,,,,  ,,,,,,,,,,,,,,,  ,,,,,,  ,,  ,,,,,,,,,,,,,,,,,,
,,372,,,,,,,,,,,,,,,,,,  ,,,,,,,,,,,,,,,  ,,,,,,  ,,  ,,,,,,,,,,,,,,,,,,
,,373,,,,,,,,,,,,,,,,,,  ,,,,,,,,,,,,,,,  ,,,,,,  ,,  ,,,,,,,,,,,,,,,,,,
,,374,,,,,,,,,,,,,,,,,,  ,,,,,,,,,,,,,,,  ,,,,,,  ,,  ,,,,,,,,,,,,,,,,,,
,,375,,,,,,,,,,,,,,,,,,  ,,,,,,,,,,,,,,,  ,,,,,,  ,,  ,,,,,,,,,,,,,,,,,,
,,376,,,,,,,,,,,,,,,,,,  ,,,,,,,,,,,,,,,  ,,,,,,  ,,  ,,,,,,,,,,,,,,,,,,
,,377,,,,,,,,,,,,,,,,,,  ,,,,,,,,,,,,,,,  ,,,,,,  ,,  ,,,,,,,,,,,,,,,,,,
,,378,,,,,,,,,,,,,,,,,,  ,,,,,,,,,,,,,,,  ,,,,,,  ,,  ,,,,,,,,,,,,,,,,,,
,,379,,,,,,,,,,,,,,,,,,  ,,,,,,,,,,,,,,,  ,,,,,,  ,,  ,,,,,,,,,,,,,,,,,,
,,380,,,,,,,,,,,,,,,,,,  ,,,,,,,,,,,,,,,  ,,,,,,  ,,  ,,,,,,,,,,,,,,,,,,
,,381,,,,,,,,,,,,,,,,,,  ,,,,,,,,,,,,,,,  ,,,,,,  ,,  ,,,,,,,,,,,,,,,,,,
,,382,,,,,,,,,,,,,,,,,,  ,,,,,,,,,,,,,,,  ,,,,,,  ,,  ,,,,,,,,,,,,,,,,,,
,,383,,,,,,,,,,,,,,,,,,  ,,,,,,,,,,,,,,,  ,,,,,,  ,,  ,,,,,,,,,,,,,,,,,,
,,384,,,,,,,,,,,,,,,,,,  ,,,,,,,,,,,,,,,  ,,,,,,  ,,  ,,,,,,,,,,,,,,,,,,
,,385,,,,,,,,,,,,,,,,,,  ,,,,,,,,,,,,,,,  ,,,,,,  ,,  ,,,,,,,,,,,,,,,,,,
,,386,,,,,,,,,,,,,,,,,,  ,,,,,,,,,,,,,,,  ,,,,,,  ,,  ,,,,,,,,,,,,,,,,,,
,,387,,,,,,,,,,,,,,,,,,  ,,,,,,,,,,,,,,,  ,,,,,,  ,,  ,,,,,,,,,,,,,,,,,,
,,388,,,,,,,,,,,,,,,,,,  ,,,,,,,,,,,,,,,  ,,,,,,  ,,  ,,,,,,,,,,,,,,,,,,
,,389,,,,,,,,,,,,,,,,,,  ,,,,,,,,,,,,,,,  ,,,,,,  ,,  ,,,,,,,,,,,,,,,,,,
,,390,,,,,,,,,,,,,,,,,,  ,,,,,,,,,,,,,,,  ,,,,,,  ,,  ,,,,,,,,,,,,,,,,,,
,,391,,,,,,,,,,,,,,,,,,  ,,,,,,,,,,,,,,,  ,,,,,,  ,,  ,,,,,,,,,,,,,,,,,,
,,392,,,,,,,,,,,,,,,,,,  ,,,,,,,,,,,,,,,  ,,,,,,  ,,  ,,,,,,,,,,,,,,,,,,
,,393,,,,,,,,,,,,,,,,,,  ,,,,,,,,,,,,,,,  ,,,,,,  ,,  ,,,,,,,,,,,,,,,,,,
,,394,,,,,,,,,,,,,,,,,,  ,,,,,,,,,,,,,,,  ,,,,,,  ,,  ,,,,,,,,,,,,,,,,,,
,,395,,,,,,,,,,,,,,,,,,  ,,,,,,,,,,,,,,,  ,,,,,,  ,,  ,,,,,,,,,,,,,,,,,,
,,396,,,,,,,,,,,,,,,,,,  ,,,,,,,,,,,,,,,  ,,,,,,  ,,  ,,,,,,,,,,,,,,,,,,
,,397,,,,,,,,,,,,,,,,,,  ,,,,,,,,,,,,,,,  ,,,,,,  ,,  ,,,,,,,,,,,,,,,,,,
,,398,,,,,,,,,,,,,,,,,,  ,,,,,,,,,,,,,,,  ,,,,,,  ,,  ,,,,,,,,,,,,,,,,,,
,,399,,,,,,,,,,,,,,,,,,  ,,,,,,,,,,,,,,,  ,,,,,,  ,,  ,,,,,,,,,,,,,,,,,,
,,400,,,,,,,,,,,,,,,,,,  ,,,,,,,,,,,,,,,  ,,,,,,  ,,  ,,,,,,,,,,,,,,,,,,
,,401,,,,,,,,,,,,,,,,,,  ,,,,,,,,,,,,,,,  ,,,,,,  ,,  ,,,,,,,,,,,,,,,,,,
,,402,,,,,,,,,,,,,,,,,,  ,,,,,,,,,,,,,,,  ,,,,,,  ,,  ,,,,,,,,,,,,,,,,,,
,,403,,,,,,,,,,,,,,,,,,  ,,,,,,,,,,,,,,,  ,,,,,,  ,,  ,,,,,,,,,,,,,,,,,,
,,404,,,,,,,,,,,,,,,,,,  ,,,,,,,,,,,,,,,  ,,,,,,  ,,  ,,,,,,,,,,,,,,,,,,
,,405,,,,,,,,,,,,,,,,,,  ,,,,,,,,,,,,,,,  ,,,,,,  ,,  ,,,,,,,,,,,,,,,,,,
,,406,,,,,,,,,,,,,,,,,,  ,,,,,,,,,,,,,,,  ,,,,,,  ,,  ,,,,,,,,,,,,,,,,,,
,,407,,,,,,,,,,,,,,,,,,  ,,,,,,,,,,,,,,,  ,,,,,,  ,,  ,,,,,,,,,,,,,,,,,,
,,408,,,,,,,,,,,,,,,,,,  ,,,,,,,,,,,,,,,  ,,,,,,  ,,  ,,,,,,,,,,,,,,,,,,
,,409,,,,,,,,,,,,,,,,,,  ,,,,,,,,,,,,,,,  ,,,,,,  ,,  ,,,,,,,,,,,,,,,,,,
,,410,,,,,,,,,,,,,,,,,,  ,,,,,,,,,,,,,,,  ,,,,,,  ,,  ,,,,,,,,,,,,,,,,,,
,,411,,,,,,,,,,,,,,,,,,  ,,,,,,,,,,,,,,,  ,,,,,,  ,,  ,,,,,,,,,,,,,,,,,,
,,412,,,,,,,,,,,,,,,,,,  ,,,,,,,,,,,,,,,  ,,,,,,  ,,  ,,,,,,,,,,,,,,,,,,
,,413,,,,,,,,,,,,,,,,,,  ,,,,,,,,,,,,,,,  ,,,,,,  ,,  ,,,,,,,,,,,,,,,,,,
,,414,,,,,,,,,,,,,,,,,,  ,,,,,,,,,,,,,,,  ,,,,,,  ,,  ,,,,,,,,,,,,,,,,,,
,,415,,,,,,,,,,,,,,,,,,  ,,,,,,,,,,,,,,,  ,,,,,,  ,,  ,,,,,,,,,,,,,,,,,,
,,416,,,,,,,,,,,,,,,,,,  ,,,,,,,,,,,,,,,  ,,,,,,  ,,  ,,,,,,,,,,,,,,,,,,
,,417,,,,,,,,,,,,,,,,,,  ,,,,,,,,,,,,,,,  ,,,,,,  ,,  ,,,,,,,,,,,,,,,,,,
,,418,,,,,,,,,,,,,,,,,,  ,,,,,,,,,,,,,,,  ,,,,,,  ,,  ,,,,,,,,,,,,,,,,,,
,,419,,,,,,,,,,,,,,,,,,  ,,,,,,,,,,,,,,,  ,,,,,,  ,,  ,,,,,,,,,,,,,,,,,,
,,420,,,,,,,,,,,,,,,,,,  ,,,,,,,,,,,,,,,  ,,,,,,  ,,  ,,,,,,,,,,,,,,,,,,
,,421,,,,,,,,,,,,,,,,,,  ,,,,,,,,,,,,,,,  ,,,,,,  ,,  ,,,,,,,,,,,,,,,,,,
,,422,,,,,,,,,,,,,,,,,,  ,,,,,,,,,,,,,,,  ,,,,,,  ,,  ,,,,,,,,,,,,,,,,,,
,,423,,,,,,,,,,,,,,,,,,  ,,,,,,,,,,,,,,,  ,,,,,,  ,,  ,,,,,,,,,,,,,,,,,,
,,424,,,,,,,,,,,,,,,,,,  ,,,,,,,,,,,,,,,  ,,,,,,  ,,  ,,,,,,,,,,,,,,,,,,
,,425,,,,,,,,,,,,,,,,,,  ,,,,,,,,,,,,,,,  ,,,,,,  ,,  ,,,,,,,,,,,,,,,,,,
,,426,,,,,,,,,,,,,,,,,,  ,,,,,,,,,,,,,,,  ,,,,,,  ,,  ,,,,,,,,,,,,,,,,,,
,,427,,,,,,,,,,,,,,,,,,  ,,,,,,,,,,,,,,,  ,,,,,,  ,,  ,,,,,,,,,,,,,,,,,,
,,428,,,,,,,,,,,,,,,,,,  ,,,,,,,,,,,,,,,  ,,,,,,  ,,  ,,,,,,,,,,,,,,,,,,
,,429,,,,,,,,,,,,,,,,,,  ,,,,,,,,,,,,,,,  ,,,,,,  ,,  ,,,,,,,,,,,,,,,,,,
,,430,,,,,,,,,,,,,,,,,,  ,,,,,,,,,,,,,,,  ,,,,,,  ,,  ,,,,,,,,,,,,,,,,,,
,,431,,,,,,,,,,,,,,,,,,  ,,,,,,,,,,,,,,,  ,,,,,,  ,,  ,,,,,,,,,,,,,,,,,,
,,432,,,,,,,,,,,,,,,,,,  ,,,,,,,,,,,,,,,  ,,,,,,  ,,  ,,,,,,,,,,,,,,,,,,
,,433,,,,,,,,,,,,,,,,,,  ,,,,,,,,,,,,,,,  ,,,,,,  ,,  ,,,,,,,,,,,,,,,,,,
,,434,,,,,,,,,,,,,,,,,,  ,,,,,,,,,,,,,,,  ,,,,,,  ,,  ,,,,,,,,,,,,,,,,,,
,,435,,,,,,,,,,,,,,,,,,  ,,,,,,,,,,,,,,,  ,,,,,,  ,,  ,,,,,,,,,,,,,,,,,,
,,436,,,,,,,,,,,,,,,,,,  ,,,,,,,,,,,,,,,  ,,,,,,  ,,  ,,,,,,,,,,,,,,,,,,
,,437,,,,,,,,,,,,,,,,,,  ,,,,,,,,,,,,,,,  ,,,,,,  ,,  ,,,,,,,,,,,,,,,,,,
,,438,,,,,,,,,,,,,,,,,,  ,,,,,,,,,,,,,,,  ,,,,,,  ,,  ,,,,,,,,,,,,,,,,,,
,,439,,,,,,,,,,,,,,,,,,  ,,,,,,,,,,,,,,,  ,,,,,,  ,,  ,,,,,,,,,,,,,,,,,,
,,440,,,,,,,,,,,,,,,,,,  ,,,,,,,,,,,,,,,  ,,,,,,  ,,  ,,,,,,,,,,,,,,,,,,
,,441,,,,,,,,,,,,,,,,,,  ,,,,,,,,,,,,,,,  ,,,,,,  ,,  ,,,,,,,,,,,,,,,,,,
,,442,,,,,,,,,,,,,,,,,,  ,,,,,,,,,,,,,,,  ,,,,,,  ,,  ,,,,,,,,,,,,,,,,,,
,,443,,,,,,,,,,,,,,,,,,  ,,,,,,,,,,,,,,,  ,,,,,,  ,,  ,,,,,,,,,,,,,,,,,,
,,444,,,,,,,,,,,,,,,,,,  ,,,,,,,,,,,,,,,  ,,,,,,  ,,  ,,,,,,,,,,,,,,,,,,
,,445,,,,,,,,,,,,,,,,,,  ,,,,,,,,,,,,,,,  ,,,,,,  ,,  ,,,,,,,,,,,,,,,,,,
,,446,,,,,,,,,,,,,,,,,,  ,,,,,,,,,,,,,,,  ,,,,,,  ,,  ,,,,,,,,,,,,,,,,,,
,,447,,,,,,,,,,,,,,,,,,  ,,,,,,,,,,,,,,,  ,,,,,,  ,,  ,,,,,,,,,,,,,,,,,,
,,448,,,,,,,,,,,,,,,,,,  ,,,,,,,,,,,,,,,  ,,,,,,  ,,  ,,,,,,,,,,,,,,,,,,
,,449,,,,,,,,,,,,,,,,,,  ,,,,,,,,,,,,,,,  ,,,,,,  ,,  ,,,,,,,,,,,,,,,,,,
,,450,,,,,,,,,,,,,,,,,,  ,,,,,,,,,,,,,,,  ,,,,,,  ,,  ,,,,,,,,,,,,,,,,,,
,,451,,,,,,,,,,,,,,,,,,  ,,,,,,,,,,,,,,,  ,,,,,,  ,,  ,,,,,,,,,,,,,,,,,,
,,452,,,,,,,,,,,,,,,,,,  ,,,,,,,,,,,,,,,  ,,,,,,  ,,  ,,,,,,,,,,,,,,,,,,
,,453,,,,,,,,,,,,,,,,,,  ,,,,,,,,,,,,,,,  ,,,,,,  ,,  ,,,,,,,,,,,,,,,,,,
,,454,,,,,,,,,,,,,,,,,,  ,,,,,,,,,,,,,,,  ,,,,,,  ,,  ,,,,,,,,,,,,,,,,,,
,,455,,,,,,,,,,,,,,,,,,  ,,,,,,,,,,,,,,,  ,,,,,,  ,,  ,,,,,,,,,,,,,,,,,,
,,456,,,,,,,,,,,,,,,,,,  ,,,,,,,,,,,,,,,  ,,,,,,  ,,  ,,,,,,,,,,,,,,,,,,
,,457,,,,,,,,,,,,,,,,,,  ,,,,,,,,,,,,,,,  ,,,,,,  ,,  ,,,,,,,,,,,,,,,,,,
,,458,,,,,,,,,,,,,,,,,,  ,,,,,,,,,,,,,,,  ,,,,,,  ,,  ,,,,,,,,,,,,,,,,,,
,,459,,,,,,,,,,,,,,,,,,  ,,,,,,,,,,,,,,,  ,,,,,,  ,,  ,,,,,,,,,,,,,,,,,,
,,460,,,,,,,,,,,,,,,,,,  ,,,,,,,,,,,,,,,  ,,,,,,  ,,  ,,,,,,,,,,,,,,,,,,
,,461,,,,,,,,,,,,,,,,,,  ,,,,,,,,,,,,,,,  ,,,,,,  ,,  ,,,,,,,,,,,,,,,,,,
,,462,,,,,,,,,,,,,,,,,,  ,,,,,,,,,,,,,,,  ,,,,,,  ,,  ,,,,,,,,,,,,,,,,,,
,,463,,,,,,,,,,,,,,,,,,  ,,,,,,,,,,,,,,,  ,,,,,,  ,,  ,,,,,,,,,,,,,,,,,,
,,464,,,,,,,,,,,,,,,,,,  ,,,,,,,,,,,,,,,  ,,,,,,  ,,  ,,,,,,,,,,,,,,,,,,
,,465,,,,,,,,,,,,,,,,,,  ,,,,,,,,,,,,,,,  ,,,,,,  ,,  ,,,,,,,,,,,,,,,,,,
,,466,,,,,,,,,,,,,,,,,,  ,,,,,,,,,,,,,,,  ,,,,,,  ,,  ,,,,,,,,,,,,,,,,,,
,,467,,,,,,,,,,,,,,,,,,  ,,,,,,,,,,,,,,,  ,,,,,,  ,,  ,,,,,,,,,,,,,,,,,,
,,468,,,,,,,,,,,,,,,,,,  ,,,,,,,,,,,,,,,  ,,,,,,  ,,  ,,,,,,,,,,,,,,,,,,
,,469,,,,,,,,,,,,,,,,,,  ,,,,,,,,,,,,,,,  ,,,,,,  ,,  ,,,,,,,,,,,,,,,,,,
,,470,,,,,,,,,,,,,,,,,,  ,,,,,,,,,,,,,,,  ,,,,,,  ,,  ,,,,,,,,,,,,,,,,,,
,,471,,,,,,,,,,,,,,,,,,  ,,,,,,,,,,,,,,,  ,,,,,,  ,,  ,,,,,,,,,,,,,,,,,,
,,472,,,,,,,,,,,,,,,,,,  ,,,,,,,,,,,,,,,  ,,,,,,  ,,  ,,,,,,,,,,,,,,,,,,
,,473,,,,,,,,,,,,,,,,,,  ,,,,,,,,,,,,,,,  ,,,,,,  ,,  ,,,,,,,,,,,,,,,,,,
,,474,,,,,,,,,,,,,,,,,,  ,,,,,,,,,,,,,,,  ,,,,,,  ,,  ,,,,,,,,,,,,,,,,,,
,,475,,,,,,,,,,,,,,,,,,  ,,,,,,,,,,,,,,,  ,,,,,,  ,,  ,,,,,,,,,,,,,,,,,,
,,476,,,,,,,,,,,,,,,,,,  ,,,,,,,,,,,,,,,  ,,,,,,  ,,  ,,,,,,,,,,,,,,,,,,
,,477,,,,,,,,,,,,,,,,,,  ,,,,,,,,,,,,,,,  ,,,,,,  ,,  ,,,,,,,,,,,,,,,,,,
,,478,,,,,,,,,,,,,,,,,,  ,,,,,,,,,,,,,,,  ,,,,,,  ,,  ,,,,,,,,,,,,,,,,,,
,,479,,,,,,,,,,,,,,,,,,  ,,,,,,,,,,,,,,,  ,,,,,,  ,,  ,,,,,,,,,,,,,,,,,,
,,480,,,,,,,,,,,,,,,,,,  ,,,,,,,,,,,,,,,  ,,,,,,  ,,  ,,,,,,,,,,,,,,,,,,
,,481,,,,,,,,,,,,,,,,,,  ,,,,,,,,,,,,,,,  ,,,,,,  ,,  ,,,,,,,,,,,,,,,,,,
,,482,,,,,,,,,,,,,,,,,,  ,,,,,,,,,,,,,,,  ,,,,,,  ,,  ,,,,,,,,,,,,,,,,,,
,,483,,,,,,,,,,,,,,,,,,  ,,,,,,,,,,,,,,,  ,,,,,,  ,,  ,,,,,,,,,,,,,,,,,,
,,484,,,,,,,,,,,,,,,,,,  ,,,,,,,,,,,,,,,  ,,,,,,  ,,  ,,,,,,,,,,,,,,,,,,
,,485,,,,,,,,,,,,,,,,,,  ,,,,,,,,,,,,,,,  ,,,,,,  ,,  ,,,,,,,,,,,,,,,,,,
,,486,,,,,,,,,,,,,,,,,,  ,,,,,,,,,,,,,,,  ,,,,,,  ,,  ,,,,,,,,,,,,,,,,,,
,,487,,,,,,,,,,,,,,,,,,  ,,,,,,,,,,,,,,,  ,,,,,,  ,,  ,,,,,,,,,,,,,,,,,,
,,488,,,,,,,,,,,,,,,,,,  ,,,,,,,,,,,,,,,  ,,,,,,  ,,  ,,,,,,,,,,,,,,,,,,
,,489,,,,,,,,,,,,,,,,,,  ,,,,,,,,,,,,,,,  ,,,,,,  ,,  ,,,,,,,,,,,,,,,,,,
,,490,,,,,,,,,,,,,,,,,,  ,,,,,,,,,,,,,,,  ,,,,,,  ,,  ,,,,,,,,,,,,,,,,,,
,,491,,,,,,,,,,,,,,,,,,  ,,,,,,,,,,,,,,,  ,,,,,,  ,,  ,,,,,,,,,,,,,,,,,,
,,492,,,,,,,,,,,,,,,,,,  ,,,,,,,,,,,,,,,  ,,,,,,  ,,  ,,,,,,,,,,,,,,,,,,
,,493,,,,,,,,,,,,,,,,,,  ,,,,,,,,,,,,,,,  ,,,,,,  ,,  ,,,,,,,,,,,,,,,,,,
,,494,,,,,,,,,,,,,,,,,,  ,,,,,,,,,,,,,,,  ,,,,,,  ,,  ,,,,,,,,,,,,,,,,,,
,,495,,,,,,,,,,,,,,,,,,  ,,,,,,,,,,,,,,,  ,,,,,,  ,,  ,,,,,,,,,,,,,,,,,,
,,496,,,,,,,,,,,,,,,,,,  ,,,,,,,,,,,,,,,  ,,,,,,  ,,  ,,,,,,,,,,,,,,,,,,
,,497,,,,,,,,,,,,,,,,,,  ,,,,,,,,,,,,,,,  ,,,,,,  ,,  ,,,,,,,,,,,,,,,,,,
,,498,,,,,,,,,,,,,,,,,,  ,,,,,,,,,,,,,,,  ,,,,,,  ,,  ,,,,,,,,,,,,,,,,,,
,,499,,,,,,,,,,,,,,,,,,  ,,,,,,,,,,,,,,,  ,,,,,,  ,,  ,,,,,,,,,,,,,,,,,,
,,500,,,,,,,,,,,,,,,,,,  ,,,,,,,,,,,,,,,  ,,,,,,  ,,  ,,,,,,,,,,,,,,,,,,
,,501,,,,,,,,,,,,,,,,,,  ,,,,,,,,,,,,,,,  ,,,,,,  ,,  ,,,,,,,,,,,,,,,,,,
,,502,,,,,,,,,,,,,,,,,,  ,,,,,,,,,,,,,,,  ,,,,,,  ,,  ,,,,,,,,,,,,,,,,,,
,,503,,,,,,,,,,,,,,,,,,  ,,,,,,,,,,,,,,,  ,,,,,,  ,,  ,,,,,,,,,,,,,,,,,,
,,504,,,,,,,,,,,,,,,,,,  ,,,,,,,,,,,,,,,  ,,,,,,  ,,  ,,,,,,,,,,,,,,,,,,
,,505,,,,,,,,,,,,,,,,,,  ,,,,,,,,,,,,,,,  ,,,,,,  ,,  ,,,,,,,,,,,,,,,,,,
,,506,,,,,,,,,,,,,,,,,,  ,,,,,,,,,,,,,,,  ,,,,,,  ,,  ,,,,,,,,,,,,,,,,,,
,,507,,,,,,,,,,,,,,,,,,  ,,,,,,,,,,,,,,,  ,,,,,,  ,,  ,,,,,,,,,,,,,,,,,,
,,508,,,,,,,,,,,,,,,,,,  ,,,,,,,,,,,,,,,  ,,,,,,  ,,  ,,,,,,,,,,,,,,,,,,
,,509,,,,,,,,,,,,,,,,,,  ,,,,,,,,,,,,,,,  ,,,,,,  ,,  ,,,,,,,,,,,,,,,,,,
,,510,,,,,,,,,,,,,,,,,,  ,,,,,,,,,,,,,,,  ,,,,,,  ,,  ,,,,,,,,,,,,,,,,,,
,,511,,,,,,,,,,,,,,,,,,  ,,,,,,,,,,,,,,,  ,,,,,,  ,,  ,,,,,,,,,,,,,,,,,,
,,512,,,,,,,,,,,,,,,,,,  ,,,,,,,,,,,,,,,  ,,,,,,  ,,  ,,,,,,,,,,,,,,,,,,
,,513,,,,,,,,,,,,,,,,,,  ,,,,,,,,,,,,,,,  ,,,,,,  ,,  ,,,,,,,,,,,,,,,,,,
,,514,,,,,,,,,,,,,,,,,,  ,,,,,,,,,,,,,,,  ,,,,,,  ,,  ,,,,,,,,,,,,,,,,,,
,,515,,,,,,,,,,,,,,,,,,  ,,,,,,,,,,,,,,,  ,,,,,,  ,,  ,,,,,,,,,,,,,,,,,,
,,516,,,,,,,,,,,,,,,,,,  ,,,,,,,,,,,,,,,  ,,,,,,  ,,  ,,,,,,,,,,,,,,,,,,
,,517,,,,,,,,,,,,,,,,,,  ,,,,,,,,,,,,,,,  ,,,,,,  ,,  ,,,,,,,,,,,,,,,,,,
,,518,,,,,,,,,,,,,,,,,,  ,,,,,,,,,,,,,,,  ,,,,,,  ,,  ,,,,,,,,,,,,,,,,,,
,,519,,,,,,,,,,,,,,,,,,  ,,,,,,,,,,,,,,,  ,,,,,,  ,,  ,,,,,,,,,,,,,,,,,,
,,520,,,,,,,,,,,,,,,,,,  ,,,,,,,,,,,,,,,  ,,,,,,  ,,  ,,,,,,,,,,,,,,,,,,
,,521,,,,,,,,,,,,,,,,,,  ,,,,,,,,,,,,,,,  ,,,,,,  ,,  ,,,,,,,,,,,,,,,,,,
,,522,,,,,,,,,,,,,,,,,,  ,,,,,,,,,,,,,,,  ,,,,,,  ,,  ,,,,,,,,,,,,,,,,,,
,,523,,,,,,,,,,,,,,,,,,  ,,,,,,,,,,,,,,,  ,,,,,,  ,,  ,,,,,,,,,,,,,,,,,,
,,524,,,,,,,,,,,,,,,,,,  ,,,,,,,,,,,,,,,  ,,,,,,  ,,  ,,,,,,,,,,,,,,,,,,
,,525,,,,,,,,,,,,,,,,,,  ,,,,,,,,,,,,,,,  ,,,,,,  ,,  ,,,,,,,,,,,,,,,,,,
,,526,,,,,,,,,,,,,,,,,,  ,,,,,,,,,,,,,,,  ,,,,,,  ,,  ,,,,,,,,,,,,,,,,,,
,,527,,,,,,,,,,,,,,,,,,  ,,,,,,,,,,,,,,,  ,,,,,,  ,,  ,,,,,,,,,,,,,,,,,,
,,528,,,,,,,,,,,,,,,,,,  ,,,,,,,,,,,,,,,  ,,,,,,  ,,  ,,,,,,,,,,,,,,,,,,
,,529,,,,,,,,,,,,,,,,,,  ,,,,,,,,,,,,,,,  ,,,,,,  ,,  ,,,,,,,,,,,,,,,,,,
,,530,,,,,,,,,,,,,,,,,,  ,,,,,,,,,,,,,,,  ,,,,,,  ,,  ,,,,,,,,,,,,,,,,,,
,,531,,,,,,,,,,,,,,,,,,  ,,,,,,,,,,,,,,,  ,,,,,,  ,,  ,,,,,,,,,,,,,,,,,,
,,532,,,,,,,,,,,,,,,,,,  ,,,,,,,,,,,,,,,  ,,,,,,  ,,  ,,,,,,,,,,,,,,,,,,
,,533,,,,,,,,,,,,,,,,,,  ,,,,,,,,,,,,,,,  ,,,,,,  ,,  ,,,,,,,,,,,,,,,,,,
,,534,,,,,,,,,,,,,,,,,,  ,,,,,,,,,,,,,,,  ,,,,,,  ,,  ,,,,,,,,,,,,,,,,,,
,,535,,,,,,,,,,,,,,,,,,  ,,,,,,,,,,,,,,,  ,,,,,,  ,,  ,,,,,,,,,,,,,,,,,,
,,536,,,,,,,,,,,,,,,,,,  ,,,,,,,,,,,,,,,  ,,,,,,  ,,  ,,,,,,,,,,,,,,,,,,
,,537,,,,,,,,,,,,,,,,,,  ,,,,,,,,,,,,,,,  ,,,,,,  ,,  ,,,,,,,,,,,,,,,,,,
,,538,,,,,,,,,,,,,,,,,,  ,,,,,,,,,,,,,,,  ,,,,,,  ,,  ,,,,,,,,,,,,,,,,,,
,,539,,,,,,,,,,,,,,,,,,  ,,,,,,,,,,,,,,,  ,,,,,,  ,,  ,,,,,,,,,,,,,,,,,,
,,540,,,,,,,,,,,,,,,,,,  ,,,,,,,,,,,,,,,  ,,,,,,  ,,  ,,,,,,,,,,,,,,,,,,
,,541,,,,,,,,,,,,,,,,,,  ,,,,,,,,,,,,,,,  ,,,,,,  ,,  ,,,,,,,,,,,,,,,,,,
,,542,,,,,,,,,,,,,,,,,,  ,,,,,,,,,,,,,,,  ,,,,,,  ,,  ,,,,,,,,,,,,,,,,,,
,,543,,,,,,,,,,,,,,,,,,  ,,,,,,,,,,,,,,,  ,,,,,,  ,,  ,,,,,,,,,,,,,,,,,,
,,544,,,,,,,,,,,,,,,,,,  ,,,,,,,,,,,,,,,  ,,,,,,  ,,  ,,,,,,,,,,,,,,,,,,
,,545,,,,,,,,,,,,,,,,,,  ,,,,,,,,,,,,,,,  ,,,,,,  ,,  ,,,,,,,,,,,,,,,,,,
,,546,,,,,,,,,,,,,,,,,,  ,,,,,,,,,,,,,,,  ,,,,,,  ,,  ,,,,,,,,,,,,,,,,,,
,,547,,,,,,,,,,,,,,,,,,  ,,,,,,,,,,,,,,,  ,,,,,,  ,,  ,,,,,,,,,,,,,,,,,,
,,548,,,,,,,,,,,,,,,,,,  ,,,,,,,,,,,,,,,  ,,,,,,  ,,  ,,,,,,,,,,,,,,,,,,
,,549,,,,,,,,,,,,,,,,,,  ,,,,,,,,,,,,,,,  ,,,,,,  ,,  ,,,,,,,,,,,,,,,,,,
,,550,,,,,,,,,,,,,,,,,,  ,,,,,,,,,,,,,,,  ,,,,,,  ,,  ,,,,,,,,,,,,,,,,,,
,,551,,,,,,,,,,,,,,,,,,  ,,,,,,,,,,,,,,,  ,,,,,,  ,,  ,,,,,,,,,,,,,,,,,,
,,552,,,,,,,,,,,,,,,,,,  ,,,,,,,,,,,,,,,  ,,,,,,  ,,  ,,,,,,,,,,,,,,,,,,
,,553,,,,,,,,,,,,,,,,,,  ,,,,,,,,,,,,,,,  ,,,,,,  ,,  ,,,,,,,,,,,,,,,,,,
,,554,,,,,,,,,,,,,,,,,,  ,,,,,,,,,,,,,,,  ,,,,,,  ,,  ,,,,,,,,,,,,,,,,,,
,,555,,,,,,,,,,,,,,,,,,  ,,,,,,,,,,,,,,,  ,,,,,,  ,,  ,,,,,,,,,,,,,,,,,,
,,556,,,,,,,,,,,,,,,,,,  ,,,,,,,,,,,,,,,  ,,,,,,  ,,  ,,,,,,,,,,,,,,,,,,
,,557,,,,,,,,,,,,,,,,,,  ,,,,,,,,,,,,,,,  ,,,,,,  ,,  ,,,,,,,,,,,,,,,,,,
,,558,,,,,,,,,,,,,,,,,,  ,,,,,,,,,,,,,,,  ,,,,,,  ,,  ,,,,,,,,,,,,,,,,,,
,,559,,,,,,,,,,,,,,,,,,  ,,,,,,,,,,,,,,,  ,,,,,,  ,,  ,,,,,,,,,,,,,,,,,,
,,560,,,,,,,,,,,,,,,,,,  ,,,,,,,,,,,,,,,  ,,,,,,  ,,  ,,,,,,,,,,,,,,,,,,
,,561,,,,,,,,,,,,,,,,,,  ,,,,,,,,,,,,,,,  ,,,,,,  ,,  ,,,,,,,,,,,,,,,,,,
,,562,,,,,,,,,,,,,,,,,,  ,,,,,,,,,,,,,,,  ,,,,,,  ,,  ,,,,,,,,,,,,,,,,,,
,,563,,,,,,,,,,,,,,,,,,  ,,,,,,,,,,,,,,,  ,,,,,,  ,,  ,,,,,,,,,,,,,,,,,,
,,564,,,,,,,,,,,,,,,,,,  ,,,,,,,,,,,,,,,  ,,,,,,  ,,  ,,,,,,,,,,,,,,,,,,
,,565,,,,,,,,,,,,,,,,,,  ,,,,,,,,,,,,,,,  ,,,,,,  ,,  ,,,,,,,,,,,,,,,,,,
,,566,,,,,,,,,,,,,,,,,,  ,,,,,,,,,,,,,,,  ,,,,,,  ,,  ,,,,,,,,,,,,,,,,,,
,,567,,,,,,,,,,,,,,,,,,  ,,,,,,,,,,,,,,,  ,,,,,,  ,,  ,,,,,,,,,,,,,,,,,,
,,568,,,,,,,,,,,,,,,,,,  ,,,,,,,,,,,,,,,  ,,,,,,  ,,  ,,,,,,,,,,,,,,,,,,
,,569,,,,,,,,,,,,,,,,,,  ,,,,,,,,,,,,,,,  ,,,,,,  ,,  ,,,,,,,,,,,,,,,,,,
,,570,,,,,,,,,,,,,,,,,,  ,,,,,,,,,,,,,,,  ,,,,,,  ,,  ,,,,,,,,,,,,,,,,,,
,,571,,,,,,,,,,,,,,,,,,  ,,,,,,,,,,,,,,,  ,,,,,,  ,,  ,,,,,,,,,,,,,,,,,,
,,572,,,,,,,,,,,,,,,,,,  ,,,,,,,,,,,,,,,  ,,,,,,  ,,  ,,,,,,,,,,,,,,,,,,
,,573,,,,,,,,,,,,,,,,,,  ,,,,,,,,,,,,,,,  ,,,,,,  ,,  ,,,,,,,,,,,,,,,,,,
,,574,,,,,,,,,,,,,,,,,,  ,,,,,,,,,,,,,,,  ,,,,,,  ,,  ,,,,,,,,,,,,,,,,,,
,,575,,,,,,,,,,,,,,,,,,  ,,,,,,,,,,,,,,,  ,,,,,,  ,,  ,,,,,,,,,,,,,,,,,,
,,576,,,,,,,,,,,,,,,,,,  ,,,,,,,,,,,,,,,  ,,,,,,  ,,  ,,,,,,,,,,,,,,,,,,
,,577,,,,,,,,,,,,,,,,,,  ,,,,,,,,,,,,,,,  ,,,,,,  ,,  ,,,,,,,,,,,,,,,,,,
,,578,,,,,,,,,,,,,,,,,,  ,,,,,,,,,,,,,,,  ,,,,,,  ,,  ,,,,,,,,,,,,,,,,,,
,,579,,,,,,,,,,,,,,,,,,  ,,,,,,,,,,,,,,,  ,,,,,,  ,,  ,,,,,,,,,,,,,,,,,,
,,580,,,,,,,,,,,,,,,,,,  ,,,,,,,,,,,,,,,  ,,,,,,  ,,  ,,,,,,,,,,,,,,,,,,
,,581,,,,,,,,,,,,,,,,,,  ,,,,,,,,,,,,,,,  ,,,,,,  ,,  ,,,,,,,,,,,,,,,,,,
,,582,,,,,,,,,,,,,,,,,,  ,,,,,,,,,,,,,,,  ,,,,,,  ,,  ,,,,,,,,,,,,,,,,,,
,,583,,,,,,,,,,,,,,,,,,  ,,,,,,,,,,,,,,,  ,,,,,,  ,,  ,,,,,,,,,,,,,,,,,,
,,584,,,,,,,,,,,,,,,,,,  ,,,,,,,,,,,,,,,  ,,,,,,  ,,  ,,,,,,,,,,,,,,,,,,
,,585,,,,,,,,,,,,,,,,,,  ,,,,,,,,,,,,,,,  ,,,,,,  ,,  ,,,,,,,,,,,,,,,,,,
,,586,,,,,,,,,,,,,,,,,,  ,,,,,,,,,,,,,,,  ,,,,,,  ,,  ,,,,,,,,,,,,,,,,,,
,,587,,,,,,,,,,,,,,,,,,  ,,,,,,,,,,,,,,,  ,,,,,,  ,,  ,,,,,,,,,,,,,,,,,,
,,588,,,,,,,,,,,,,,,,,,  ,,,,,,,,,,,,,,,  ,,,,,,  ,,  ,,,,,,,,,,,,,,,,,,
,,589,,,,,,,,,,,,,,,,,,  ,,,,,,,,,,,,,,,  ,,,,,,  ,,  ,,,,,,,,,,,,,,,,,,
,,590,,,,,,,,,,,,,,,,,,  ,,,,,,,,,,,,,,,  ,,,,,,  ,,  ,,,,,,,,,,,,,,,,,,
,,591,,,,,,,,,,,,,,,,,,  ,,,,,,,,,,,,,,,  ,,,,,,  ,,  ,,,,,,,,,,,,,,,,,,
,,592,,,,,,,,,,,,,,,,,,  ,,,,,,,,,,,,,,,  ,,,,,,  ,,  ,,,,,,,,,,,,,,,,,,
,,593,,,,,,,,,,,,,,,,,,  ,,,,,,,,,,,,,,,  ,,,,,,  ,,  ,,,,,,,,,,,,,,,,,,
,,594,,,,,,,,,,,,,,,,,,  ,,,,,,,,,,,,,,,  ,,,,,,  ,,  ,,,,,,,,,,,,,,,,,,
,,595,,,,,,,,,,,,,,,,,,  ,,,,,,,,,,,,,,,  ,,,,,,  ,,  ,,,,,,,,,,,,,,,,,,
,,596,,,,,,,,,,,,,,,,,,  ,,,,,,,,,,,,,,,  ,,,,,,  ,,  ,,,,,,,,,,,,,,,,,,
,,597,,,,,,,,,,,,,,,,,,  ,,,,,,,,,,,,,,,  ,,,,,,  ,,  ,,,,,,,,,,,,,,,,,,
,,598,,,,,,,,,,,,,,,,,,  ,,,,,,,,,,,,,,,  ,,,,,,  ,,  ,,,,,,,,,,,,,,,,,,
,,599,,,,,,,,,,,,,,,,,,  ,,,,,,,,,,,,,,,  ,,,,,,  ,,  ,,,,,,,,,,,,,,,,,,
,,600,,,,,,,,,,,,,,,,,,  ,,,,,,,,,,,,,,,  ,,,,,,  ,,  ,,,,,,,,,,,,,,,,,,
,,601,,,,,,,,,,,,,,,,,,  ,,,,,,,,,,,,,,,  ,,,,,,  ,,  ,,,,,,,,,,,,,,,,,,
,,602,,,,,,,,,,,,,,,,,,  ,,,,,,,,,,,,,,,  ,,,,,,  ,,  ,,,,,,,,,,,,,,,,,,
,,603,,,,,,,,,,,,,,,,,,  ,,,,,,,,,,,,,,,  ,,,,,,  ,,  ,,,,,,,,,,,,,,,,,,
,,604,,,,,,,,,,,,,,,,,,  ,,,,,,,,,,,,,,,  ,,,,,,  ,,  ,,,,,,,,,,,,,,,,,,
,,605,,,,,,,,,,,,,,,,,,  ,,,,,,,,,,,,,,,  ,,,,,,  ,,  ,,,,,,,,,,,,,,,,,,
,,606,,,,,,,,,,,,,,,,,,  ,,,,,,,,,,,,,,,  ,,,,,,  ,,  ,,,,,,,,,,,,,,,,,,
,,607,,,,,,,,,,,,,,,,,,  ,,,,,,,,,,,,,,,  ,,,,,,  ,,  ,,,,,,,,,,,,,,,,,,
,,608,,,,,,,,,,,,,,,,,,  ,,,,,,,,,,,,,,,  ,,,,,,  ,,  ,,,,,,,,,,,,,,,,,,
,,609,,,,,,,,,,,,,,,,,,  ,,,,,,,,,,,,,,,  ,,,,,,  ,,  ,,,,,,,,,,,,,,,,,,
,,610,,,,,,,,,,,,,,,,,,  ,,,,,,,,,,,,,,,  ,,,,,,  ,,  ,,,,,,,,,,,,,,,,,,
,,611,,,,,,,,,,,,,,,,,,  ,,,,,,,,,,,,,,,  ,,,,,,  ,,  ,,,,,,,,,,,,,,,,,,
,,612,,,,,,,,,,,,,,,,,,  ,,,,,,,,,,,,,,,  ,,,,,,  ,,  ,,,,,,,,,,,,,,,,,,
,,613,,,,,,,,,,,,,,,,,,  ,,,,,,,,,,,,,,,  ,,,,,,  ,,  ,,,,,,,,,,,,,,,,,,
,,614,,,,,,,,,,,,,,,,,,  ,,,,,,,,,,,,,,,  ,,,,,,  ,,  ,,,,,,,,,,,,,,,,,,
,,615,,,,,,,,,,,,,,,,,,  ,,,,,,,,,,,,,,,  ,,,,,,  ,,  ,,,,,,,,,,,,,,,,,,
,,616,,,,,,,,,,,,,,,,,,  ,,,,,,,,,,,,,,,  ,,,,,,  ,,  ,,,,,,,,,,,,,,,,,,
,,617,,,,,,,,,,,,,,,,,,  ,,,,,,,,,,,,,,,  ,,,,,,  ,,  ,,,,,,,,,,,,,,,,,,
,,618,,,,,,,,,,,,,,,,,,  ,,,,,,,,,,,,,,,  ,,,,,,  ,,  ,,,,,,,,,,,,,,,,,,
,,619,,,,,,,,,,,,,,,,,,  ,,,,,,,,,,,,,,,  ,,,,,,  ,,  ,,,,,,,,,,,,,,,,,,
,,620,,,,,,,,,,,,,,,,,,  ,,,,,,,,,,,,,,,  ,,,,,,  ,,  ,,,,,,,,,,,,,,,,,,
,,621,,,,,,,,,,,,,,,,,,  ,,,,,,,,,,,,,,,  ,,,,,,  ,,  ,,,,,,,,,,,,,,,,,,
,,622,,,,,,,,,,,,,,,,,,  ,,,,,,,,,,,,,,,  ,,,,,,  ,,  ,,,,,,,,,,,,,,,,,,
,,623,,,,,,,,,,,,,,,,,,  ,,,,,,,,,,,,,,,  ,,,,,,  ,,  ,,,,,,,,,,,,,,,,,,
,,624,,,,,,,,,,,,,,,,,,  ,,,,,,,,,,,,,,,  ,,,,,,  ,,  ,,,,,,,,,,,,,,,,,,
,,625,,,,,,,,,,,,,,,,,,  ,,,,,,,,,,,,,,,  ,,,,,,  ,,  ,,,,,,,,,,,,,,,,,,
,,626,,,,,,,,,,,,,,,,,,  ,,,,,,,,,,,,,,,  ,,,,,,  ,,  ,,,,,,,,,,,,,,,,,,
,,627,,,,,,,,,,,,,,,,,,  ,,,,,,,,,,,,,,,  ,,,,,,  ,,  ,,,,,,,,,,,,,,,,,,
,,628,,,,,,,,,,,,,,,,,,  ,,,,,,,,,,,,,,,  ,,,,,,  ,,  ,,,,,,,,,,,,,,,,,,
,,629,,,,,,,,,,,,,,,,,,  ,,,,,,,,,,,,,,,  ,,,,,,  ,,  ,,,,,,,,,,,,,,,,,,
,,630,,,,,,,,,,,,,,,,,,  ,,,,,,,,,,,,,,,  ,,,,,,  ,,  ,,,,,,,,,,,,,,,,,,
,,631,,,,,,,,,,,,,,,,,,  ,,,,,,,,,,,,,,,  ,,,,,,  ,,  ,,,,,,,,,,,,,,,,,,
,,632,,,,,,,,,,,,,,,,,,  ,,,,,,,,,,,,,,,  ,,,,,,  ,,  ,,,,,,,,,,,,,,,,,,
,,633,,,,,,,,,,,,,,,,,,  ,,,,,,,,,,,,,,,  ,,,,,,  ,,  ,,,,,,,,,,,,,,,,,,
,,634,,,,,,,,,,,,,,,,,,  ,,,,,,,,,,,,,,,  ,,,,,,  ,,  ,,,,,,,,,,,,,,,,,,
,,635,,,,,,,,,,,,,,,,,,  ,,,,,,,,,,,,,,,  ,,,,,,  ,,  ,,,,,,,,,,,,,,,,,,
,,636,,,,,,,,,,,,,,,,,,  ,,,,,,,,,,,,,,,  ,,,,,,  ,,  ,,,,,,,,,,,,,,,,,,
,,637,,,,,,,,,,,,,,,,,,  ,,,,,,,,,,,,,,,  ,,,,,,  ,,  ,,,,,,,,,,,,,,,,,,
,,638,,,,,,,,,,,,,,,,,,  ,,,,,,,,,,,,,,,  ,,,,,,  ,,  ,,,,,,,,,,,,,,,,,,
,,639,,,,,,,,,,,,,,,,,,  ,,,,,,,,,,,,,,,  ,,,,,,  ,,  ,,,,,,,,,,,,,,,,,,
,,640,,,,,,,,,,,,,,,,,,  ,,,,,,,,,,,,,,,  ,,,,,,  ,,  ,,,,,,,,,,,,,,,,,,
,,641,,,,,,,,,,,,,,,,,,  ,,,,,,,,,,,,,,,  ,,,,,,  ,,  ,,,,,,,,,,,,,,,,,,
,,642,,,,,,,,,,,,,,,,,,  ,,,,,,,,,,,,,,,  ,,,,,,  ,,  ,,,,,,,,,,,,,,,,,,
,,643,,,,,,,,,,,,,,,,,,  ,,,,,,,,,,,,,,,  ,,,,,,  ,,  ,,,,,,,,,,,,,,,,,,
,,644,,,,,,,,,,,,,,,,,,  ,,,,,,,,,,,,,,,  ,,,,,,  ,,  ,,,,,,,,,,,,,,,,,,
,,645,,,,,,,,,,,,,,,,,,  ,,,,,,,,,,,,,,,  ,,,,,,  ,,  ,,,,,,,,,,,,,,,,,,
,,646,,,,,,,,,,,,,,,,,,  ,,,,,,,,,,,,,,,  ,,,,,,  ,,  ,,,,,,,,,,,,,,,,,,
,,647,,,,,,,,,,,,,,,,,,  ,,,,,,,,,,,,,,,  ,,,,,,  ,,  ,,,,,,,,,,,,,,,,,,
,,648,,,,,,,,,,,,,,,,,,  ,,,,,,,,,,,,,,,  ,,,,,,  ,,  ,,,,,,,,,,,,,,,,,,
,,649,,,,,,,,,,,,,,,,,,  ,,,,,,,,,,,,,,,  ,,,,,,  ,,  ,,,,,,,,,,,,,,,,,,
,,650,,,,,,,,,,,,,,,,,,  ,,,,,,,,,,,,,,,  ,,,,,,  ,,  ,,,,,,,,,,,,,,,,,,
,,651,,,,,,,,,,,,,,,,,,  ,,,,,,,,,,,,,,,  ,,,,,,  ,,  ,,,,,,,,,,,,,,,,,,
,,652,,,,,,,,,,,,,,,,,,  ,,,,,,,,,,,,,,,  ,,,,,,  ,,  ,,,,,,,,,,,,,,,,,,
,,653,,,,,,,,,,,,,,,,,,  ,,,,,,,,,,,,,,,  ,,,,,,  ,,  ,,,,,,,,,,,,,,,,,,
,,654,,,,,,,,,,,,,,,,,,  ,,,,,,,,,,,,,,,  ,,,,,,  ,,  ,,,,,,,,,,,,,,,,,,
,,655,,,,,,,,,,,,,,,,,,  ,,,,,,,,,,,,,,,  ,,,,,,  ,,  ,,,,,,,,,,,,,,,,,,
,,656,,,,,,,,,,,,,,,,,,  ,,,,,,,,,,,,,,,  ,,,,,,  ,,  ,,,,,,,,,,,,,,,,,,
,,657,,,,,,,,,,,,,,,,,,  ,,,,,,,,,,,,,,,  ,,,,,,  ,,  ,,,,,,,,,,,,,,,,,,
,,658,,,,,,,,,,,,,,,,,,  ,,,,,,,,,,,,,,,  ,,,,,,  ,,  ,,,,,,,,,,,,,,,,,,
,,659,,,,,,,,,,,,,,,,,,  ,,,,,,,,,,,,,,,  ,,,,,,  ,,  ,,,,,,,,,,,,,,,,,,
,,660,,,,,,,,,,,,,,,,,,  ,,,,,,,,,,,,,,,  ,,,,,,  ,,  ,,,,,,,,,,,,,,,,,,
,,661,,,,,,,,,,,,,,,,,,  ,,,,,,,,,,,,,,,  ,,,,,,  ,,  ,,,,,,,,,,,,,,,,,,
,,662,,,,,,,,,,,,,,,,,,  ,,,,,,,,,,,,,,,  ,,,,,,  ,,  ,,,,,,,,,,,,,,,,,,
,,663,,,,,,,,,,,,,,,,,,  ,,,,,,,,,,,,,,,  ,,,,,,  ,,  ,,,,,,,,,,,,,,,,,,
,,664,,,,,,,,,,,,,,,,,,  ,,,,,,,,,,,,,,,  ,,,,,,  ,,  ,,,,,,,,,,,,,,,,,,
,,665,,,,,,,,,,,,,,,,,,  ,,,,,,,,,,,,,,,  ,,,,,,  ,,  ,,,,,,,,,,,,,,,,,,
,,666,,,,,,,,,,,,,,,,,,  ,,,,,,,,,,,,,,,  ,,,,,,  ,,  ,,,,,,,,,,,,,,,,,,
,,667,,,,,,,,,,,,,,,,,,  ,,,,,,,,,,,,,,,  ,,,,,,  ,,  ,,,,,,,,,,,,,,,,,,
,,668,,,,,,,,,,,,,,,,,,  ,,,,,,,,,,,,,,,  ,,,,,,  ,,  ,,,,,,,,,,,,,,,,,,
,,669,,,,,,,,,,,,,,,,,,  ,,,,,,,,,,,,,,,  ,,,,,,  ,,  ,,,,,,,,,,,,,,,,,,
,,670,,,,,,,,,,,,,,,,,,  ,,,,,,,,,,,,,,,  ,,,,,,  ,,  ,,,,,,,,,,,,,,,,,,
,,671,,,,,,,,,,,,,,,,,,  ,,,,,,,,,,,,,,,  ,,,,,,  ,,  ,,,,,,,,,,,,,,,,,,
,,672,,,,,,,,,,,,,,,,,,  ,,,,,,,,,,,,,,,  ,,,,,,  ,,  ,,,,,,,,,,,,,,,,,,
,,673,,,,,,,,,,,,,,,,,,  ,,,,,,,,,,,,,,,  ,,,,,,  ,,  ,,,,,,,,,,,,,,,,,,
,,674,,,,,,,,,,,,,,,,,,  ,,,,,,,,,,,,,,,  ,,,,,,  ,,  ,,,,,,,,,,,,,,,,,,
,,675,,,,,,,,,,,,,,,,,,  ,,,,,,,,,,,,,,,  ,,,,,,  ,,  ,,,,,,,,,,,,,,,,,,
,,676,,,,,,,,,,,,,,,,,,  ,,,,,,,,,,,,,,,  ,,,,,,  ,,  ,,,,,,,,,,,,,,,,,,
,,677,,,,,,,,,,,,,,,,,,  ,,,,,,,,,,,,,,,  ,,,,,,  ,,  ,,,,,,,,,,,,,,,,,,
,,678,,,,,,,,,,,,,,,,,,  ,,,,,,,,,,,,,,,  ,,,,,,  ,,  ,,,,,,,,,,,,,,,,,,
,,679,,,,,,,,,,,,,,,,,,  ,,,,,,,,,,,,,,,  ,,,,,,  ,,  ,,,,,,,,,,,,,,,,,,
,,680,,,,,,,,,,,,,,,,,,  ,,,,,,,,,,,,,,,  ,,,,,,  ,,  ,,,,,,,,,,,,,,,,,,
,,681,,,,,,,,,,,,,,,,,,  ,,,,,,,,,,,,,,,  ,,,,,,  ,,  ,,,,,,,,,,,,,,,,,,
,,682,,,,,,,,,,,,,,,,,,  ,,,,,,,,,,,,,,,  ,,,,,,  ,,  ,,,,,,,,,,,,,,,,,,
,,683,,,,,,,,,,,,,,,,,,  ,,,,,,,,,,,,,,,  ,,,,,,  ,,  ,,,,,,,,,,,,,,,,,,
,,684,,,,,,,,,,,,,,,,,,  ,,,,,,,,,,,,,,,  ,,,,,,  ,,  ,,,,,,,,,,,,,,,,,,
,,685,,,,,,,,,,,,,,,,,,  ,,,,,,,,,,,,,,,  ,,,,,,  ,,  ,,,,,,,,,,,,,,,,,,
,,686,,,,,,,,,,,,,,,,,,  ,,,,,,,,,,,,,,,  ,,,,,,  ,,  ,,,,,,,,,,,,,,,,,,
,,687,,,,,,,,,,,,,,,,,,  ,,,,,,,,,,,,,,,  ,,,,,,  ,,  ,,,,,,,,,,,,,,,,,,
,,688,,,,,,,,,,,,,,,,,,  ,,,,,,,,,,,,,,,  ,,,,,,  ,,  ,,,,,,,,,,,,,,,,,,
,,689,,,,,,,,,,,,,,,,,,  ,,,,,,,,,,,,,,,  ,,,,,,  ,,  ,,,,,,,,,,,,,,,,,,
,,690,,,,,,,,,,,,,,,,,,  ,,,,,,,,,,,,,,,  ,,,,,,  ,,  ,,,,,,,,,,,,,,,,,,
,,691,,,,,,,,,,,,,,,,,,  ,,,,,,,,,,,,,,,  ,,,,,,  ,,  ,,,,,,,,,,,,,,,,,,
,,692,,,,,,,,,,,,,,,,,,  ,,,,,,,,,,,,,,,  ,,,,,,  ,,  ,,,,,,,,,,,,,,,,,,
,,693,,,,,,,,,,,,,,,,,,  ,,,,,,,,,,,,,,,  ,,,,,,  ,,  ,,,,,,,,,,,,,,,,,,
,,694,,,,,,,,,,,,,,,,,,  ,,,,,,,,,,,,,,,  ,,,,,,  ,,  ,,,,,,,,,,,,,,,,,,
,,695,,,,,,,,,,,,,,,,,,  ,,,,,,,,,,,,,,,  ,,,,,,  ,,  ,,,,,,,,,,,,,,,,,,
,,696,,,,,,,,,,,,,,,,,,  ,,,,,,,,,,,,,,,  ,,,,,,  ,,  ,,,,,,,,,,,,,,,,,,
,,697,,,,,,,,,,,,,,,,,,  ,,,,,,,,,,,,,,,  ,,,,,,  ,,  ,,,,,,,,,,,,,,,,,,
,,698,,,,,,,,,,,,,,,,,,  ,,,,,,,,,,,,,,,  ,,,,,,  ,,  ,,,,,,,,,,,,,,,,,,
,,699,,,,,,,,,,,,,,,,,,  ,,,,,,,,,,,,,,,  ,,,,,,  ,,  ,,,,,,,,,,,,,,,,,,
,,700,,,,,,,,,,,,,,,,,,  ,,,,,,,,,,,,,,,  ,,,,,,  ,,  ,,,,,,,,,,,,,,,,,,
,,701,,,,,,,,,,,,,,,,,,  ,,,,,,,,,,,,,,,  ,,,,,,  ,,  ,,,,,,,,,,,,,,,,,,
,,702,,,,,,,,,,,,,,,,,,  ,,,,,,,,,,,,,,,  ,,,,,,  ,,  ,,,,,,,,,,,,,,,,,,
,,703,,,,,,,,,,,,,,,,,,  ,,,,,,,,,,,,,,,  ,,,,,,  ,,  ,,,,,,,,,,,,,,,,,,
,,704,,,,,,,,,,,,,,,,,,  ,,,,,,,,,,,,,,,  ,,,,,,  ,,  ,,,,,,,,,,,,,,,,,,
,,705,,,,,,,,,,,,,,,,,,  ,,,,,,,,,,,,,,,  ,,,,,,  ,,  ,,,,,,,,,,,,,,,,,,
,,706,,,,,,,,,,,,,,,,,,  ,,,,,,,,,,,,,,,  ,,,,,,  ,,  ,,,,,,,,,,,,,,,,,,
,,707,,,,,,,,,,,,,,,,,,  ,,,,,,,,,,,,,,,  ,,,,,,  ,,  ,,,,,,,,,,,,,,,,,,
,,708,,,,,,,,,,,,,,,,,,  ,,,,,,,,,,,,,,,  ,,,,,,  ,,  ,,,,,,,,,,,,,,,,,,
,,709,,,,,,,,,,,,,,,,,,  ,,,,,,,,,,,,,,,  ,,,,,,  ,,  ,,,,,,,,,,,,,,,,,,
,,710,,,,,,,,,,,,,,,,,,  ,,,,,,,,,,,,,,,  ,,,,,,  ,,  ,,,,,,,,,,,,,,,,,,
,,711,,,,,,,,,,,,,,,,,,  ,,,,,,,,,,,,,,,  ,,,,,,  ,,  ,,,,,,,,,,,,,,,,,,
,,712,,,,,,,,,,,,,,,,,,  ,,,,,,,,,,,,,,,  ,,,,,,  ,,  ,,,,,,,,,,,,,,,,,,
,,713,,,,,,,,,,,,,,,,,,  ,,,,,,,,,,,,,,,  ,,,,,,  ,,  ,,,,,,,,,,,,,,,,,,
,,714,,,,,,,,,,,,,,,,,,  ,,,,,,,,,,,,,,,  ,,,,,,  ,,  ,,,,,,,,,,,,,,,,,,
,,715,,,,,,,,,,,,,,,,,,  ,,,,,,,,,,,,,,,  ,,,,,,  ,,  ,,,,,,,,,,,,,,,,,,
,,716,,,,,,,,,,,,,,,,,,  ,,,,,,,,,,,,,,,  ,,,,,,  ,,  ,,,,,,,,,,,,,,,,,,
,,717,,,,,,,,,,,,,,,,,,  ,,,,,,,,,,,,,,,  ,,,,,,  ,,  ,,,,,,,,,,,,,,,,,,
,,718,,,,,,,,,,,,,,,,,,  ,,,,,,,,,,,,,,,  ,,,,,,  ,,  ,,,,,,,,,,,,,,,,,,
,,719,,,,,,,,,,,,,,,,,,  ,,,,,,,,,,,,,,,  ,,,,,,  ,,  ,,,,,,,,,,,,,,,,,,
,,720,,,,,,,,,,,,,,,,,,  ,,,,,,,,,,,,,,,  ,,,,,,  ,,  ,,,,,,,,,,,,,,,,,,
,,721,,,,,,,,,,,,,,,,,,  ,,,,,,,,,,,,,,,  ,,,,,,  ,,  ,,,,,,,,,,,,,,,,,,
,,722,,,,,,,,,,,,,,,,,,  ,,,,,,,,,,,,,,,  ,,,,,,  ,,  ,,,,,,,,,,,,,,,,,,
,,723,,,,,,,,,,,,,,,,,,  ,,,,,,,,,,,,,,,  ,,,,,,  ,,  ,,,,,,,,,,,,,,,,,,
,,724,,,,,,,,,,,,,,,,,,  ,,,,,,,,,,,,,,,  ,,,,,,  ,,  ,,,,,,,,,,,,,,,,,,
,,725,,,,,,,,,,,,,,,,,,  ,,,,,,,,,,,,,,,  ,,,,,,  ,,  ,,,,,,,,,,,,,,,,,,
,,726,,,,,,,,,,,,,,,,,,  ,,,,,,,,,,,,,,,  ,,,,,,  ,,  ,,,,,,,,,,,,,,,,,,
,,727,,,,,,,,,,,,,,,,,,  ,,,,,,,,,,,,,,,  ,,,,,,  ,,  ,,,,,,,,,,,,,,,,,,
,,728,,,,,,,,,,,,,,,,,,  ,,,,,,,,,,,,,,,  ,,,,,,  ,,  ,,,,,,,,,,,,,,,,,,
,,729,,,,,,,,,,,,,,,,,,  ,,,,,,,,,,,,,,,  ,,,,,,  ,,  ,,,,,,,,,,,,,,,,,,
,,730,,,,,,,,,,,,,,,,,,  ,,,,,,,,,,,,,,,  ,,,,,,  ,,  ,,,,,,,,,,,,,,,,,,
,,731,,,,,,,,,,,,,,,,,,  ,,,,,,,,,,,,,,,  ,,,,,,  ,,  ,,,,,,,,,,,,,,,,,,
,,732,,,,,,,,,,,,,,,,,,  ,,,,,,,,,,,,,,,  ,,,,,,  ,,  ,,,,,,,,,,,,,,,,,,
,,733,,,,,,,,,,,,,,,,,,  ,,,,,,,,,,,,,,,  ,,,,,,  ,,  ,,,,,,,,,,,,,,,,,,
,,734,,,,,,,,,,,,,,,,,,  ,,,,,,,,,,,,,,,  ,,,,,,  ,,  ,,,,,,,,,,,,,,,,,,
,,735,,,,,,,,,,,,,,,,,,  ,,,,,,,,,,,,,,,  ,,,,,,  ,,  ,,,,,,,,,,,,,,,,,,
,,736,,,,,,,,,,,,,,,,,,  ,,,,,,,,,,,,,,,  ,,,,,,  ,,  ,,,,,,,,,,,,,,,,,,
,,737,,,,,,,,,,,,,,,,,,  ,,,,,,,,,,,,,,,  ,,,,,,  ,,  ,,,,,,,,,,,,,,,,,,
,,738,,,,,,,,,,,,,,,,,,  ,,,,,,,,,,,,,,,  ,,,,,,  ,,  ,,,,,,,,,,,,,,,,,,
,,739,,,,,,,,,,,,,,,,,,  ,,,,,,,,,,,,,,,  ,,,,,,  ,,  ,,,,,,,,,,,,,,,,,,
,,740,,,,,,,,,,,,,,,,,,  ,,,,,,,,,,,,,,,  ,,,,,,  ,,  ,,,,,,,,,,,,,,,,,,
,,741,,,,,,,,,,,,,,,,,,  ,,,,,,,,,,,,,,,  ,,,,,,  ,,  ,,,,,,,,,,,,,,,,,,
,,742,,,,,,,,,,,,,,,,,,  ,,,,,,,,,,,,,,,  ,,,,,,  ,,  ,,,,,,,,,,,,,,,,,,
,,743,,,,,,,,,,,,,,,,,,  ,,,,,,,,,,,,,,,  ,,,,,,  ,,  ,,,,,,,,,,,,,,,,,,
,,744,,,,,,,,,,,,,,,,,,  ,,,,,,,,,,,,,,,  ,,,,,,  ,,  ,,,,,,,,,,,,,,,,,,
,,745,,,,,,,,,,,,,,,,,,  ,,,,,,,,,,,,,,,  ,,,,,,  ,,  ,,,,,,,,,,,,,,,,,,
,,746,,,,,,,,,,,,,,,,,,  ,,,,,,,,,,,,,,,  ,,,,,,  ,,  ,,,,,,,,,,,,,,,,,,
,,747,,,,,,,,,,,,,,,,,,  ,,,,,,,,,,,,,,,  ,,,,,,  ,,  ,,,,,,,,,,,,,,,,,,
,,748,,,,,,,,,,,,,,,,,,  ,,,,,,,,,,,,,,,  ,,,,,,  ,,  ,,,,,,,,,,,,,,,,,,
,,749,,,,,,,,,,,,,,,,,,  ,,,,,,,,,,,,,,,  ,,,,,,  ,,  ,,,,,,,,,,,,,,,,,,
,,750,,,,,,,,,,,,,,,,,,  ,,,,,,,,,,,,,,,  ,,,,,,  ,,  ,,,,,,,,,,,,,,,,,,
,,751,,,,,,,,,,,,,,,,,,  ,,,,,,,,,,,,,,,  ,,,,,,  ,,  ,,,,,,,,,,,,,,,,,,
,,752,,,,,,,,,,,,,,,,,,  ,,,,,,,,,,,,,,,  ,,,,,,  ,,  ,,,,,,,,,,,,,,,,,,
,,753,,,,,,,,,,,,,,,,,,  ,,,,,,,,,,,,,,,  ,,,,,,  ,,  ,,,,,,,,,,,,,,,,,,
,,754,,,,,,,,,,,,,,,,,,  ,,,,,,,,,,,,,,,  ,,,,,,  ,,  ,,,,,,,,,,,,,,,,,,
,,755,,,,,,,,,,,,,,,,,,  ,,,,,,,,,,,,,,,  ,,,,,,  ,,  ,,,,,,,,,,,,,,,,,,
,,756,,,,,,,,,,,,,,,,,,  ,,,,,,,,,,,,,,,  ,,,,,,  ,,  ,,,,,,,,,,,,,,,,,,
,,757,,,,,,,,,,,,,,,,,,  ,,,,,,,,,,,,,,,  ,,,,,,  ,,  ,,,,,,,,,,,,,,,,,,
,,758,,,,,,,,,,,,,,,,,,  ,,,,,,,,,,,,,,,  ,,,,,,  ,,  ,,,,,,,,,,,,,,,,,,
,,759,,,,,,,,,,,,,,,,,,  ,,,,,,,,,,,,,,,  ,,,,,,  ,,  ,,,,,,,,,,,,,,,,,,
,,760,,,,,,,,,,,,,,,,,,  ,,,,,,,,,,,,,,,  ,,,,,,  ,,  ,,,,,,,,,,,,,,,,,,
,,761,,,,,,,,,,,,,,,,,,  ,,,,,,,,,,,,,,,  ,,,,,,  ,,  ,,,,,,,,,,,,,,,,,,
,,762,,,,,,,,,,,,,,,,,,  ,,,,,,,,,,,,,,,  ,,,,,,  ,,  ,,,,,,,,,,,,,,,,,,
,,763,,,,,,,,,,,,,,,,,,  ,,,,,,,,,,,,,,,  ,,,,,,  ,,  ,,,,,,,,,,,,,,,,,,
,,764,,,,,,,,,,,,,,,,,,  ,,,,,,,,,,,,,,,  ,,,,,,  ,,  ,,,,,,,,,,,,,,,,,,
,,765,,,,,,,,,,,,,,,,,,  ,,,,,,,,,,,,,,,  ,,,,,,  ,,  ,,,,,,,,,,,,,,,,,,
,,766,,,,,,,,,,,,,,,,,,  ,,,,,,,,,,,,,,,  ,,,,,,  ,,  ,,,,,,,,,,,,,,,,,,
,,767,,,,,,,,,,,,,,,,,,  ,,,,,,,,,,,,,,,  ,,,,,,  ,,  ,,,,,,,,,,,,,,,,,,
,,768,,,,,,,,,,,,,,,,,,  ,,,,,,,,,,,,,,,  ,,,,,,  ,,  ,,,,,,,,,,,,,,,,,,
,,769,,,,,,,,,,,,,,,,,,  ,,,,,,,,,,,,,,,  ,,,,,,  ,,  ,,,,,,,,,,,,,,,,,,
,,770,,,,,,,,,,,,,,,,,,  ,,,,,,,,,,,,,,,  ,,,,,,  ,,  ,,,,,,,,,,,,,,,,,,
,,771,,,,,,,,,,,,,,,,,,  ,,,,,,,,,,,,,,,  ,,,,,,  ,,  ,,,,,,,,,,,,,,,,,,
,,772,,,,,,,,,,,,,,,,,,  ,,,,,,,,,,,,,,,  ,,,,,,  ,,  ,,,,,,,,,,,,,,,,,,
,,773,,,,,,,,,,,,,,,,,,  ,,,,,,,,,,,,,,,  ,,,,,,  ,,  ,,,,,,,,,,,,,,,,,,
,,774,,,,,,,,,,,,,,,,,,  ,,,,,,,,,,,,,,,  ,,,,,,  ,,  ,,,,,,,,,,,,,,,,,,
,,775,,,,,,,,,,,,,,,,,,  ,,,,,,,,,,,,,,,  ,,,,,,  ,,  ,,,,,,,,,,,,,,,,,,
,,776,,,,,,,,,,,,,,,,,,  ,,,,,,,,,,,,,,,  ,,,,,,  ,,  ,,,,,,,,,,,,,,,,,,
,,777,,,,,,,,,,,,,,,,,,  ,,,,,,,,,,,,,,,  ,,,,,,  ,,  ,,,,,,,,,,,,,,,,,,
,,778,,,,,,,,,,,,,,,,,,  ,,,,,,,,,,,,,,,  ,,,,,,  ,,  ,,,,,,,,,,,,,,,,,,
,,779,,,,,,,,,,,,,,,,,,  ,,,,,,,,,,,,,,,  ,,,,,,  ,,  ,,,,,,,,,,,,,,,,,,
,,780,,,,,,,,,,,,,,,,,,  ,,,,,,,,,,,,,,,  ,,,,,,  ,,  ,,,,,,,,,,,,,,,,,,
,,781,,,,,,,,,,,,,,,,,,  ,,,,,,,,,,,,,,,  ,,,,,,  ,,  ,,,,,,,,,,,,,,,,,,
,,782,,,,,,,,,,,,,,,,,,  ,,,,,,,,,,,,,,,  ,,,,,,  ,,  ,,,,,,,,,,,,,,,,,,
,,783,,,,,,,,,,,,,,,,,,  ,,,,,,,,,,,,,,,  ,,,,,,  ,,  ,,,,,,,,,,,,,,,,,,
,,784,,,,,,,,,,,,,,,,,,  ,,,,,,,,,,,,,,,  ,,,,,,  ,,  ,,,,,,,,,,,,,,,,,,
,,785,,,,,,,,,,,,,,,,,,  ,,,,,,,,,,,,,,,  ,,,,,,  ,,  ,,,,,,,,,,,,,,,,,,
,,786,,,,,,,,,,,,,,,,,,  ,,,,,,,,,,,,,,,  ,,,,,,  ,,  ,,,,,,,,,,,,,,,,,,
,,787,,,,,,,,,,,,,,,,,,  ,,,,,,,,,,,,,,,  ,,,,,,  ,,  ,,,,,,,,,,,,,,,,,,
,,788,,,,,,,,,,,,,,,,,,  ,,,,,,,,,,,,,,,  ,,,,,,  ,,  ,,,,,,,,,,,,,,,,,,
,,789,,,,,,,,,,,,,,,,,,  ,,,,,,,,,,,,,,,  ,,,,,,  ,,  ,,,,,,,,,,,,,,,,,,
,,790,,,,,,,,,,,,,,,,,,  ,,,,,,,,,,,,,,,  ,,,,,,  ,,  ,,,,,,,,,,,,,,,,,,
,,791,,,,,,,,,,,,,,,,,,  ,,,,,,,,,,,,,,,  ,,,,,,  ,,  ,,,,,,,,,,,,,,,,,,
,,792,,,,,,,,,,,,,,,,,,  ,,,,,,,,,,,,,,,  ,,,,,,  ,,  ,,,,,,,,,,,,,,,,,,
,,793,,,,,,,,,,,,,,,,,,  ,,,,,,,,,,,,,,,  ,,,,,,  ,,  ,,,,,,,,,,,,,,,,,,
,,794,,,,,,,,,,,,,,,,,,  ,,,,,,,,,,,,,,,  ,,,,,,  ,,  ,,,,,,,,,,,,,,,,,,
,,795,,,,,,,,,,,,,,,,,,  ,,,,,,,,,,,,,,,  ,,,,,,  ,,  ,,,,,,,,,,,,,,,,,,
,,796,,,,,,,,,,,,,,,,,,  ,,,,,,,,,,,,,,,  ,,,,,,  ,,  ,,,,,,,,,,,,,,,,,,
,,797,,,,,,,,,,,,,,,,,,  ,,,,,,,,,,,,,,,  ,,,,,,  ,,  ,,,,,,,,,,,,,,,,,,
,,798,,,,,,,,,,,,,,,,,,  ,,,,,,,,,,,,,,,  ,,,,,,  ,,  ,,,,,,,,,,,,,,,,,,
,,799,,,,,,,,,,,,,,,,,,  ,,,,,,,,,,,,,,,  ,,,,,,  ,,  ,,,,,,,,,,,,,,,,,,
,,800,,,,,,,,,,,,,,,,,,  ,,,,,,,,,,,,,,,  ,,,,,,  ,,  ,,,,,,,,,,,,,,,,,,
,,801,,,,,,,,,,,,,,,,,,  ,,,,,,,,,,,,,,,  ,,,,,,  ,,  ,,,,,,,,,,,,,,,,,,
,,802,,,,,,,,,,,,,,,,,,  ,,,,,,,,,,,,,,,  ,,,,,,  ,,  ,,,,,,,,,,,,,,,,,,
,,803,,,,,,,,,,,,,,,,,,  ,,,,,,,,,,,,,,,  ,,,,,,  ,,  ,,,,,,,,,,,,,,,,,,
,,804,,,,,,,,,,,,,,,,,,  ,,,,,,,,,,,,,,,  ,,,,,,  ,,  ,,,,,,,,,,,,,,,,,,
,,805,,,,,,,,,,,,,,,,,,  ,,,,,,,,,,,,,,,  ,,,,,,  ,,  ,,,,,,,,,,,,,,,,,,
,,806,,,,,,,,,,,,,,,,,,  ,,,,,,,,,,,,,,,  ,,,,,,  ,,  ,,,,,,,,,,,,,,,,,,
,,807,,,,,,,,,,,,,,,,,,  ,,,,,,,,,,,,,,,  ,,,,,,  ,,  ,,,,,,,,,,,,,,,,,,
,,808,,,,,,,,,,,,,,,,,,  ,,,,,,,,,,,,,,,  ,,,,,,  ,,  ,,,,,,,,,,,,,,,,,,
,,809,,,,,,,,,,,,,,,,,,  ,,,,,,,,,,,,,,,  ,,,,,,  ,,  ,,,,,,,,,,,,,,,,,,
,,810,,,,,,,,,,,,,,,,,,  ,,,,,,,,,,,,,,,  ,,,,,,  ,,  ,,,,,,,,,,,,,,,,,,
,,811,,,,,,,,,,,,,,,,,,  ,,,,,,,,,,,,,,,  ,,,,,,  ,,  ,,,,,,,,,,,,,,,,,,
,,812,,,,,,,,,,,,,,,,,,  ,,,,,,,,,,,,,,,  ,,,,,,  ,,  ,,,,,,,,,,,,,,,,,,
,,813,,,,,,,,,,,,,,,,,,  ,,,,,,,,,,,,,,,  ,,,,,,  ,,  ,,,,,,,,,,,,,,,,,,
,,814,,,,,,,,,,,,,,,,,,  ,,,,,,,,,,,,,,,  ,,,,,,  ,,  ,,,,,,,,,,,,,,,,,,
,,815,,,,,,,,,,,,,,,,,,  ,,,,,,,,,,,,,,,  ,,,,,,  ,,  ,,,,,,,,,,,,,,,,,,
,,816,,,,,,,,,,,,,,,,,,  ,,,,,,,,,,,,,,,  ,,,,,,  ,,  ,,,,,,,,,,,,,,,,,,
,,817,,,,,,,,,,,,,,,,,,  ,,,,,,,,,,,,,,,  ,,,,,,  ,,  ,,,,,,,,,,,,,,,,,,
,,818,,,,,,,,,,,,,,,,,,  ,,,,,,,,,,,,,,,  ,,,,,,  ,,  ,,,,,,,,,,,,,,,,,,
,,819,,,,,,,,,,,,,,,,,,  ,,,,,,,,,,,,,,,  ,,,,,,  ,,  ,,,,,,,,,,,,,,,,,,
,,820,,,,,,,,,,,,,,,,,,  ,,,,,,,,,,,,,,,  ,,,,,,  ,,  ,,,,,,,,,,,,,,,,,,
,,821,,,,,,,,,,,,,,,,,,  ,,,,,,,,,,,,,,,  ,,,,,,  ,,  ,,,,,,,,,,,,,,,,,,
,,822,,,,,,,,,,,,,,,,,,  ,,,,,,,,,,,,,,,  ,,,,,,  ,,  ,,,,,,,,,,,,,,,,,,
,,823,,,,,,,,,,,,,,,,,,  ,,,,,,,,,,,,,,,  ,,,,,,  ,,  ,,,,,,,,,,,,,,,,,,
,,824,,,,,,,,,,,,,,,,,,  ,,,,,,,,,,,,,,,  ,,,,,,  ,,  ,,,,,,,,,,,,,,,,,,
,,825,,,,,,,,,,,,,,,,,,  ,,,,,,,,,,,,,,,  ,,,,,,  ,,  ,,,,,,,,,,,,,,,,,,
,,826,,,,,,,,,,,,,,,,,,  ,,,,,,,,,,,,,,,  ,,,,,,  ,,  ,,,,,,,,,,,,,,,,,,
,,827,,,,,,,,,,,,,,,,,,  ,,,,,,,,,,,,,,,  ,,,,,,  ,,  ,,,,,,,,,,,,,,,,,,
,,828,,,,,,,,,,,,,,,,,,  ,,,,,,,,,,,,,,,  ,,,,,,  ,,  ,,,,,,,,,,,,,,,,,,
,,829,,,,,,,,,,,,,,,,,,  ,,,,,,,,,,,,,,,  ,,,,,,  ,,  ,,,,,,,,,,,,,,,,,,
,,830,,,,,,,,,,,,,,,,,,  ,,,,,,,,,,,,,,,  ,,,,,,  ,,  ,,,,,,,,,,,,,,,,,,
,,831,,,,,,,,,,,,,,,,,,  ,,,,,,,,,,,,,,,  ,,,,,,  ,,  ,,,,,,,,,,,,,,,,,,
,,832,,,,,,,,,,,,,,,,,,  ,,,,,,,,,,,,,,,  ,,,,,,  ,,  ,,,,,,,,,,,,,,,,,,
,,833,,,,,,,,,,,,,,,,,,  ,,,,,,,,,,,,,,,  ,,,,,,  ,,  ,,,,,,,,,,,,,,,,,,
,,834,,,,,,,,,,,,,,,,,,  ,,,,,,,,,,,,,,,  ,,,,,,  ,,  ,,,,,,,,,,,,,,,,,,
,,835,,,,,,,,,,,,,,,,,,  ,,,,,,,,,,,,,,,  ,,,,,,  ,,  ,,,,,,,,,,,,,,,,,,
,,836,,,,,,,,,,,,,,,,,,  ,,,,,,,,,,,,,,,  ,,,,,,  ,,  ,,,,,,,,,,,,,,,,,,
,,837,,,,,,,,,,,,,,,,,,  ,,,,,,,,,,,,,,,  ,,,,,,  ,,  ,,,,,,,,,,,,,,,,,,
,,838,,,,,,,,,,,,,,,,,,  ,,,,,,,,,,,,,,,  ,,,,,,  ,,  ,,,,,,,,,,,,,,,,,,
,,839,,,,,,,,,,,,,,,,,,  ,,,,,,,,,,,,,,,  ,,,,,,  ,,  ,,,,,,,,,,,,,,,,,,
,,840,,,,,,,,,,,,,,,,,,  ,,,,,,,,,,,,,,,  ,,,,,,  ,,  ,,,,,,,,,,,,,,,,,,
,,841,,,,,,,,,,,,,,,,,,  ,,,,,,,,,,,,,,,  ,,,,,,  ,,  ,,,,,,,,,,,,,,,,,,
,,842,,,,,,,,,,,,,,,,,,  ,,,,,,,,,,,,,,,  ,,,,,,  ,,  ,,,,,,,,,,,,,,,,,,
,,843,,,,,,,,,,,,,,,,,,  ,,,,,,,,,,,,,,,  ,,,,,,  ,,  ,,,,,,,,,,,,,,,,,,
,,844,,,,,,,,,,,,,,,,,,  ,,,,,,,,,,,,,,,  ,,,,,,  ,,  ,,,,,,,,,,,,,,,,,,
,,845,,,,,,,,,,,,,,,,,,  ,,,,,,,,,,,,,,,  ,,,,,,  ,,  ,,,,,,,,,,,,,,,,,,
,,846,,,,,,,,,,,,,,,,,,  ,,,,,,,,,,,,,,,  ,,,,,,  ,,  ,,,,,,,,,,,,,,,,,,
,,847,,,,,,,,,,,,,,,,,,  ,,,,,,,,,,,,,,,  ,,,,,,  ,,  ,,,,,,,,,,,,,,,,,,
,,848,,,,,,,,,,,,,,,,,,  ,,,,,,,,,,,,,,,  ,,,,,,  ,,  ,,,,,,,,,,,,,,,,,,
,,849,,,,,,,,,,,,,,,,,,  ,,,,,,,,,,,,,,,  ,,,,,,  ,,  ,,,,,,,,,,,,,,,,,,
,,850,,,,,,,,,,,,,,,,,,  ,,,,,,,,,,,,,,,  ,,,,,,  ,,  ,,,,,,,,,,,,,,,,,,
,,851,,,,,,,,,,,,,,,,,,  ,,,,,,,,,,,,,,,  ,,,,,,  ,,  ,,,,,,,,,,,,,,,,,,
,,852,,,,,,,,,,,,,,,,,,  ,,,,,,,,,,,,,,,  ,,,,,,  ,,  ,,,,,,,,,,,,,,,,,,
,,853,,,,,,,,,,,,,,,,,,  ,,,,,,,,,,,,,,,  ,,,,,,  ,,  ,,,,,,,,,,,,,,,,,,
,,854,,,,,,,,,,,,,,,,,,  ,,,,,,,,,,,,,,,  ,,,,,,  ,,  ,,,,,,,,,,,,,,,,,,
,,855,,,,,,,,,,,,,,,,,,  ,,,,,,,,,,,,,,,  ,,,,,,  ,,  ,,,,,,,,,,,,,,,,,,
,,856,,,,,,,,,,,,,,,,,,  ,,,,,,,,,,,,,,,  ,,,,,,  ,,  ,,,,,,,,,,,,,,,,,,
,,857,,,,,,,,,,,,,,,,,,  ,,,,,,,,,,,,,,,  ,,,,,,  ,,  ,,,,,,,,,,,,,,,,,,
,,858,,,,,,,,,,,,,,,,,,  ,,,,,,,,,,,,,,,  ,,,,,,  ,,  ,,,,,,,,,,,,,,,,,,
,,859,,,,,,,,,,,,,,,,,,  ,,,,,,,,,,,,,,,  ,,,,,,  ,,  ,,,,,,,,,,,,,,,,,,
,,860,,,,,,,,,,,,,,,,,,  ,,,,,,,,,,,,,,,  ,,,,,,  ,,  ,,,,,,,,,,,,,,,,,,
,,861,,,,,,,,,,,,,,,,,,  ,,,,,,,,,,,,,,,  ,,,,,,  ,,  ,,,,,,,,,,,,,,,,,,
,,862,,,,,,,,,,,,,,,,,,  ,,,,,,,,,,,,,,,  ,,,,,,  ,,  ,,,,,,,,,,,,,,,,,,
,,863,,,,,,,,,,,,,,,,,,  ,,,,,,,,,,,,,,,  ,,,,,,  ,,  ,,,,,,,,,,,,,,,,,,
,,864,,,,,,,,,,,,,,,,,,  ,,,,,,,,,,,,,,,  ,,,,,,  ,,  ,,,,,,,,,,,,,,,,,,
,,865,,,,,,,,,,,,,,,,,,  ,,,,,,,,,,,,,,,  ,,,,,,  ,,  ,,,,,,,,,,,,,,,,,,
,,866,,,,,,,,,,,,,,,,,,  ,,,,,,,,,,,,,,,  ,,,,,,  ,,  ,,,,,,,,,,,,,,,,,,
,,867,,,,,,,,,,,,,,,,,,  ,,,,,,,,,,,,,,,  ,,,,,,  ,,  ,,,,,,,,,,,,,,,,,,
,,868,,,,,,,,,,,,,,,,,,  ,,,,,,,,,,,,,,,  ,,,,,,  ,,  ,,,,,,,,,,,,,,,,,,
,,869,,,,,,,,,,,,,,,,,,  ,,,,,,,,,,,,,,,  ,,,,,,  ,,  ,,,,,,,,,,,,,,,,,,
,,870,,,,,,,,,,,,,,,,,,  ,,,,,,,,,,,,,,,  ,,,,,,  ,,  ,,,,,,,,,,,,,,,,,,
,,871,,,,,,,,,,,,,,,,,,  ,,,,,,,,,,,,,,,  ,,,,,,  ,,  ,,,,,,,,,,,,,,,,,,
,,872,,,,,,,,,,,,,,,,,,  ,,,,,,,,,,,,,,,  ,,,,,,  ,,  ,,,,,,,,,,,,,,,,,,
,,873,,,,,,,,,,,,,,,,,,  ,,,,,,,,,,,,,,,  ,,,,,,  ,,  ,,,,,,,,,,,,,,,,,,
,,874,,,,,,,,,,,,,,,,,,  ,,,,,,,,,,,,,,,  ,,,,,,  ,,  ,,,,,,,,,,,,,,,,,,
,,875,,,,,,,,,,,,,,,,,,  ,,,,,,,,,,,,,,,  ,,,,,,  ,,  ,,,,,,,,,,,,,,,,,,
,,876,,,,,,,,,,,,,,,,,,  ,,,,,,,,,,,,,,,  ,,,,,,  ,,  ,,,,,,,,,,,,,,,,,,
,,877,,,,,,,,,,,,,,,,,,  ,,,,,,,,,,,,,,,  ,,,,,,  ,,  ,,,,,,,,,,,,,,,,,,
,,878,,,,,,,,,,,,,,,,,,  ,,,,,,,,,,,,,,,  ,,,,,,  ,,  ,,,,,,,,,,,,,,,,,,
,,879,,,,,,,,,,,,,,,,,,  ,,,,,,,,,,,,,,,  ,,,,,,  ,,  ,,,,,,,,,,,,,,,,,,
,,880,,,,,,,,,,,,,,,,,,  ,,,,,,,,,,,,,,,  ,,,,,,  ,,  ,,,,,,,,,,,,,,,,,,
,,881,,,,,,,,,,,,,,,,,,  ,,,,,,,,,,,,,,,  ,,,,,,  ,,  ,,,,,,,,,,,,,,,,,,
,,882,,,,,,,,,,,,,,,,,,  ,,,,,,,,,,,,,,,  ,,,,,,  ,,  ,,,,,,,,,,,,,,,,,,
,,883,,,,,,,,,,,,,,,,,,  ,,,,,,,,,,,,,,,  ,,,,,,  ,,  ,,,,,,,,,,,,,,,,,,
,,884,,,,,,,,,,,,,,,,,,  ,,,,,,,,,,,,,,,  ,,,,,,  ,,  ,,,,,,,,,,,,,,,,,,
,,885,,,,,,,,,,,,,,,,,,  ,,,,,,,,,,,,,,,  ,,,,,,  ,,  ,,,,,,,,,,,,,,,,,,
,,886,,,,,,,,,,,,,,,,,,  ,,,,,,,,,,,,,,,  ,,,,,,  ,,  ,,,,,,,,,,,,,,,,,,
,,887,,,,,,,,,,,,,,,,,,  ,,,,,,,,,,,,,,,  ,,,,,,  ,,  ,,,,,,,,,,,,,,,,,,
,,888,,,,,,,,,,,,,,,,,,  ,,,,,,,,,,,,,,,  ,,,,,,  ,,  ,,,,,,,,,,,,,,,,,,
,,889,,,,,,,,,,,,,,,,,,  ,,,,,,,,,,,,,,,  ,,,,,,  ,,  ,,,,,,,,,,,,,,,,,,
,,890,,,,,,,,,,,,,,,,,,  ,,,,,,,,,,,,,,,  ,,,,,,  ,,  ,,,,,,,,,,,,,,,,,,
,,891,,,,,,,,,,,,,,,,,,  ,,,,,,,,,,,,,,,  ,,,,,,  ,,  ,,,,,,,,,,,,,,,,,,
,,892,,,,,,,,,,,,,,,,,,  ,,,,,,,,,,,,,,,  ,,,,,,  ,,  ,,,,,,,,,,,,,,,,,,
,,893,,,,,,,,,,,,,,,,,,  ,,,,,,,,,,,,,,,  ,,,,,,  ,,  ,,,,,,,,,,,,,,,,,,
,,894,,,,,,,,,,,,,,,,,,  ,,,,,,,,,,,,,,,  ,,,,,,  ,,  ,,,,,,,,,,,,,,,,,,
,,895,,,,,,,,,,,,,,,,,,  ,,,,,,,,,,,,,,,  ,,,,,,  ,,  ,,,,,,,,,,,,,,,,,,
,,896,,,,,,,,,,,,,,,,,,  ,,,,,,,,,,,,,,,  ,,,,,,  ,,  ,,,,,,,,,,,,,,,,,,
,,897,,,,,,,,,,,,,,,,,,  ,,,,,,,,,,,,,,,  ,,,,,,  ,,  ,,,,,,,,,,,,,,,,,,
,,898,,,,,,,,,,,,,,,,,,  ,,,,,,,,,,,,,,,  ,,,,,,  ,,  ,,,,,,,,,,,,,,,,,,
,,899,,,,,,,,,,,,,,,,,,  ,,,,,,,,,,,,,,,  ,,,,,,  ,,  ,,,,,,,,,,,,,,,,,,
,,900,,,,,,,,,,,,,,,,,,  ,,,,,,,,,,,,,,,  ,,,,,,  ,,  ,,,,,,,,,,,,,,,,,,
,,901,,,,,,,,,,,,,,,,,,  ,,,,,,,,,,,,,,,  ,,,,,,  ,,  ,,,,,,,,,,,,,,,,,,
,,902,,,,,,,,,,,,,,,,,,  ,,,,,,,,,,,,,,,  ,,,,,,  ,,  ,,,,,,,,,,,,,,,,,,
,,903,,,,,,,,,,,,,,,,,,  ,,,,,,,,,,,,,,,  ,,,,,,  ,,  ,,,,,,,,,,,,,,,,,,
,,904,,,,,,,,,,,,,,,,,,  ,,,,,,,,,,,,,,,  ,,,,,,  ,,  ,,,,,,,,,,,,,,,,,,
,,905,,,,,,,,,,,,,,,,,,  ,,,,,,,,,,,,,,,  ,,,,,,  ,,  ,,,,,,,,,,,,,,,,,,
,,906,,,,,,,,,,,,,,,,,,  ,,,,,,,,,,,,,,,  ,,,,,,  ,,  ,,,,,,,,,,,,,,,,,,
,,907,,,,,,,,,,,,,,,,,,  ,,,,,,,,,,,,,,,  ,,,,,,  ,,  ,,,,,,,,,,,,,,,,,,
,,908,,,,,,,,,,,,,,,,,,  ,,,,,,,,,,,,,,,  ,,,,,,  ,,  ,,,,,,,,,,,,,,,,,,
,,909,,,,,,,,,,,,,,,,,,  ,,,,,,,,,,,,,,,  ,,,,,,  ,,  ,,,,,,,,,,,,,,,,,,
,,910,,,,,,,,,,,,,,,,,,  ,,,,,,,,,,,,,,,  ,,,,,,  ,,  ,,,,,,,,,,,,,,,,,,
,,911,,,,,,,,,,,,,,,,,,  ,,,,,,,,,,,,,,,  ,,,,,,  ,,  ,,,,,,,,,,,,,,,,,,
,,912,,,,,,,,,,,,,,,,,,  ,,,,,,,,,,,,,,,  ,,,,,,  ,,  ,,,,,,,,,,,,,,,,,,
,,913,,,,,,,,,,,,,,,,,,  ,,,,,,,,,,,,,,,  ,,,,,,  ,,  ,,,,,,,,,,,,,,,,,,
,,914,,,,,,,,,,,,,,,,,,  ,,,,,,,,,,,,,,,  ,,,,,,  ,,  ,,,,,,,,,,,,,,,,,,
,,915,,,,,,,,,,,,,,,,,,  ,,,,,,,,,,,,,,,  ,,,,,,  ,,  ,,,,,,,,,,,,,,,,,,
,,916,,,,,,,,,,,,,,,,,,  ,,,,,,,,,,,,,,,  ,,,,,,  ,,  ,,,,,,,,,,,,,,,,,,
,,917,,,,,,,,,,,,,,,,,,  ,,,,,,,,,,,,,,,  ,,,,,,  ,,  ,,,,,,,,,,,,,,,,,,
,,918,,,,,,,,,,,,,,,,,,  ,,,,,,,,,,,,,,,  ,,,,,,  ,,  ,,,,,,,,,,,,,,,,,,
,,919,,,,,,,,,,,,,,,,,,  ,,,,,,,,,,,,,,,  ,,,,,,  ,,  ,,,,,,,,,,,,,,,,,,
,,920,,,,,,,,,,,,,,,,,,  ,,,,,,,,,,,,,,,  ,,,,,,  ,,  ,,,,,,,,,,,,,,,,,,
,,921,,,,,,,,,,,,,,,,,,  ,,,,,,,,,,,,,,,  ,,,,,,  ,,  ,,,,,,,,,,,,,,,,,,
,,922,,,,,,,,,,,,,,,,,,  ,,,,,,,,,,,,,,,  ,,,,,,  ,,  ,,,,,,,,,,,,,,,,,,
,,923,,,,,,,,,,,,,,,,,,  ,,,,,,,,,,,,,,,  ,,,,,,  ,,  ,,,,,,,,,,,,,,,,,,
,,924,,,,,,,,,,,,,,,,,,  ,,,,,,,,,,,,,,,  ,,,,,,  ,,  ,,,,,,,,,,,,,,,,,,
,,925,,,,,,,,,,,,,,,,,,  ,,,,,,,,,,,,,,,  ,,,,,,  ,,  ,,,,,,,,,,,,,,,,,,
,,926,,,,,,,,,,,,,,,,,,  ,,,,,,,,,,,,,,,  ,,,,,,  ,,  ,,,,,,,,,,,,,,,,,,
,,927,,,,,,,,,,,,,,,,,,  ,,,,,,,,,,,,,,,  ,,,,,,  ,,  ,,,,,,,,,,,,,,,,,,
,,928,,,,,,,,,,,,,,,,,,  ,,,,,,,,,,,,,,,  ,,,,,,  ,,  ,,,,,,,,,,,,,,,,,,
,,929,,,,,,,,,,,,,,,,,,  ,,,,,,,,,,,,,,,  ,,,,,,  ,,  ,,,,,,,,,,,,,,,,,,
,,930,,,,,,,,,,,,,,,,,,  ,,,,,,,,,,,,,,,  ,,,,,,  ,,  ,,,,,,,,,,,,,,,,,,
,,931,,,,,,,,,,,,,,,,,,  ,,,,,,,,,,,,,,,  ,,,,,,  ,,  ,,,,,,,,,,,,,,,,,,
,,932,,,,,,,,,,,,,,,,,,  ,,,,,,,,,,,,,,,  ,,,,,,  ,,  ,,,,,,,,,,,,,,,,,,
,,933,,,,,,,,,,,,,,,,,,  ,,,,,,,,,,,,,,,  ,,,,,,  ,,  ,,,,,,,,,,,,,,,,,,
,,934,,,,,,,,,,,,,,,,,,  ,,,,,,,,,,,,,,,  ,,,,,,  ,,  ,,,,,,,,,,,,,,,,,,
,,935,,,,,,,,,,,,,,,,,,  ,,,,,,,,,,,,,,,  ,,,,,,  ,,  ,,,,,,,,,,,,,,,,,,
,,936,,,,,,,,,,,,,,,,,,  ,,,,,,,,,,,,,,,  ,,,,,,  ,,  ,,,,,,,,,,,,,,,,,,
,,937,,,,,,,,,,,,,,,,,,  ,,,,,,,,,,,,,,,  ,,,,,,  ,,  ,,,,,,,,,,,,,,,,,,
,,938,,,,,,,,,,,,,,,,,,  ,,,,,,,,,,,,,,,  ,,,,,,  ,,  ,,,,,,,,,,,,,,,,,,
,,939,,,,,,,,,,,,,,,,,,  ,,,,,,,,,,,,,,,  ,,,,,,  ,,  ,,,,,,,,,,,,,,,,,,
,,940,,,,,,,,,,,,,,,,,,  ,,,,,,,,,,,,,,,  ,,,,,,  ,,  ,,,,,,,,,,,,,,,,,,
,,941,,,,,,,,,,,,,,,,,,  ,,,,,,,,,,,,,,,  ,,,,,,  ,,  ,,,,,,,,,,,,,,,,,,
,,942,,,,,,,,,,,,,,,,,,  ,,,,,,,,,,,,,,,  ,,,,,,  ,,  ,,,,,,,,,,,,,,,,,,
,,943,,,,,,,,,,,,,,,,,,  ,,,,,,,,,,,,,,,  ,,,,,,  ,,  ,,,,,,,,,,,,,,,,,,
,,944,,,,,,,,,,,,,,,,,,  ,,,,,,,,,,,,,,,  ,,,,,,  ,,  ,,,,,,,,,,,,,,,,,,
,,945,,,,,,,,,,,,,,,,,,  ,,,,,,,,,,,,,,,  ,,,,,,  ,,  ,,,,,,,,,,,,,,,,,,
,,946,,,,,,,,,,,,,,,,,,  ,,,,,,,,,,,,,,,  ,,,,,,  ,,  ,,,,,,,,,,,,,,,,,,
,,947,,,,,,,,,,,,,,,,,,  ,,,,,,,,,,,,,,,  ,,,,,,  ,,  ,,,,,,,,,,,,,,,,,,
,,948,,,,,,,,,,,,,,,,,,  ,,,,,,,,,,,,,,,  ,,,,,,  ,,  ,,,,,,,,,,,,,,,,,,
,,949,,,,,,,,,,,,,,,,,,  ,,,,,,,,,,,,,,,  ,,,,,,  ,,  ,,,,,,,,,,,,,,,,,,
,,950,,,,,,,,,,,,,,,,,,  ,,,,,,,,,,,,,,,  ,,,,,,  ,,  ,,,,,,,,,,,,,,,,,,
,,951,,,,,,,,,,,,,,,,,,  ,,,,,,,,,,,,,,,  ,,,,,,  ,,  ,,,,,,,,,,,,,,,,,,
,,952,,,,,,,,,,,,,,,,,,  ,,,,,,,,,,,,,,,  ,,,,,,  ,,  ,,,,,,,,,,,,,,,,,,
,,953,,,,,,,,,,,,,,,,,,  ,,,,,,,,,,,,,,,  ,,,,,,  ,,  ,,,,,,,,,,,,,,,,,,
,,954,,,,,,,,,,,,,,,,,,  ,,,,,,,,,,,,,,,  ,,,,,,  ,,  ,,,,,,,,,,,,,,,,,,
,,955,,,,,,,,,,,,,,,,,,  ,,,,,,,,,,,,,,,  ,,,,,,  ,,  ,,,,,,,,,,,,,,,,,,
,,956,,,,,,,,,,,,,,,,,,  ,,,,,,,,,,,,,,,  ,,,,,,  ,,  ,,,,,,,,,,,,,,,,,,
,,957,,,,,,,,,,,,,,,,,,  ,,,,,,,,,,,,,,,  ,,,,,,  ,,  ,,,,,,,,,,,,,,,,,,
,,958,,,,,,,,,,,,,,,,,,  ,,,,,,,,,,,,,,,  ,,,,,,  ,,  ,,,,,,,,,,,,,,,,,,
,,959,,,,,,,,,,,,,,,,,,  ,,,,,,,,,,,,,,,  ,,,,,,  ,,  ,,,,,,,,,,,,,,,,,,
,,960,,,,,,,,,,,,,,,,,,  ,,,,,,,,,,,,,,,  ,,,,,,  ,,  ,,,,,,,,,,,,,,,,,,
,,961,,,,,,,,,,,,,,,,,,  ,,,,,,,,,,,,,,,  ,,,,,,  ,,  ,,,,,,,,,,,,,,,,,,
,,962,,,,,,,,,,,,,,,,,,  ,,,,,,,,,,,,,,,  ,,,,,,  ,,  ,,,,,,,,,,,,,,,,,,
,,963,,,,,,,,,,,,,,,,,,  ,,,,,,,,,,,,,,,  ,,,,,,  ,,  ,,,,,,,,,,,,,,,,,,
,,964,,,,,,,,,,,,,,,,,,  ,,,,,,,,,,,,,,,  ,,,,,,  ,,  ,,,,,,,,,,,,,,,,,,
,,965,,,,,,,,,,,,,,,,,,  ,,,,,,,,,,,,,,,  ,,,,,,  ,,  ,,,,,,,,,,,,,,,,,,
,,966,,,,,,,,,,,,,,,,,,  ,,,,,,,,,,,,,,,  ,,,,,,  ,,  ,,,,,,,,,,,,,,,,,,
,,967,,,,,,,,,,,,,,,,,,  ,,,,,,,,,,,,,,,  ,,,,,,  ,,  ,,,,,,,,,,,,,,,,,,
,,968,,,,,,,,,,,,,,,,,,  ,,,,,,,,,,,,,,,  ,,,,,,  ,,  ,,,,,,,,,,,,,,,,,,
,,969,,,,,,,,,,,,,,,,,,  ,,,,,,,,,,,,,,,  ,,,,,,  ,,  ,,,,,,,,,,,,,,,,,,
,,970,,,,,,,,,,,,,,,,,,  ,,,,,,,,,,,,,,,  ,,,,,,  ,,  ,,,,,,,,,,,,,,,,,,
,,971,,,,,,,,,,,,,,,,,,  ,,,,,,,,,,,,,,,  ,,,,,,  ,,  ,,,,,,,,,,,,,,,,,,
,,972,,,,,,,,,,,,,,,,,,  ,,,,,,,,,,,,,,,  ,,,,,,  ,,  ,,,,,,,,,,,,,,,,,,
,,973,,,,,,,,,,,,,,,,,,  ,,,,,,,,,,,,,,,  ,,,,,,  ,,  ,,,,,,,,,,,,,,,,,,
,,974,,,,,,,,,,,,,,,,,,  ,,,,,,,,,,,,,,,  ,,,,,,  ,,  ,,,,,,,,,,,,,,,,,,
,,975,,,,,,,,,,,,,,,,,,  ,,,,,,,,,,,,,,,  ,,,,,,  ,,  ,,,,,,,,,,,,,,,,,,
,,976,,,,,,,,,,,,,,,,,,  ,,,,,,,,,,,,,,,  ,,,,,,  ,,  ,,,,,,,,,,,,,,,,,,
,,977,,,,,,,,,,,,,,,,,,  ,,,,,,,,,,,,,,,  ,,,,,,  ,,  ,,,,,,,,,,,,,,,,,,
,,978,,,,,,,,,,,,,,,,,,  ,,,,,,,,,,,,,,,  ,,,,,,  ,,  ,,,,,,,,,,,,,,,,,,
,,979,,,,,,,,,,,,,,,,,,  ,,,,,,,,,,,,,,,  ,,,,,,  ,,  ,,,,,,,,,,,,,,,,,,
,,980,,,,,,,,,,,,,,,,,,  ,,,,,,,,,,,,,,,  ,,,,,,  ,,  ,,,,,,,,,,,,,,,,,,
,,981,,,,,,,,,,,,,,,,,,  ,,,,,,,,,,,,,,,  ,,,,,,  ,,  ,,,,,,,,,,,,,,,,,,
,,982,,,,,,,,,,,,,,,,,,  ,,,,,,,,,,,,,,,  ,,,,,,  ,,  ,,,,,,,,,,,,,,,,,,
,,983,,,,,,,,,,,,,,,,,,  ,,,,,,,,,,,,,,,  ,,,,,,  ,,  ,,,,,,,,,,,,,,,,,,
,,984,,,,,,,,,,,,,,,,,,  ,,,,,,,,,,,,,,,  ,,,,,,  ,,  ,,,,,,,,,,,,,,,,,,
,,985,,,,,,,,,,,,,,,,,,  ,,,,,,,,,,,,,,,  ,,,,,,  ,,  ,,,,,,,,,,,,,,,,,,
,,986,,,,,,,,,,,,,,,,,,  ,,,,,,,,,,,,,,,  ,,,,,,  ,,  ,,,,,,,,,,,,,,,,,,
,,987,,,,,,,,,,,,,,,,,,  ,,,,,,,,,,,,,,,  ,,,,,,  ,,  ,,,,,,,,,,,,,,,,,,
,,988,,,,,,,,,,,,,,,,,,  ,,,,,,,,,,,,,,,  ,,,,,,  ,,  ,,,,,,,,,,,,,,,,,,
,,989,,,,,,,,,,,,,,,,,,  ,,,,,,,,,,,,,,,  ,,,,,,  ,,  ,,,,,,,,,,,,,,,,,,
,,990,,,,,,,,,,,,,,,,,,  ,,,,,,,,,,,,,,,  ,,,,,,  ,,  ,,,,,,,,,,,,,,,,,,
,,991,,,,,,,,,,,,,,,,,,  ,,,,,,,,,,,,,,,  ,,,,,,  ,,  ,,,,,,,,,,,,,,,,,,
,,992,,,,,,,,,,,,,,,,,,  ,,,,,,,,,,,,,,,  ,,,,,,  ,,  ,,,,,,,,,,,,,,,,,,
,,993,,,,,,,,,,,,,,,,,,  ,,,,,,,,,,,,,,,  ,,,,,,  ,,  ,,,,,,,,,,,,,,,,,,
,,994,,,,,,,,,,,,,,,,,,  ,,,,,,,,,,,,,,,  ,,,,,,  ,,  ,,,,,,,,,,,,,,,,,,
,,995,,,,,,,,,,,,,,,,,,  ,,,,,,,,,,,,,,,  ,,,,,,  ,,  ,,,,,,,,,,,,,,,,,,
,,996,,,,,,,,,,,,,,,,,,  ,,,,,,,,,,,,,,,  ,,,,,,  ,,  ,,,,,,,,,,,,,,,,,,
,,997,,,,,,,,,,,,,,,,,,  ,,,,,,,,,,,,,,,  ,,,,,,  ,,  ,,,,,,,,,,,,,,,,,,
,,998,,,,,,,,,,,,,,,,,,  ,,,,,,,,,,,,,,,  ,,,,,,  ,,  ,,,,,,,,,,,,,,,,,,
,,999,,,,,,,,,,,,,,,,,,  ,,,,,,,,,,,,,,,  ,,,,,,  ,,  ,,,,,,,,,,,,,,,,,,
,,1000,,,,,,,,,,,,,,,,,,  ,,,,,,,,,,,,,,,  ,,,,,,  ,,  ,,,,,,,,,,,,,,,,,,
,,1001,,,,,,,,,,,,,,,,,,  ,,,,,,,,,,,,,,,  ,,,,,,  ,,  ,,,,,,,,,,,,,,,,,,
,,1002,,,,,,,,,,,,,,,,,,  ,,,,,,,,,,,,,,,  ,,,,,,  ,,  ,,,,,,,,,,,,,,,,,,
,,1003,,,,,,,,,,,,,,,,,,  ,,,,,,,,,,,,,,,  ,,,,,,  ,,  ,,,,,,,,,,,,,,,,,,
,,1004,,,,,,,,,,,,,,,,,,  ,,,,,,,,,,,,,,,  ,,,,,,  ,,  ,,,,,,,,,,,,,,,,,,
,,1005,,,,,,,,,,,,,,,,,,  ,,,,,,,,,,,,,,,  ,,,,,,  ,,  ,,,,,,,,,,,,,,,,,,
,,1006,,,,,,,,,,,,,,,,,,  ,,,,,,,,,,,,,,,  ,,,,,,  ,,  ,,,,,,,,,,,,,,,,,,
,,1007,,,,,,,,,,,,,,,,,,  ,,,,,,,,,,,,,,,  ,,,,,,  ,,  ,,,,,,,,,,,,,,,,,,
,,1008,,,,,,,,,,,,,,,,,,  ,,,,,,,,,,,,,,,  ,,,,,,  ,,  ,,,,,,,,,,,,,,,,,,
,,1009,,,,,,,,,,,,,,,,,,  ,,,,,,,,,,,,,,,  ,,,,,,  ,,  ,,,,,,,,,,,,,,,,,,
,,1010,,,,,,,,,,,,,,,,,,  ,,,,,,,,,,,,,,,  ,,,,,,  ,,  ,,,,,,,,,,,,,,,,,,
,,1011,,,,,,,,,,,,,,,,,,  ,,,,,,,,,,,,,,,  ,,,,,,  ,,  ,,,,,,,,,,,,,,,,,,
,,1012,,,,,,,,,,,,,,,,,,  ,,,,,,,,,,,,,,,  ,,,,,,  ,,  ,,,,,,,,,,,,,,,,,,
,,1013,,,,,,,,,,,,,,,,,,  ,,,,,,,,,,,,,,,  ,,,,,,  ,,  ,,,,,,,,,,,,,,,,,,
,,1014,,,,,,,,,,,,,,,,,,  ,,,,,,,,,,,,,,,  ,,,,,,  ,,  ,,,,,,,,,,,,,,,,,,
,,1015,,,,,,,,,,,,,,,,,,  ,,,,,,,,,,,,,,,  ,,,,,,  ,,  ,,,,,,,,,,,,,,,,,,
,,1016,,,,,,,,,,,,,,,,,,  ,,,,,,,,,,,,,,,  ,,,,,,  ,,  ,,,,,,,,,,,,,,,,,,
,,1017,,,,,,,,,,,,,,,,,,  ,,,,,,,,,,,,,,,  ,,,,,,  ,,  ,,,,,,,,,,,,,,,,,,
,,1018,,,,,,,,,,,,,,,,,,  ,,,,,,,,,,,,,,,  ,,,,,,  ,,  ,,,,,,,,,,,,,,,,,,
,,1019,,,,,,,,,,,,,,,,,,  ,,,,,,,,,,,,,,,  ,,,,,,  ,,  ,,,,,,,,,,,,,,,,,,
,,1020,,,,,,,,,,,,,,,,,,  ,,,,,,,,,,,,,,,  ,,,,,,  ,,  ,,,,,,,,,,,,,,,,,,
,,1021,,,,,,,,,,,,,,,,,,  ,,,,,,,,,,,,,,,  ,,,,,,  ,,  ,,,,,,,,,,,,,,,,,,
,,1022,,,,,,,,,,,,,,,,,,  ,,,,,,,,,,,,,,,  ,,,,,,  ,,  ,,,,,,,,,,,,,,,,,,
,,1023,,,,,,,,,,,,,,,,,,  ,,,,,,,,,,,,,,,  ,,,,,,  ,,  ,,,,,,,,,,,,,,,,,,
,,1024,,,,,,,,,,,,,,,,,,  ,,,,,,,,,,,,,,,  ,,,,,,  ,,  ,,,,,,,,,,,,,,,,,,
,,1025,,,,,,,,,,,,,,,,,,  ,,,,,,,,,,,,,,,  ,,,,,,  ,,  ,,,,,,,,,,,,,,,,,,
,,1026,,,,,,,,,,,,,,,,,,  ,,,,,,,,,,,,,,,  ,,,,,,  ,,  ,,,,,,,,,,,,,,,,,,
,,1027,,,,,,,,,,,,,,,,,,  ,,,,,,,,,,,,,,,  ,,,,,,  ,,  ,,,,,,,,,,,,,,,,,,
,,1028,,,,,,,,,,,,,,,,,,  ,,,,,,,,,,,,,,,  ,,,,,,  ,,  ,,,,,,,,,,,,,,,,,,
,,1029,,,,,,,,,,,,,,,,,,  ,,,,,,,,,,,,,,,  ,,,,,,  ,,  ,,,,,,,,,,,,,,,,,,
,,1030,,,,,,,,,,,,,,,,,,  ,,,,,,,,,,,,,,,  ,,,,,,  ,,  ,,,,,,,,,,,,,,,,,,
,,1031,,,,,,,,,,,,,,,,,,  ,,,,,,,,,,,,,,,  ,,,,,,  ,,  ,,,,,,,,,,,,,,,,,,
,,1032,,,,,,,,,,,,,,,,,,  ,,,,,,,,,,,,,,,  ,,,,,,  ,,  ,,,,,,,,,,,,,,,,,,
,,1033,,,,,,,,,,,,,,,,,,  ,,,,,,,,,,,,,,,  ,,,,,,  ,,  ,,,,,,,,,,,,,,,,,,
,,1034,,,,,,,,,,,,,,,,,,  ,,,,,,,,,,,,,,,  ,,,,,,  ,,  ,,,,,,,,,,,,,,,,,,
,,1035,,,,,,,,,,,,,,,,,,  ,,,,,,,,,,,,,,,  ,,,,,,  ,,  ,,,,,,,,,,,,,,,,,,
,,1036,,,,,,,,,,,,,,,,,,  ,,,,,,,,,,,,,,,  ,,,,,,  ,,  ,,,,,,,,,,,,,,,,,,
,,1037,,,,,,,,,,,,,,,,,,  ,,,,,,,,,,,,,,,  ,,,,,,  ,,  ,,,,,,,,,,,,,,,,,,
,,1038,,,,,,,,,,,,,,,,,,  ,,,,,,,,,,,,,,,  ,,,,,,  ,,  ,,,,,,,,,,,,,,,,,,
,,1039,,,,,,,,,,,,,,,,,,  ,,,,,,,,,,,,,,,  ,,,,,,  ,,  ,,,,,,,,,,,,,,,,,,
,,1040,,,,,,,,,,,,,,,,,,  ,,,,,,,,,,,,,,,  ,,,,,,  ,,  ,,,,,,,,,,,,,,,,,,
,,1041,,,,,,,,,,,,,,,,,,  ,,,,,,,,,,,,,,,  ,,,,,,  ,,  ,,,,,,,,,,,,,,,,,,
,,1042,,,,,,,,,,,,,,,,,,  ,,,,,,,,,,,,,,,  ,,,,,,  ,,  ,,,,,,,,,,,,,,,,,,
,,1043,,,,,,,,,,,,,,,,,,  ,,,,,,,,,,,,,,,  ,,,,,,  ,,  ,,,,,,,,,,,,,,,,,,
,,1044,,,,,,,,,,,,,,,,,,  ,,,,,,,,,,,,,,,  ,,,,,,  ,,  ,,,,,,,,,,,,,,,,,,
,,1045,,,,,,,,,,,,,,,,,,  ,,,,,,,,,,,,,,,  ,,,,,,  ,,  ,,,,,,,,,,,,,,,,,,
,,1046,,,,,,,,,,,,,,,,,,  ,,,,,,,,,,,,,,,  ,,,,,,  ,,  ,,,,,,,,,,,,,,,,,,
,,1047,,,,,,,,,,,,,,,,,,  ,,,,,,,,,,,,,,,  ,,,,,,  ,,  ,,,,,,,,,,,,,,,,,,
,,1048,,,,,,,,,,,,,,,,,,  ,,,,,,,,,,,,,,,  ,,,,,,  ,,  ,,,,,,,,,,,,,,,,,,
,,1049,,,,,,,,,,,,,,,,,,  ,,,,,,,,,,,,,,,  ,,,,,,  ,,  ,,,,,,,,,,,,,,,,,,
,,1050,,,,,,,,,,,,,,,,,,  ,,,,,,,,,,,,,,,  ,,,,,,  ,,  ,,,,,,,,,,,,,,,,,,
,,1051,,,,,,,,,,,,,,,,,,  ,,,,,,,,,,,,,,,  ,,,,,,  ,,  ,,,,,,,,,,,,,,,,,,
,,1052,,,,,,,,,,,,,,,,,,  ,,,,,,,,,,,,,,,  ,,,,,,  ,,  ,,,,,,,,,,,,,,,,,,
,,1053,,,,,,,,,,,,,,,,,,  ,,,,,,,,,,,,,,,  ,,,,,,  ,,  ,,,,,,,,,,,,,,,,,,
,,1054,,,,,,,,,,,,,,,,,,  ,,,,,,,,,,,,,,,  ,,,,,,  ,,  ,,,,,,,,,,,,,,,,,,
,,1055,,,,,,,,,,,,,,,,,,  ,,,,,,,,,,,,,,,  ,,,,,,  ,,  ,,,,,,,,,,,,,,,,,,
,,1056,,,,,,,,,,,,,,,,,,  ,,,,,,,,,,,,,,,  ,,,,,,  ,,  ,,,,,,,,,,,,,,,,,,
,,1057,,,,,,,,,,,,,,,,,,  ,,,,,,,,,,,,,,,  ,,,,,,  ,,  ,,,,,,,,,,,,,,,,,,
,,1058,,,,,,,,,,,,,,,,,,  ,,,,,,,,,,,,,,,  ,,,,,,  ,,  ,,,,,,,,,,,,,,,,,,
,,1059,,,,,,,,,,,,,,,,,,  ,,,,,,,,,,,,,,,  ,,,,,,  ,,  ,,,,,,,,,,,,,,,,,,
,,1060,,,,,,,,,,,,,,,,,,  ,,,,,,,,,,,,,,,  ,,,,,,  ,,  ,,,,,,,,,,,,,,,,,,
,,1061,,,,,,,,,,,,,,,,,,  ,,,,,,,,,,,,,,,  ,,,,,,  ,,  ,,,,,,,,,,,,,,,,,,
,,1062,,,,,,,,,,,,,,,,,,  ,,,,,,,,,,,,,,,  ,,,,,,  ,,  ,,,,,,,,,,,,,,,,,,
,,1063,,,,,,,,,,,,,,,,,,  ,,,,,,,,,,,,,,,  ,,,,,,  ,,  ,,,,,,,,,,,,,,,,,,
,,1064,,,,,,,,,,,,,,,,,,  ,,,,,,,,,,,,,,,  ,,,,,,  ,,  ,,,,,,,,,,,,,,,,,,
,,1065,,,,,,,,,,,,,,,,,,  ,,,,,,,,,,,,,,,  ,,,,,,  ,,  ,,,,,,,,,,,,,,,,,,
,,1066,,,,,,,,,,,,,,,,,,  ,,,,,,,,,,,,,,,  ,,,,,,  ,,  ,,,,,,,,,,,,,,,,,,
,,1067,,,,,,,,,,,,,,,,,,  ,,,,,,,,,,,,,,,  ,,,,,,  ,,  ,,,,,,,,,,,,,,,,,,
,,1068,,,,,,,,,,,,,,,,,,  ,,,,,,,,,,,,,,,  ,,,,,,  ,,  ,,,,,,,,,,,,,,,,,,
,,1069,,,,,,,,,,,,,,,,,,  ,,,,,,,,,,,,,,,  ,,,,,,  ,,  ,,,,,,,,,,,,,,,,,,
,,1070,,,,,,,,,,,,,,,,,,  ,,,,,,,,,,,,,,,  ,,,,,,  ,,  ,,,,,,,,,,,,,,,,,,
,,1071,,,,,,,,,,,,,,,,,,  ,,,,,,,,,,,,,,,  ,,,,,,  ,,  ,,,,,,,,,,,,,,,,,,
,,1072,,,,,,,,,,,,,,,,,,  ,,,,,,,,,,,,,,,  ,,,,,,  ,,  ,,,,,,,,,,,,,,,,,,
,,1073,,,,,,,,,,,,,,,,,,  ,,,,,,,,,,,,,,,  ,,,,,,  ,,  ,,,,,,,,,,,,,,,,,,
,,1074,,,,,,,,,,,,,,,,,,  ,,,,,,,,,,,,,,,  ,,,,,,  ,,  ,,,,,,,,,,,,,,,,,,
,,1075,,,,,,,,,,,,,,,,,,  ,,,,,,,,,,,,,,,  ,,,,,,  ,,  ,,,,,,,,,,,,,,,,,,
,,1076,,,,,,,,,,,,,,,,,,  ,,,,,,,,,,,,,,,  ,,,,,,  ,,  ,,,,,,,,,,,,,,,,,,
,,1077,,,,,,,,,,,,,,,,,,  ,,,,,,,,,,,,,,,  ,,,,,,  ,,  ,,,,,,,,,,,,,,,,,,
,,1078,,,,,,,,,,,,,,,,,,  ,,,,,,,,,,,,,,,  ,,,,,,  ,,  ,,,,,,,,,,,,,,,,,,
,,1079,,,,,,,,,,,,,,,,,,  ,,,,,,,,,,,,,,,  ,,,,,,  ,,  ,,,,,,,,,,,,,,,,,,
,,1080,,,,,,,,,,,,,,,,,,  ,,,,,,,,,,,,,,,  ,,,,,,  ,,  ,,,,,,,,,,,,,,,,,,
,,1081,,,,,,,,,,,,,,,,,,  ,,,,,,,,,,,,,,,  ,,,,,,  ,,  ,,,,,,,,,,,,,,,,,,
,,1082,,,,,,,,,,,,,,,,,,  ,,,,,,,,,,,,,,,  ,,,,,,  ,,  ,,,,,,,,,,,,,,,,,,
,,1083,,,,,,,,,,,,,,,,,,  ,,,,,,,,,,,,,,,  ,,,,,,  ,,  ,,,,,,,,,,,,,,,,,,
,,1084,,,,,,,,,,,,,,,,,,  ,,,,,,,,,,,,,,,  ,,,,,,  ,,  ,,,,,,,,,,,,,,,,,,
,,1085,,,,,,,,,,,,,,,,,,  ,,,,,,,,,,,,,,,  ,,,,,,  ,,  ,,,,,,,,,,,,,,,,,,
,,1086,,,,,,,,,,,,,,,,,,  ,,,,,,,,,,,,,,,  ,,,,,,  ,,  ,,,,,,,,,,,,,,,,,,
,,1087,,,,,,,,,,,,,,,,,,  ,,,,,,,,,,,,,,,  ,,,,,,  ,,  ,,,,,,,,,,,,,,,,,,
,,1088,,,,,,,,,,,,,,,,,,  ,,,,,,,,,,,,,,,  ,,,,,,  ,,  ,,,,,,,,,,,,,,,,,,
,,1089,,,,,,,,,,,,,,,,,,  ,,,,,,,,,,,,,,,  ,,,,,,  ,,  ,,,,,,,,,,,,,,,,,,
,,1090,,,,,,,,,,,,,,,,,,  ,,,,,,,,,,,,,,,  ,,,,,,  ,,  ,,,,,,,,,,,,,,,,,,
,,1091,,,,,,,,,,,,,,,,,,  ,,,,,,,,,,,,,,,  ,,,,,,  ,,  ,,,,,,,,,,,,,,,,,,
,,1092,,,,,,,,,,,,,,,,,,  ,,,,,,,,,,,,,,,  ,,,,,,  ,,  ,,,,,,,,,,,,,,,,,,
,,1093,,,,,,,,,,,,,,,,,,  ,,,,,,,,,,,,,,,  ,,,,,,  ,,  ,,,,,,,,,,,,,,,,,,
,,1094,,,,,,,,,,,,,,,,,,  ,,,,,,,,,,,,,,,  ,,,,,,  ,,  ,,,,,,,,,,,,,,,,,,
,,1095,,,,,,,,,,,,,,,,,,  ,,,,,,,,,,,,,,,  ,,,,,,  ,,  ,,,,,,,,,,,,,,,,,,
,,1096,,,,,,,,,,,,,,,,,,  ,,,,,,,,,,,,,,,  ,,,,,,  ,,  ,,,,,,,,,,,,,,,,,,
,,1097,,,,,,,,,,,,,,,,,,  ,,,,,,,,,,,,,,,  ,,,,,,  ,,  ,,,,,,,,,,,,,,,,,,
,,1098,,,,,,,,,,,,,,,,,,  ,,,,,,,,,,,,,,,  ,,,,,,  ,,  ,,,,,,,,,,,,,,,,,,
,,1099,,,,,,,,,,,,,,,,,,  ,,,,,,,,,,,,,,,  ,,,,,,  ,,  ,,,,,,,,,,,,,,,,,,
,,1100,,,,,,,,,,,,,,,,,,  ,,,,,,,,,,,,,,,  ,,,,,,  ,,  ,,,,,,,,,,,,,,,,,,
,,1101,,,,,,,,,,,,,,,,,,  ,,,,,,,,,,,,,,,  ,,,,,,  ,,  ,,,,,,,,,,,,,,,,,,
,,1102,,,,,,,,,,,,,,,,,,  ,,,,,,,,,,,,,,,  ,,,,,,  ,,  ,,,,,,,,,,,,,,,,,,
,,1103,,,,,,,,,,,,,,,,,,  ,,,,,,,,,,,,,,,  ,,,,,,  ,,  ,,,,,,,,,,,,,,,,,,
,,1104,,,,,,,,,,,,,,,,,,  ,,,,,,,,,,,,,,,  ,,,,,,  ,,  ,,,,,,,,,,,,,,,,,,
,,1105,,,,,,,,,,,,,,,,,,  ,,,,,,,,,,,,,,,  ,,,,,,  ,,  ,,,,,,,,,,,,,,,,,,
,,1106,,,,,,,,,,,,,,,,,,  ,,,,,,,,,,,,,,,  ,,,,,,  ,,  ,,,,,,,,,,,,,,,,,,
,,1107,,,,,,,,,,,,,,,,,,  ,,,,,,,,,,,,,,,  ,,,,,,  ,,  ,,,,,,,,,,,,,,,,,,
,,1108,,,,,,,,,,,,,,,,,,  ,,,,,,,,,,,,,,,  ,,,,,,  ,,  ,,,,,,,,,,,,,,,,,,
,,1109,,,,,,,,,,,,,,,,,,  ,,,,,,,,,,,,,,,  ,,,,,,  ,,  ,,,,,,,,,,,,,,,,,,
,,1110,,,,,,,,,,,,,,,,,,  ,,,,,,,,,,,,,,,  ,,,,,,  ,,  ,,,,,,,,,,,,,,,,,,
,,1111,,,,,,,,,,,,,,,,,,  ,,,,,,,,,,,,,,,  ,,,,,,  ,,  ,,,,,,,,,,,,,,,,,,
,,1112,,,,,,,,,,,,,,,,,,  ,,,,,,,,,,,,,,,  ,,,,,,  ,,  ,,,,,,,,,,,,,,,,,,
,,1113,,,,,,,,,,,,,,,,,,  ,,,,,,,,,,,,,,,  ,,,,,,  ,,  ,,,,,,,,,,,,,,,,,,
,,1114,,,,,,,,,,,,,,,,,,  ,,,,,,,,,,,,,,,  ,,,,,,  ,,  ,,,,,,,,,,,,,,,,,,
,,1115,,,,,,,,,,,,,,,,,,  ,,,,,,,,,,,,,,,  ,,,,,,  ,,  ,,,,,,,,,,,,,,,,,,
,,1116,,,,,,,,,,,,,,,,,,  ,,,,,,,,,,,,,,,  ,,,,,,  ,,  ,,,,,,,,,,,,,,,,,,
,,1117,,,,,,,,,,,,,,,,,,  ,,,,,,,,,,,,,,,  ,,,,,,  ,,  ,,,,,,,,,,,,,,,,,,
,,1118,,,,,,,,,,,,,,,,,,  ,,,,,,,,,,,,,,,  ,,,,,,  ,,  ,,,,,,,,,,,,,,,,,,
,,1119,,,,,,,,,,,,,,,,,,  ,,,,,,,,,,,,,,,  ,,,,,,  ,,  ,,,,,,,,,,,,,,,,,,
,,1120,,,,,,,,,,,,,,,,,,  ,,,,,,,,,,,,,,,  ,,,,,,  ,,  ,,,,,,,,,,,,,,,,,,
,,1121,,,,,,,,,,,,,,,,,,  ,,,,,,,,,,,,,,,  ,,,,,,  ,,  ,,,,,,,,,,,,,,,,,,
,,1122,,,,,,,,,,,,,,,,,,  ,,,,,,,,,,,,,,,  ,,,,,,  ,,  ,,,,,,,,,,,,,,,,,,
,,1123,,,,,,,,,,,,,,,,,,  ,,,,,,,,,,,,,,,  ,,,,,,  ,,  ,,,,,,,,,,,,,,,,,,
,,1124,,,,,,,,,,,,,,,,,,  ,,,,,,,,,,,,,,,  ,,,,,,  ,,  ,,,,,,,,,,,,,,,,,,
,,1125,,,,,,,,,,,,,,,,,,  ,,,,,,,,,,,,,,,  ,,,,,,  ,,  ,,,,,,,,,,,,,,,,,,
,,1126,,,,,,,,,,,,,,,,,,  ,,,,,,,,,,,,,,,  ,,,,,,  ,,  ,,,,,,,,,,,,,,,,,,
,,1127,,,,,,,,,,,,,,,,,,  ,,,,,,,,,,,,,,,  ,,,,,,  ,,  ,,,,,,,,,,,,,,,,,,
,,1128,,,,,,,,,,,,,,,,,,  ,,,,,,,,,,,,,,,  ,,,,,,  ,,  ,,,,,,,,,,,,,,,,,,
,,1129,,,,,,,,,,,,,,,,,,  ,,,,,,,,,,,,,,,  ,,,,,,  ,,  ,,,,,,,,,,,,,,,,,,
,,1130,,,,,,,,,,,,,,,,,,  ,,,,,,,,,,,,,,,  ,,,,,,  ,,  ,,,,,,,,,,,,,,,,,,
,,1131,,,,,,,,,,,,,,,,,,  ,,,,,,,,,,,,,,,  ,,,,,,  ,,  ,,,,,,,,,,,,,,,,,,
,,1132,,,,,,,,,,,,,,,,,,  ,,,,,,,,,,,,,,,  ,,,,,,  ,,  ,,,,,,,,,,,,,,,,,,
,,1133,,,,,,,,,,,,,,,,,,  ,,,,,,,,,,,,,,,  ,,,,,,  ,,  ,,,,,,,,,,,,,,,,,,
,,1134,,,,,,,,,,,,,,,,,,  ,,,,,,,,,,,,,,,  ,,,,,,  ,,  ,,,,,,,,,,,,,,,,,,
,,1135,,,,,,,,,,,,,,,,,,  ,,,,,,,,,,,,,,,  ,,,,,,  ,,  ,,,,,,,,,,,,,,,,,,
,,1136,,,,,,,,,,,,,,,,,,  ,,,,,,,,,,,,,,,  ,,,,,,  ,,  ,,,,,,,,,,,,,,,,,,
,,1137,,,,,,,,,,,,,,,,,,  ,,,,,,,,,,,,,,,  ,,,,,,  ,,  ,,,,,,,,,,,,,,,,,,
,,1138,,,,,,,,,,,,,,,,,,  ,,,,,,,,,,,,,,,  ,,,,,,  ,,  ,,,,,,,,,,,,,,,,,,
,,1139,,,,,,,,,,,,,,,,,,  ,,,,,,,,,,,,,,,  ,,,,,,  ,,  ,,,,,,,,,,,,,,,,,,
,,1140,,,,,,,,,,,,,,,,,,  ,,,,,,,,,,,,,,,  ,,,,,,  ,,  ,,,,,,,,,,,,,,,,,,
,,1141,,,,,,,,,,,,,,,,,,  ,,,,,,,,,,,,,,,  ,,,,,,  ,,  ,,,,,,,,,,,,,,,,,,
,,1142,,,,,,,,,,,,,,,,,,  ,,,,,,,,,,,,,,,  ,,,,,,  ,,  ,,,,,,,,,,,,,,,,,,
,,1143,,,,,,,,,,,,,,,,,,  ,,,,,,,,,,,,,,,  ,,,,,,  ,,  ,,,,,,,,,,,,,,,,,,
,,1144,,,,,,,,,,,,,,,,,,  ,,,,,,,,,,,,,,,  ,,,,,,  ,,  ,,,,,,,,,,,,,,,,,,
,,1145,,,,,,,,,,,,,,,,,,  ,,,,,,,,,,,,,,,  ,,,,,,  ,,  ,,,,,,,,,,,,,,,,,,
,,1146,,,,,,,,,,,,,,,,,,  ,,,,,,,,,,,,,,,  ,,,,,,  ,,  ,,,,,,,,,,,,,,,,,,
,,1147,,,,,,,,,,,,,,,,,,  ,,,,,,,,,,,,,,,  ,,,,,,  ,,  ,,,,,,,,,,,,,,,,,,
,,1148,,,,,,,,,,,,,,,,,,  ,,,,,,,,,,,,,,,  ,,,,,,  ,,  ,,,,,,,,,,,,,,,,,,
,,1149,,,,,,,,,,,,,,,,,,  ,,,,,,,,,,,,,,,  ,,,,,,  ,,  ,,,,,,,,,,,,,,,,,,
,,1150,,,,,,,,,,,,,,,,,,  ,,,,,,,,,,,,,,,  ,,,,,,  ,,  ,,,,,,,,,,,,,,,,,,
,,1151,,,,,,,,,,,,,,,,,,  ,,,,,,,,,,,,,,,  ,,,,,,  ,,  ,,,,,,,,,,,,,,,,,,
,,1152,,,,,,,,,,,,,,,,,,  ,,,,,,,,,,,,,,,  ,,,,,,  ,,  ,,,,,,,,,,,,,,,,,,
,,1153,,,,,,,,,,,,,,,,,,  ,,,,,,,,,,,,,,,  ,,,,,,  ,,  ,,,,,,,,,,,,,,,,,,
,,1154,,,,,,,,,,,,,,,,,,  ,,,,,,,,,,,,,,,  ,,,,,,  ,,  ,,,,,,,,,,,,,,,,,,
,,1155,,,,,,,,,,,,,,,,,,  ,,,,,,,,,,,,,,,  ,,,,,,  ,,  ,,,,,,,,,,,,,,,,,,
,,1156,,,,,,,,,,,,,,,,,,  ,,,,,,,,,,,,,,,  ,,,,,,  ,,  ,,,,,,,,,,,,,,,,,,
,,1157,,,,,,,,,,,,,,,,,,  ,,,,,,,,,,,,,,,  ,,,,,,  ,,  ,,,,,,,,,,,,,,,,,,
,,1158,,,,,,,,,,,,,,,,,,  ,,,,,,,,,,,,,,,  ,,,,,,  ,,  ,,,,,,,,,,,,,,,,,,
,,1159,,,,,,,,,,,,,,,,,,  ,,,,,,,,,,,,,,,  ,,,,,,  ,,  ,,,,,,,,,,,,,,,,,,
,,1160,,,,,,,,,,,,,,,,,,  ,,,,,,,,,,,,,,,  ,,,,,,  ,,  ,,,,,,,,,,,,,,,,,,
,,1161,,,,,,,,,,,,,,,,,,  ,,,,,,,,,,,,,,,  ,,,,,,  ,,  ,,,,,,,,,,,,,,,,,,
,,1162,,,,,,,,,,,,,,,,,,  ,,,,,,,,,,,,,,,  ,,,,,,  ,,  ,,,,,,,,,,,,,,,,,,
,,1163,,,,,,,,,,,,,,,,,,  ,,,,,,,,,,,,,,,  ,,,,,,  ,,  ,,,,,,,,,,,,,,,,,,
,,1164,,,,,,,,,,,,,,,,,,  ,,,,,,,,,,,,,,,  ,,,,,,  ,,  ,,,,,,,,,,,,,,,,,,
,,1165,,,,,,,,,,,,,,,,,,  ,,,,,,,,,,,,,,,  ,,,,,,  ,,  ,,,,,,,,,,,,,,,,,,
,,1166,,,,,,,,,,,,,,,,,,  ,,,,,,,,,,,,,,,  ,,,,,,  ,,  ,,,,,,,,,,,,,,,,,,
,,1167,,,,,,,,,,,,,,,,,,  ,,,,,,,,,,,,,,,  ,,,,,,  ,,  ,,,,,,,,,,,,,,,,,,
,,1168,,,,,,,,,,,,,,,,,,  ,,,,,,,,,,,,,,,  ,,,,,,  ,,  ,,,,,,,,,,,,,,,,,,
,,1169,,,,,,,,,,,,,,,,,,  ,,,,,,,,,,,,,,,  ,,,,,,  ,,  ,,,,,,,,,,,,,,,,,,
,,1170,,,,,,,,,,,,,,,,,,  ,,,,,,,,,,,,,,,  ,,,,,,  ,,  ,,,,,,,,,,,,,,,,,,
,,1171,,,,,,,,,,,,,,,,,,  ,,,,,,,,,,,,,,,  ,,,,,,  ,,  ,,,,,,,,,,,,,,,,,,
,,1172,,,,,,,,,,,,,,,,,,  ,,,,,,,,,,,,,,,  ,,,,,,  ,,  ,,,,,,,,,,,,,,,,,,
,,1173,,,,,,,,,,,,,,,,,,  ,,,,,,,,,,,,,,,  ,,,,,,  ,,  ,,,,,,,,,,,,,,,,,,
,,1174,,,,,,,,,,,,,,,,,,  ,,,,,,,,,,,,,,,  ,,,,,,  ,,  ,,,,,,,,,,,,,,,,,,
,,1175,,,,,,,,,,,,,,,,,,  ,,,,,,,,,,,,,,,  ,,,,,,  ,,  ,,,,,,,,,,,,,,,,,,
,,1176,,,,,,,,,,,,,,,,,,  ,,,,,,,,,,,,,,,  ,,,,,,  ,,  ,,,,,,,,,,,,,,,,,,
,,1177,,,,,,,,,,,,,,,,,,  ,,,,,,,,,,,,,,,  ,,,,,,  ,,  ,,,,,,,,,,,,,,,,,,
,,1178,,,,,,,,,,,,,,,,,,  ,,,,,,,,,,,,,,,  ,,,,,,  ,,  ,,,,,,,,,,,,,,,,,,
,,1179,,,,,,,,,,,,,,,,,,  ,,,,,,,,,,,,,,,  ,,,,,,  ,,  ,,,,,,,,,,,,,,,,,,
,,1180,,,,,,,,,,,,,,,,,,  ,,,,,,,,,,,,,,,  ,,,,,,  ,,  ,,,,,,,,,,,,,,,,,,
,,1181,,,,,,,,,,,,,,,,,,  ,,,,,,,,,,,,,,,  ,,,,,,  ,,  ,,,,,,,,,,,,,,,,,,
,,1182,,,,,,,,,,,,,,,,,,  ,,,,,,,,,,,,,,,  ,,,,,,  ,,  ,,,,,,,,,,,,,,,,,,
,,1183,,,,,,,,,,,,,,,,,,  ,,,,,,,,,,,,,,,  ,,,,,,  ,,  ,,,,,,,,,,,,,,,,,,
,,1184,,,,,,,,,,,,,,,,,,  ,,,,,,,,,,,,,,,  ,,,,,,  ,,  ,,,,,,,,,,,,,,,,,,
,,1185,,,,,,,,,,,,,,,,,,  ,,,,,,,,,,,,,,,  ,,,,,,  ,,  ,,,,,,,,,,,,,,,,,,
,,1186,,,,,,,,,,,,,,,,,,  ,,,,,,,,,,,,,,,  ,,,,,,  ,,  ,,,,,,,,,,,,,,,,,,
,,1187,,,,,,,,,,,,,,,,,,  ,,,,,,,,,,,,,,,  ,,,,,,  ,,  ,,,,,,,,,,,,,,,,,,
,,1188,,,,,,,,,,,,,,,,,,  ,,,,,,,,,,,,,,,  ,,,,,,  ,,  ,,,,,,,,,,,,,,,,,,
,,1189,,,,,,,,,,,,,,,,,,  ,,,,,,,,,,,,,,,  ,,,,,,  ,,  ,,,,,,,,,,,,,,,,,,
,,1190,,,,,,,,,,,,,,,,,,  ,,,,,,,,,,,,,,,  ,,,,,,  ,,  ,,,,,,,,,,,,,,,,,,
,,1191,,,,,,,,,,,,,,,,,,  ,,,,,,,,,,,,,,,  ,,,,,,  ,,  ,,,,,,,,,,,,,,,,,,
,,1192,,,,,,,,,,,,,,,,,,  ,,,,,,,,,,,,,,,  ,,,,,,  ,,  ,,,,,,,,,,,,,,,,,,
,,1193,,,,,,,,,,,,,,,,,,  ,,,,,,,,,,,,,,,  ,,,,,,  ,,  ,,,,,,,,,,,,,,,,,,
,,1194,,,,,,,,,,,,,,,,,,  ,,,,,,,,,,,,,,,  ,,,,,,  ,,  ,,,,,,,,,,,,,,,,,,
,,1195,,,,,,,,,,,,,,,,,,  ,,,,,,,,,,,,,,,  ,,,,,,  ,,  ,,,,,,,,,,,,,,,,,,
,,1196,,,,,,,,,,,,,,,,,,  ,,,,,,,,,,,,,,,  ,,,,,,  ,,  ,,,,,,,,,,,,,,,,,,
,,1197,,,,,,,,,,,,,,,,,,  ,,,,,,,,,,,,,,,  ,,,,,,  ,,  ,,,,,,,,,,,,,,,,,,
,,1198,,,,,,,,,,,,,,,,,,  ,,,,,,,,,,,,,,,  ,,,,,,  ,,  ,,,,,,,,,,,,,,,,,,
,,1199,,,,,,,,,,,,,,,,,,  ,,,,,,,,,,,,,,,  ,,,,,,  ,,  ,,,,,,,,,,,,,,,,,,
,,1200,,,,,,,,,,,,,,,,,,  ,,,,,,,,,,,,,,,  ,,,,,,  ,,  ,,,,,,,,,,,,,,,,,,
,,1201,,,,,,,,,,,,,,,,,,  ,,,,,,,,,,,,,,,  ,,,,,,  ,,  ,,,,,,,,,,,,,,,,,,
,,1202,,,,,,,,,,,,,,,,,,  ,,,,,,,,,,,,,,,  ,,,,,,  ,,  ,,,,,,,,,,,,,,,,,,
,,1203,,,,,,,,,,,,,,,,,,  ,,,,,,,,,,,,,,,  ,,,,,,  ,,  ,,,,,,,,,,,,,,,,,,
,,1204,,,,,,,,,,,,,,,,,,  ,,,,,,,,,,,,,,,  ,,,,,,  ,,  ,,,,,,,,,,,,,,,,,,
,,1205,,,,,,,,,,,,,,,,,,  ,,,,,,,,,,,,,,,  ,,,,,,  ,,  ,,,,,,,,,,,,,,,,,,
,,1206,,,,,,,,,,,,,,,,,,  ,,,,,,,,,,,,,,,  ,,,,,,  ,,  ,,,,,,,,,,,,,,,,,,
,,1207,,,,,,,,,,,,,,,,,,  ,,,,,,,,,,,,,,,  ,,,,,,  ,,  ,,,,,,,,,,,,,,,,,,
,,1208,,,,,,,,,,,,,,,,,,  ,,,,,,,,,,,,,,,  ,,,,,,  ,,  ,,,,,,,,,,,,,,,,,,
,,1209,,,,,,,,,,,,,,,,,,  ,,,,,,,,,,,,,,,  ,,,,,,  ,,  ,,,,,,,,,,,,,,,,,,
,,1210,,,,,,,,,,,,,,,,,,  ,,,,,,,,,,,,,,,  ,,,,,,  ,,  ,,,,,,,,,,,,,,,,,,
,,1211,,,,,,,,,,,,,,,,,,  ,,,,,,,,,,,,,,,  ,,,,,,  ,,  ,,,,,,,,,,,,,,,,,,
,,1212,,,,,,,,,,,,,,,,,,  ,,,,,,,,,,,,,,,  ,,,,,,  ,,  ,,,,,,,,,,,,,,,,,,
,,1213,,,,,,,,,,,,,,,,,,  ,,,,,,,,,,,,,,,  ,,,,,,  ,,  ,,,,,,,,,,,,,,,,,,
,,1214,,,,,,,,,,,,,,,,,,  ,,,,,,,,,,,,,,,  ,,,,,,  ,,  ,,,,,,,,,,,,,,,,,,
,,1215,,,,,,,,,,,,,,,,,,  ,,,,,,,,,,,,,,,  ,,,,,,  ,,  ,,,,,,,,,,,,,,,,,,
,,1216,,,,,,,,,,,,,,,,,,  ,,,,,,,,,,,,,,,  ,,,,,,  ,,  ,,,,,,,,,,,,,,,,,,
,,1217,,,,,,,,,,,,,,,,,,  ,,,,,,,,,,,,,,,  ,,,,,,  ,,  ,,,,,,,,,,,,,,,,,,
,,1218,,,,,,,,,,,,,,,,,,  ,,,,,,,,,,,,,,,  ,,,,,,  ,,  ,,,,,,,,,,,,,,,,,,
,,1219,,,,,,,,,,,,,,,,,,  ,,,,,,,,,,,,,,,  ,,,,,,  ,,  ,,,,,,,,,,,,,,,,,,
,,1220,,,,,,,,,,,,,,,,,,  ,,,,,,,,,,,,,,,  ,,,,,,  ,,  ,,,,,,,,,,,,,,,,,,
,,1221,,,,,,,,,,,,,,,,,,  ,,,,,,,,,,,,,,,  ,,,,,,  ,,  ,,,,,,,,,,,,,,,,,,
,,1222,,,,,,,,,,,,,,,,,,  ,,,,,,,,,,,,,,,  ,,,,,,  ,,  ,,,,,,,,,,,,,,,,,,
,,1223,,,,,,,,,,,,,,,,,,  ,,,,,,,,,,,,,,,  ,,,,,,  ,,  ,,,,,,,,,,,,,,,,,,
,,1224,,,,,,,,,,,,,,,,,,  ,,,,,,,,,,,,,,,  ,,,,,,  ,,  ,,,,,,,,,,,,,,,,,,
,,1225,,,,,,,,,,,,,,,,,,  ,,,,,,,,,,,,,,,  ,,,,,,  ,,  ,,,,,,,,,,,,,,,,,,
,,1226,,,,,,,,,,,,,,,,,,  ,,,,,,,,,,,,,,,  ,,,,,,  ,,  ,,,,,,,,,,,,,,,,,,
,,1227,,,,,,,,,,,,,,,,,,  ,,,,,,,,,,,,,,,  ,,,,,,  ,,  ,,,,,,,,,,,,,,,,,,
,,1228,,,,,,,,,,,,,,,,,,  ,,,,,,,,,,,,,,,  ,,,,,,  ,,  ,,,,,,,,,,,,,,,,,,
,,1229,,,,,,,,,,,,,,,,,,  ,,,,,,,,,,,,,,,  ,,,,,,  ,,  ,,,,,,,,,,,,,,,,,,
,,1230,,,,,,,,,,,,,,,,,,  ,,,,,,,,,,,,,,,  ,,,,,,  ,,  ,,,,,,,,,,,,,,,,,,
,,1231,,,,,,,,,,,,,,,,,,  ,,,,,,,,,,,,,,,  ,,,,,,  ,,  ,,,,,,,,,,,,,,,,,,
,,1232,,,,,,,,,,,,,,,,,,  ,,,,,,,,,,,,,,,  ,,,,,,  ,,  ,,,,,,,,,,,,,,,,,,
,,1233,,,,,,,,,,,,,,,,,,  ,,,,,,,,,,,,,,,  ,,,,,,  ,,  ,,,,,,,,,,,,,,,,,,
,,1234,,,,,,,,,,,,,,,,,,  ,,,,,,,,,,,,,,,  ,,,,,,  ,,  ,,,,,,,,,,,,,,,,,,
,,1235,,,,,,,,,,,,,,,,,,  ,,,,,,,,,,,,,,,  ,,,,,,  ,,  ,,,,,,,,,,,,,,,,,,
,,1236,,,,,,,,,,,,,,,,,,  ,,,,,,,,,,,,,,,  ,,,,,,  ,,  ,,,,,,,,,,,,,,,,,,
,,1237,,,,,,,,,,,,,,,,,,  ,,,,,,,,,,,,,,,  ,,,,,,  ,,  ,,,,,,,,,,,,,,,,,,
,,1238,,,,,,,,,,,,,,,,,,  ,,,,,,,,,,,,,,,  ,,,,,,  ,,  ,,,,,,,,,,,,,,,,,,
,,1239,,,,,,,,,,,,,,,,,,  ,,,,,,,,,,,,,,,  ,,,,,,  ,,  ,,,,,,,,,,,,,,,,,,
,,1240,,,,,,,,,,,,,,,,,,  ,,,,,,,,,,,,,,,  ,,,,,,  ,,  ,,,,,,,,,,,,,,,,,,
,,1241,,,,,,,,,,,,,,,,,,  ,,,,,,,,,,,,,,,  ,,,,,,  ,,  ,,,,,,,,,,,,,,,,,,
,,1242,,,,,,,,,,,,,,,,,,  ,,,,,,,,,,,,,,,  ,,,,,,  ,,  ,,,,,,,,,,,,,,,,,,
,,1243,,,,,,,,,,,,,,,,,,  ,,,,,,,,,,,,,,,  ,,,,,,  ,,  ,,,,,,,,,,,,,,,,,,
,,1244,,,,,,,,,,,,,,,,,,  ,,,,,,,,,,,,,,,  ,,,,,,  ,,  ,,,,,,,,,,,,,,,,,,
,,1245,,,,,,,,,,,,,,,,,,  ,,,,,,,,,,,,,,,  ,,,,,,  ,,  ,,,,,,,,,,,,,,,,,,
,,1246,,,,,,,,,,,,,,,,,,  ,,,,,,,,,,,,,,,  ,,,,,,  ,,  ,,,,,,,,,,,,,,,,,,
,,1247,,,,,,,,,,,,,,,,,,  ,,,,,,,,,,,,,,,  ,,,,,,  ,,  ,,,,,,,,,,,,,,,,,,
,,1248,,,,,,,,,,,,,,,,,,  ,,,,,,,,,,,,,,,  ,,,,,,  ,,  ,,,,,,,,,,,,,,,,,,
,,1249,,,,,,,,,,,,,,,,,,  ,,,,,,,,,,,,,,,  ,,,,,,  ,,  ,,,,,,,,,,,,,,,,,,
,,1250,,,,,,,,,,,,,,,,,,  ,,,,,,,,,,,,,,,  ,,,,,,  ,,  ,,,,,,,,,,,,,,,,,,
,,1251,,,,,,,,,,,,,,,,,,  ,,,,,,,,,,,,,,,  ,,,,,,  ,,  ,,,,,,,,,,,,,,,,,,
,,1252,,,,,,,,,,,,,,,,,,  ,,,,,,,,,,,,,,,  ,,,,,,  ,,  ,,,,,,,,,,,,,,,,,,
,,1253,,,,,,,,,,,,,,,,,,  ,,,,,,,,,,,,,,,  ,,,,,,  ,,  ,,,,,,,,,,,,,,,,,,
,,1254,,,,,,,,,,,,,,,,,,  ,,,,,,,,,,,,,,,  ,,,,,,  ,,  ,,,,,,,,,,,,,,,,,,
,,1255,,,,,,,,,,,,,,,,,,  ,,,,,,,,,,,,,,,  ,,,,,,  ,,  ,,,,,,,,,,,,,,,,,,
,,1256,,,,,,,,,,,,,,,,,,  ,,,,,,,,,,,,,,,  ,,,,,,  ,,  ,,,,,,,,,,,,,,,,,,
,,1257,,,,,,,,,,,,,,,,,,  ,,,,,,,,,,,,,,,  ,,,,,,  ,,  ,,,,,,,,,,,,,,,,,,
,,1258,,,,,,,,,,,,,,,,,,  ,,,,,,,,,,,,,,,  ,,,,,,  ,,  ,,,,,,,,,,,,,,,,,,
,,1259,,,,,,,,,,,,,,,,,,  ,,,,,,,,,,,,,,,  ,,,,,,  ,,  ,,,,,,,,,,,,,,,,,,
,,1260,,,,,,,,,,,,,,,,,,  ,,,,,,,,,,,,,,,  ,,,,,,  ,,  ,,,,,,,,,,,,,,,,,,
,,1261,,,,,,,,,,,,,,,,,,  ,,,,,,,,,,,,,,,  ,,,,,,  ,,  ,,,,,,,,,,,,,,,,,,
,,1262,,,,,,,,,,,,,,,,,,  ,,,,,,,,,,,,,,,  ,,,,,,  ,,  ,,,,,,,,,,,,,,,,,,
,,1263,,,,,,,,,,,,,,,,,,  ,,,,,,,,,,,,,,,  ,,,,,,  ,,  ,,,,,,,,,,,,,,,,,,
,,1264,,,,,,,,,,,,,,,,,,  ,,,,,,,,,,,,,,,  ,,,,,,  ,,  ,,,,,,,,,,,,,,,,,,
,,1265,,,,,,,,,,,,,,,,,,  ,,,,,,,,,,,,,,,  ,,,,,,  ,,  ,,,,,,,,,,,,,,,,,,
,,1266,,,,,,,,,,,,,,,,,,  ,,,,,,,,,,,,,,,  ,,,,,,  ,,  ,,,,,,,,,,,,,,,,,,
,,1267,,,,,,,,,,,,,,,,,,  ,,,,,,,,,,,,,,,  ,,,,,,  ,,  ,,,,,,,,,,,,,,,,,,
,,1268,,,,,,,,,,,,,,,,,,  ,,,,,,,,,,,,,,,  ,,,,,,  ,,  ,,,,,,,,,,,,,,,,,,
,,1269,,,,,,,,,,,,,,,,,,  ,,,,,,,,,,,,,,,  ,,,,,,  ,,  ,,,,,,,,,,,,,,,,,,
,,1270,,,,,,,,,,,,,,,,,,  ,,,,,,,,,,,,,,,  ,,,,,,  ,,  ,,,,,,,,,,,,,,,,,,
,,1271,,,,,,,,,,,,,,,,,,  ,,,,,,,,,,,,,,,  ,,,,,,  ,,  ,,,,,,,,,,,,,,,,,,
,,1272,,,,,,,,,,,,,,,,,,  ,,,,,,,,,,,,,,,  ,,,,,,  ,,  ,,,,,,,,,,,,,,,,,,
,,1273,,,,,,,,,,,,,,,,,,  ,,,,,,,,,,,,,,,  ,,,,,,  ,,  ,,,,,,,,,,,,,,,,,,
,,1274,,,,,,,,,,,,,,,,,,  ,,,,,,,,,,,,,,,  ,,,,,,  ,,  ,,,,,,,,,,,,,,,,,,
,,1275,,,,,,,,,,,,,,,,,,  ,,,,,,,,,,,,,,,  ,,,,,,  ,,  ,,,,,,,,,,,,,,,,,,
,,1276,,,,,,,,,,,,,,,,,,  ,,,,,,,,,,,,,,,  ,,,,,,  ,,  ,,,,,,,,,,,,,,,,,,
,,1277,,,,,,,,,,,,,,,,,,  ,,,,,,,,,,,,,,,  ,,,,,,  ,,  ,,,,,,,,,,,,,,,,,,
,,1278,,,,,,,,,,,,,,,,,,  ,,,,,,,,,,,,,,,  ,,,,,,  ,,  ,,,,,,,,,,,,,,,,,,
,,1279,,,,,,,,,,,,,,,,,,  ,,,,,,,,,,,,,,,  ,,,,,,  ,,  ,,,,,,,,,,,,,,,,,,
,,1280,,,,,,,,,,,,,,,,,,  ,,,,,,,,,,,,,,,  ,,,,,,  ,,  ,,,,,,,,,,,,,,,,,,
,,1281,,,,,,,,,,,,,,,,,,  ,,,,,,,,,,,,,,,  ,,,,,,  ,,  ,,,,,,,,,,,,,,,,,,
,,1282,,,,,,,,,,,,,,,,,,  ,,,,,,,,,,,,,,,  ,,,,,,  ,,  ,,,,,,,,,,,,,,,,,,
,,1283,,,,,,,,,,,,,,,,,,  ,,,,,,,,,,,,,,,  ,,,,,,  ,,  ,,,,,,,,,,,,,,,,,,
,,1284,,,,,,,,,,,,,,,,,,  ,,,,,,,,,,,,,,,  ,,,,,,  ,,  ,,,,,,,,,,,,,,,,,,
,,1285,,,,,,,,,,,,,,,,,,  ,,,,,,,,,,,,,,,  ,,,,,,  ,,  ,,,,,,,,,,,,,,,,,,
,,1286,,,,,,,,,,,,,,,,,,  ,,,,,,,,,,,,,,,  ,,,,,,  ,,  ,,,,,,,,,,,,,,,,,,
,,1287,,,,,,,,,,,,,,,,,,  ,,,,,,,,,,,,,,,  ,,,,,,  ,,  ,,,,,,,,,,,,,,,,,,
,,1288,,,,,,,,,,,,,,,,,,  ,,,,,,,,,,,,,,,  ,,,,,,  ,,  ,,,,,,,,,,,,,,,,,,
,,1289,,,,,,,,,,,,,,,,,,  ,,,,,,,,,,,,,,,  ,,,,,,  ,,  ,,,,,,,,,,,,,,,,,,
,,1290,,,,,,,,,,,,,,,,,,  ,,,,,,,,,,,,,,,  ,,,,,,  ,,  ,,,,,,,,,,,,,,,,,,
,,1291,,,,,,,,,,,,,,,,,,  ,,,,,,,,,,,,,,,  ,,,,,,  ,,  ,,,,,,,,,,,,,,,,,,
,,1292,,,,,,,,,,,,,,,,,,  ,,,,,,,,,,,,,,,  ,,,,,,  ,,  ,,,,,,,,,,,,,,,,,,
,,1293,,,,,,,,,,,,,,,,,,  ,,,,,,,,,,,,,,,  ,,,,,,  ,,  ,,,,,,,,,,,,,,,,,,
,,1294,,,,,,,,,,,,,,,,,,  ,,,,,,,,,,,,,,,  ,,,,,,  ,,  ,,,,,,,,,,,,,,,,,,
,,1295,,,,,,,,,,,,,,,,,,  ,,,,,,,,,,,,,,,  ,,,,,,  ,,  ,,,,,,,,,,,,,,,,,,
,,1296,,,,,,,,,,,,,,,,,,  ,,,,,,,,,,,,,,,  ,,,,,,  ,,  ,,,,,,,,,,,,,,,,,,
,,1297,,,,,,,,,,,,,,,,,,  ,,,,,,,,,,,,,,,  ,,,,,,  ,,  ,,,,,,,,,,,,,,,,,,
,,1298,,,,,,,,,,,,,,,,,,  ,,,,,,,,,,,,,,,  ,,,,,,  ,,  ,,,,,,,,,,,,,,,,,,
,,1299,,,,,,,,,,,,,,,,,,  ,,,,,,,,,,,,,,,  ,,,,,,  ,,  ,,,,,,,,,,,,,,,,,,
,,1300,,,,,,,,,,,,,,,,,,  ,,,,,,,,,,,,,,,  ,,,,,,  ,,  ,,,,,,,,,,,,,,,,,,
,,1301,,,,,,,,,,,,,,,,,,  ,,,,,,,,,,,,,,,  ,,,,,,  ,,  ,,,,,,,,,,,,,,,,,,
,,1302,,,,,,,,,,,,,,,,,,  ,,,,,,,,,,,,,,,  ,,,,,,  ,,  ,,,,,,,,,,,,,,,,,,
,,1303,,,,,,,,,,,,,,,,,,  ,,,,,,,,,,,,,,,  ,,,,,,  ,,  ,,,,,,,,,,,,,,,,,,
,,1304,,,,,,,,,,,,,,,,,,  ,,,,,,,,,,,,,,,  ,,,,,,  ,,  ,,,,,,,,,,,,,,,,,,
,,1305,,,,,,,,,,,,,,,,,,  ,,,,,,,,,,,,,,,  ,,,,,,  ,,  ,,,,,,,,,,,,,,,,,,
,,1306,,,,,,,,,,,,,,,,,,  ,,,,,,,,,,,,,,,  ,,,,,,  ,,  ,,,,,,,,,,,,,,,,,,
,,1307,,,,,,,,,,,,,,,,,,  ,,,,,,,,,,,,,,,  ,,,,,,  ,,  ,,,,,,,,,,,,,,,,,,
,,1308,,,,,,,,,,,,,,,,,,  ,,,,,,,,,,,,,,,  ,,,,,,  ,,  ,,,,,,,,,,,,,,,,,,
,,1309,,,,,,,,,,,,,,,,,,  ,,,,,,,,,,,,,,,  ,,,,,,  ,,  ,,,,,,,,,,,,,,,,,,
,,1310,,,,,,,,,,,,,,,,,,  ,,,,,,,,,,,,,,,  ,,,,,,  ,,  ,,,,,,,,,,,,,,,,,,
,,1311,,,,,,,,,,,,,,,,,,  ,,,,,,,,,,,,,,,  ,,,,,,  ,,  ,,,,,,,,,,,,,,,,,,
,,1312,,,,,,,,,,,,,,,,,,  ,,,,,,,,,,,,,,,  ,,,,,,  ,,  ,,,,,,,,,,,,,,,,,,
,,1313,,,,,,,,,,,,,,,,,,  ,,,,,,,,,,,,,,,  ,,,,,,  ,,  ,,,,,,,,,,,,,,,,,,
,,1314,,,,,,,,,,,,,,,,,,  ,,,,,,,,,,,,,,,  ,,,,,,  ,,  ,,,,,,,,,,,,,,,,,,
,,1315,,,,,,,,,,,,,,,,,,  ,,,,,,,,,,,,,,,  ,,,,,,  ,,  ,,,,,,,,,,,,,,,,,,
,,1316,,,,,,,,,,,,,,,,,,  ,,,,,,,,,,,,,,,  ,,,,,,  ,,  ,,,,,,,,,,,,,,,,,,
,,1317,,,,,,,,,,,,,,,,,,  ,,,,,,,,,,,,,,,  ,,,,,,  ,,  ,,,,,,,,,,,,,,,,,,
,,1318,,,,,,,,,,,,,,,,,,  ,,,,,,,,,,,,,,,  ,,,,,,  ,,  ,,,,,,,,,,,,,,,,,,
,,1319,,,,,,,,,,,,,,,,,,  ,,,,,,,,,,,,,,,  ,,,,,,  ,,  ,,,,,,,,,,,,,,,,,,
,,1320,,,,,,,,,,,,,,,,,,  ,,,,,,,,,,,,,,,  ,,,,,,  ,,  ,,,,,,,,,,,,,,,,,,
,,1321,,,,,,,,,,,,,,,,,,  ,,,,,,,,,,,,,,,  ,,,,,,  ,,  ,,,,,,,,,,,,,,,,,,
,,1322,,,,,,,,,,,,,,,,,,  ,,,,,,,,,,,,,,,  ,,,,,,  ,,  ,,,,,,,,,,,,,,,,,,
,,1323,,,,,,,,,,,,,,,,,,  ,,,,,,,,,,,,,,,  ,,,,,,  ,,  ,,,,,,,,,,,,,,,,,,
,,1324,,,,,,,,,,,,,,,,,,  ,,,,,,,,,,,,,,,  ,,,,,,  ,,  ,,,,,,,,,,,,,,,,,,
,,1325,,,,,,,,,,,,,,,,,,  ,,,,,,,,,,,,,,,  ,,,,,,  ,,  ,,,,,,,,,,,,,,,,,,
,,1326,,,,,,,,,,,,,,,,,,  ,,,,,,,,,,,,,,,  ,,,,,,  ,,  ,,,,,,,,,,,,,,,,,,
,,1327,,,,,,,,,,,,,,,,,,  ,,,,,,,,,,,,,,,  ,,,,,,  ,,  ,,,,,,,,,,,,,,,,,,
,,1328,,,,,,,,,,,,,,,,,,  ,,,,,,,,,,,,,,,  ,,,,,,  ,,  ,,,,,,,,,,,,,,,,,,
,,1329,,,,,,,,,,,,,,,,,,  ,,,,,,,,,,,,,,,  ,,,,,,  ,,  ,,,,,,,,,,,,,,,,,,
,,1330,,,,,,,,,,,,,,,,,,  ,,,,,,,,,,,,,,,  ,,,,,,  ,,  ,,,,,,,,,,,,,,,,,,
,,1331,,,,,,,,,,,,,,,,,,  ,,,,,,,,,,,,,,,  ,,,,,,  ,,  ,,,,,,,,,,,,,,,,,,
,,1332,,,,,,,,,,,,,,,,,,  ,,,,,,,,,,,,,,,  ,,,,,,  ,,  ,,,,,,,,,,,,,,,,,,
,,1333,,,,,,,,,,,,,,,,,,  ,,,,,,,,,,,,,,,  ,,,,,,  ,,  ,,,,,,,,,,,,,,,,,,
,,1334,,,,,,,,,,,,,,,,,,  ,,,,,,,,,,,,,,,  ,,,,,,  ,,  ,,,,,,,,,,,,,,,,,,
,,1335,,,,,,,,,,,,,,,,,,  ,,,,,,,,,,,,,,,  ,,,,,,  ,,  ,,,,,,,,,,,,,,,,,,
,,1336,,,,,,,,,,,,,,,,,,  ,,,,,,,,,,,,,,,  ,,,,,,  ,,  ,,,,,,,,,,,,,,,,,,
,,1337,,,,,,,,,,,,,,,,,,  ,,,,,,,,,,,,,,,  ,,,,,,  ,,  ,,,,,,,,,,,,,,,,,,
,,1338,,,,,,,,,,,,,,,,,,  ,,,,,,,,,,,,,,,  ,,,,,,  ,,  ,,,,,,,,,,,,,,,,,,
,,1339,,,,,,,,,,,,,,,,,,  ,,,,,,,,,,,,,,,  ,,,,,,  ,,  ,,,,,,,,,,,,,,,,,,
,,1340,,,,,,,,,,,,,,,,,,  ,,,,,,,,,,,,,,,  ,,,,,,  ,,  ,,,,,,,,,,,,,,,,,,
,,1341,,,,,,,,,,,,,,,,,,  ,,,,,,,,,,,,,,,  ,,,,,,  ,,  ,,,,,,,,,,,,,,,,,,
,,1342,,,,,,,,,,,,,,,,,,  ,,,,,,,,,,,,,,,  ,,,,,,  ,,  ,,,,,,,,,,,,,,,,,,
,,1343,,,,,,,,,,,,,,,,,,  ,,,,,,,,,,,,,,,  ,,,,,,  ,,  ,,,,,,,,,,,,,,,,,,
,,1344,,,,,,,,,,,,,,,,,,  ,,,,,,,,,,,,,,,  ,,,,,,  ,,  ,,,,,,,,,,,,,,,,,,
,,1345,,,,,,,,,,,,,,,,,,  ,,,,,,,,,,,,,,,  ,,,,,,  ,,  ,,,,,,,,,,,,,,,,,,
,,1346,,,,,,,,,,,,,,,,,,  ,,,,,,,,,,,,,,,  ,,,,,,  ,,  ,,,,,,,,,,,,,,,,,,
,,1347,,,,,,,,,,,,,,,,,,  ,,,,,,,,,,,,,,,  ,,,,,,  ,,  ,,,,,,,,,,,,,,,,,,
,,1348,,,,,,,,,,,,,,,,,,  ,,,,,,,,,,,,,,,  ,,,,,,  ,,  ,,,,,,,,,,,,,,,,,,
,,1349,,,,,,,,,,,,,,,,,,  ,,,,,,,,,,,,,,,  ,,,,,,  ,,  ,,,,,,,,,,,,,,,,,,
,,1350,,,,,,,,,,,,,,,,,,  ,,,,,,,,,,,,,,,  ,,,,,,  ,,  ,,,,,,,,,,,,,,,,,,
,,1351,,,,,,,,,,,,,,,,,,  ,,,,,,,,,,,,,,,  ,,,,,,  ,,  ,,,,,,,,,,,,,,,,,,
,,1352,,,,,,,,,,,,,,,,,,  ,,,,,,,,,,,,,,,  ,,,,,,  ,,  ,,,,,,,,,,,,,,,,,,
,,1353,,,,,,,,,,,,,,,,,,  ,,,,,,,,,,,,,,,  ,,,,,,  ,,  ,,,,,,,,,,,,,,,,,,
,,1354,,,,,,,,,,,,,,,,,,  ,,,,,,,,,,,,,,,  ,,,,,,  ,,  ,,,,,,,,,,,,,,,,,,
,,1355,,,,,,,,,,,,,,,,,,  ,,,,,,,,,,,,,,,  ,,,,,,  ,,  ,,,,,,,,,,,,,,,,,,
,,1356,,,,,,,,,,,,,,,,,,  ,,,,,,,,,,,,,,,  ,,,,,,  ,,  ,,,,,,,,,,,,,,,,,,
,,1357,,,,,,,,,,,,,,,,,,  ,,,,,,,,,,,,,,,  ,,,,,,  ,,  ,,,,,,,,,,,,,,,,,,
,,1358,,,,,,,,,,,,,,,,,,  ,,,,,,,,,,,,,,,  ,,,,,,  ,,  ,,,,,,,,,,,,,,,,,,
,,1359,,,,,,,,,,,,,,,,,,  ,,,,,,,,,,,,,,,  ,,,,,,  ,,  ,,,,,,,,,,,,,,,,,,
,,1360,,,,,,,,,,,,,,,,,,  ,,,,,,,,,,,,,,,  ,,,,,,  ,,  ,,,,,,,,,,,,,,,,,,
,,1361,,,,,,,,,,,,,,,,,,  ,,,,,,,,,,,,,,,  ,,,,,,  ,,  ,,,,,,,,,,,,,,,,,,
,,1362,,,,,,,,,,,,,,,,,,  ,,,,,,,,,,,,,,,  ,,,,,,  ,,  ,,,,,,,,,,,,,,,,,,
,,1363,,,,,,,,,,,,,,,,,,  ,,,,,,,,,,,,,,,  ,,,,,,  ,,  ,,,,,,,,,,,,,,,,,,
,,1364,,,,,,,,,,,,,,,,,,  ,,,,,,,,,,,,,,,  ,,,,,,  ,,  ,,,,,,,,,,,,,,,,,,
,,1365,,,,,,,,,,,,,,,,,,  ,,,,,,,,,,,,,,,  ,,,,,,  ,,  ,,,,,,,,,,,,,,,,,,
,,1366,,,,,,,,,,,,,,,,,,  ,,,,,,,,,,,,,,,  ,,,,,,  ,,  ,,,,,,,,,,,,,,,,,,
,,1367,,,,,,,,,,,,,,,,,,  ,,,,,,,,,,,,,,,  ,,,,,,  ,,  ,,,,,,,,,,,,,,,,,,
,,1368,,,,,,,,,,,,,,,,,,  ,,,,,,,,,,,,,,,  ,,,,,,  ,,  ,,,,,,,,,,,,,,,,,,
,,1369,,,,,,,,,,,,,,,,,,  ,,,,,,,,,,,,,,,  ,,,,,,  ,,  ,,,,,,,,,,,,,,,,,,
,,1370,,,,,,,,,,,,,,,,,,  ,,,,,,,,,,,,,,,  ,,,,,,  ,,  ,,,,,,,,,,,,,,,,,,
,,1371,,,,,,,,,,,,,,,,,,  ,,,,,,,,,,,,,,,  ,,,,,,  ,,  ,,,,,,,,,,,,,,,,,,
,,1372,,,,,,,,,,,,,,,,,,  ,,,,,,,,,,,,,,,  ,,,,,,  ,,  ,,,,,,,,,,,,,,,,,,
,,1373,,,,,,,,,,,,,,,,,,  ,,,,,,,,,,,,,,,  ,,,,,,  ,,  ,,,,,,,,,,,,,,,,,,
,,1374,,,,,,,,,,,,,,,,,,  ,,,,,,,,,,,,,,,  ,,,,,,  ,,  ,,,,,,,,,,,,,,,,,,
,,1375,,,,,,,,,,,,,,,,,,  ,,,,,,,,,,,,,,,  ,,,,,,  ,,  ,,,,,,,,,,,,,,,,,,
,,1376,,,,,,,,,,,,,,,,,,  ,,,,,,,,,,,,,,,  ,,,,,,  ,,  ,,,,,,,,,,,,,,,,,,
,,1377,,,,,,,,,,,,,,,,,,  ,,,,,,,,,,,,,,,  ,,,,,,  ,,  ,,,,,,,,,,,,,,,,,,
,,1378,,,,,,,,,,,,,,,,,,  ,,,,,,,,,,,,,,,  ,,,,,,  ,,  ,,,,,,,,,,,,,,,,,,
,,1379,,,,,,,,,,,,,,,,,,  ,,,,,,,,,,,,,,,  ,,,,,,  ,,  ,,,,,,,,,,,,,,,,,,
,,1380,,,,,,,,,,,,,,,,,,  ,,,,,,,,,,,,,,,  ,,,,,,  ,,  ,,,,,,,,,,,,,,,,,,
,,1381,,,,,,,,,,,,,,,,,,  ,,,,,,,,,,,,,,,  ,,,,,,  ,,  ,,,,,,,,,,,,,,,,,,
,,1382,,,,,,,,,,,,,,,,,,  ,,,,,,,,,,,,,,,  ,,,,,,  ,,  ,,,,,,,,,,,,,,,,,,
,,1383,,,,,,,,,,,,,,,,,,  ,,,,,,,,,,,,,,,  ,,,,,,  ,,  ,,,,,,,,,,,,,,,,,,
,,1384,,,,,,,,,,,,,,,,,,  ,,,,,,,,,,,,,,,  ,,,,,,  ,,  ,,,,,,,,,,,,,,,,,,
,,1385,,,,,,,,,,,,,,,,,,  ,,,,,,,,,,,,,,,  ,,,,,,  ,,  ,,,,,,,,,,,,,,,,,,
,,1386,,,,,,,,,,,,,,,,,,  ,,,,,,,,,,,,,,,  ,,,,,,  ,,  ,,,,,,,,,,,,,,,,,,
,,1387,,,,,,,,,,,,,,,,,,  ,,,,,,,,,,,,,,,  ,,,,,,  ,,  ,,,,,,,,,,,,,,,,,,
,,1388,,,,,,,,,,,,,,,,,,  ,,,,,,,,,,,,,,,  ,,,,,,  ,,  ,,,,,,,,,,,,,,,,,,
,,1389,,,,,,,,,,,,,,,,,,  ,,,,,,,,,,,,,,,  ,,,,,,  ,,  ,,,,,,,,,,,,,,,,,,
,,1390,,,,,,,,,,,,,,,,,,  ,,,,,,,,,,,,,,,  ,,,,,,  ,,  ,,,,,,,,,,,,,,,,,,
,,1391,,,,,,,,,,,,,,,,,,  ,,,,,,,,,,,,,,,  ,,,,,,  ,,  ,,,,,,,,,,,,,,,,,,
,,1392,,,,,,,,,,,,,,,,,,  ,,,,,,,,,,,,,,,  ,,,,,,  ,,  ,,,,,,,,,,,,,,,,,,
,,1393,,,,,,,,,,,,,,,,,,  ,,,,,,,,,,,,,,,  ,,,,,,  ,,  ,,,,,,,,,,,,,,,,,,
,,1394,,,,,,,,,,,,,,,,,,  ,,,,,,,,,,,,,,,  ,,,,,,  ,,  ,,,,,,,,,,,,,,,,,,
,,1395,,,,,,,,,,,,,,,,,,  ,,,,,,,,,,,,,,,  ,,,,,,  ,,  ,,,,,,,,,,,,,,,,,,
,,1396,,,,,,,,,,,,,,,,,,  ,,,,,,,,,,,,,,,  ,,,,,,  ,,  ,,,,,,,,,,,,,,,,,,
,,1397,,,,,,,,,,,,,,,,,,  ,,,,,,,,,,,,,,,  ,,,,,,  ,,  ,,,,,,,,,,,,,,,,,,
,,1398,,,,,,,,,,,,,,,,,,  ,,,,,,,,,,,,,,,  ,,,,,,  ,,  ,,,,,,,,,,,,,,,,,,
,,1399,,,,,,,,,,,,,,,,,,  ,,,,,,,,,,,,,,,  ,,,,,,  ,,  ,,,,,,,,,,,,,,,,,,
,,1400,,,,,,,,,,,,,,,,,,  ,,,,,,,,,,,,,,,  ,,,,,,  ,,  ,,,,,,,,,,,,,,,,,,
,,1401,,,,,,,,,,,,,,,,,,  ,,,,,,,,,,,,,,,  ,,,,,,  ,,  ,,,,,,,,,,,,,,,,,,
,,1402,,,,,,,,,,,,,,,,,,  ,,,,,,,,,,,,,,,  ,,,,,,  ,,  ,,,,,,,,,,,,,,,,,,
,,1403,,,,,,,,,,,,,,,,,,  ,,,,,,,,,,,,,,,  ,,,,,,  ,,  ,,,,,,,,,,,,,,,,,,
,,1404,,,,,,,,,,,,,,,,,,  ,,,,,,,,,,,,,,,  ,,,,,,  ,,  ,,,,,,,,,,,,,,,,,,
,,1405,,,,,,,,,,,,,,,,,,  ,,,,,,,,,,,,,,,  ,,,,,,  ,,  ,,,,,,,,,,,,,,,,,,
,,1406,,,,,,,,,,,,,,,,,,  ,,,,,,,,,,,,,,,  ,,,,,,  ,,  ,,,,,,,,,,,,,,,,,,
,,1407,,,,,,,,,,,,,,,,,,  ,,,,,,,,,,,,,,,  ,,,,,,  ,,  ,,,,,,,,,,,,,,,,,,
,,1408,,,,,,,,,,,,,,,,,,  ,,,,,,,,,,,,,,,  ,,,,,,  ,,  ,,,,,,,,,,,,,,,,,,
,,1409,,,,,,,,,,,,,,,,,,  ,,,,,,,,,,,,,,,  ,,,,,,  ,,  ,,,,,,,,,,,,,,,,,,
,,1410,,,,,,,,,,,,,,,,,,  ,,,,,,,,,,,,,,,  ,,,,,,  ,,  ,,,,,,,,,,,,,,,,,,
,,1411,,,,,,,,,,,,,,,,,,  ,,,,,,,,,,,,,,,  ,,,,,,  ,,  ,,,,,,,,,,,,,,,,,,
,,1412,,,,,,,,,,,,,,,,,,  ,,,,,,,,,,,,,,,  ,,,,,,  ,,  ,,,,,,,,,,,,,,,,,,
,,1413,,,,,,,,,,,,,,,,,,  ,,,,,,,,,,,,,,,  ,,,,,,  ,,  ,,,,,,,,,,,,,,,,,,
,,1414,,,,,,,,,,,,,,,,,,  ,,,,,,,,,,,,,,,  ,,,,,,  ,,  ,,,,,,,,,,,,,,,,,,
,,1415,,,,,,,,,,,,,,,,,,  ,,,,,,,,,,,,,,,  ,,,,,,  ,,  ,,,,,,,,,,,,,,,,,,
,,1416,,,,,,,,,,,,,,,,,,  ,,,,,,,,,,,,,,,  ,,,,,,  ,,  ,,,,,,,,,,,,,,,,,,
,,1417,,,,,,,,,,,,,,,,,,  ,,,,,,,,,,,,,,,  ,,,,,,  ,,  ,,,,,,,,,,,,,,,,,,
,,1418,,,,,,,,,,,,,,,,,,  ,,,,,,,,,,,,,,,  ,,,,,,  ,,  ,,,,,,,,,,,,,,,,,,
,,1419,,,,,,,,,,,,,,,,,,  ,,,,,,,,,,,,,,,  ,,,,,,  ,,  ,,,,,,,,,,,,,,,,,,
,,1420,,,,,,,,,,,,,,,,,,  ,,,,,,,,,,,,,,,  ,,,,,,  ,,  ,,,,,,,,,,,,,,,,,,
,,1421,,,,,,,,,,,,,,,,,,  ,,,,,,,,,,,,,,,  ,,,,,,  ,,  ,,,,,,,,,,,,,,,,,,
,,1422,,,,,,,,,,,,,,,,,,  ,,,,,,,,,,,,,,,  ,,,,,,  ,,  ,,,,,,,,,,,,,,,,,,
,,1423,,,,,,,,,,,,,,,,,,  ,,,,,,,,,,,,,,,  ,,,,,,  ,,  ,,,,,,,,,,,,,,,,,,
,,1424,,,,,,,,,,,,,,,,,,  ,,,,,,,,,,,,,,,  ,,,,,,  ,,  ,,,,,,,,,,,,,,,,,,
,,1425,,,,,,,,,,,,,,,,,,  ,,,,,,,,,,,,,,,  ,,,,,,  ,,  ,,,,,,,,,,,,,,,,,,
,,1426,,,,,,,,,,,,,,,,,,  ,,,,,,,,,,,,,,,  ,,,,,,  ,,  ,,,,,,,,,,,,,,,,,,
,,1427,,,,,,,,,,,,,,,,,,  ,,,,,,,,,,,,,,,  ,,,,,,  ,,  ,,,,,,,,,,,,,,,,,,
,,1428,,,,,,,,,,,,,,,,,,  ,,,,,,,,,,,,,,,  ,,,,,,  ,,  ,,,,,,,,,,,,,,,,,,
,,1429,,,,,,,,,,,,,,,,,,  ,,,,,,,,,,,,,,,  ,,,,,,  ,,  ,,,,,,,,,,,,,,,,,,
,,1430,,,,,,,,,,,,,,,,,,  ,,,,,,,,,,,,,,,  ,,,,,,  ,,  ,,,,,,,,,,,,,,,,,,
,,1431,,,,,,,,,,,,,,,,,,  ,,,,,,,,,,,,,,,  ,,,,,,  ,,  ,,,,,,,,,,,,,,,,,,
,,1432,,,,,,,,,,,,,,,,,,  ,,,,,,,,,,,,,,,  ,,,,,,  ,,  ,,,,,,,,,,,,,,,,,,
,,1433,,,,,,,,,,,,,,,,,,  ,,,,,,,,,,,,,,,  ,,,,,,  ,,  ,,,,,,,,,,,,,,,,,,
,,1434,,,,,,,,,,,,,,,,,,  ,,,,,,,,,,,,,,,  ,,,,,,  ,,  ,,,,,,,,,,,,,,,,,,
,,1435,,,,,,,,,,,,,,,,,,  ,,,,,,,,,,,,,,,  ,,,,,,  ,,  ,,,,,,,,,,,,,,,,,,
,,1436,,,,,,,,,,,,,,,,,,  ,,,,,,,,,,,,,,,  ,,,,,,  ,,  ,,,,,,,,,,,,,,,,,,
,,1437,,,,,,,,,,,,,,,,,,  ,,,,,,,,,,,,,,,  ,,,,,,  ,,  ,,,,,,,,,,,,,,,,,,
,,1438,,,,,,,,,,,,,,,,,,  ,,,,,,,,,,,,,,,  ,,,,,,  ,,  ,,,,,,,,,,,,,,,,,,
,,1439,,,,,,,,,,,,,,,,,,  ,,,,,,,,,,,,,,,  ,,,,,,  ,,  ,,,,,,,,,,,,,,,,,,
,,1440,,,,,,,,,,,,,,,,,,  ,,,,,,,,,,,,,,,  ,,,,,,  ,,  ,,,,,,,,,,,,,,,,,,
,,1441,,,,,,,,,,,,,,,,,,  ,,,,,,,,,,,,,,,  ,,,,,,  ,,  ,,,,,,,,,,,,,,,,,,
,,1442,,,,,,,,,,,,,,,,,,  ,,,,,,,,,,,,,,,  ,,,,,,  ,,  ,,,,,,,,,,,,,,,,,,
,,1443,,,,,,,,,,,,,,,,,,  ,,,,,,,,,,,,,,,  ,,,,,,  ,,  ,,,,,,,,,,,,,,,,,,
,,1444,,,,,,,,,,,,,,,,,,  ,,,,,,,,,,,,,,,  ,,,,,,  ,,  ,,,,,,,,,,,,,,,,,,
,,1445,,,,,,,,,,,,,,,,,,  ,,,,,,,,,,,,,,,  ,,,,,,  ,,  ,,,,,,,,,,,,,,,,,,
,,1446,,,,,,,,,,,,,,,,,,  ,,,,,,,,,,,,,,,  ,,,,,,  ,,  ,,,,,,,,,,,,,,,,,,
,,1447,,,,,,,,,,,,,,,,,,  ,,,,,,,,,,,,,,,  ,,,,,,  ,,  ,,,,,,,,,,,,,,,,,,
,,1448,,,,,,,,,,,,,,,,,,  ,,,,,,,,,,,,,,,  ,,,,,,  ,,  ,,,,,,,,,,,,,,,,,,
,,1449,,,,,,,,,,,,,,,,,,  ,,,,,,,,,,,,,,,  ,,,,,,  ,,  ,,,,,,,,,,,,,,,,,,
,,1450,,,,,,,,,,,,,,,,,,  ,,,,,,,,,,,,,,,  ,,,,,,  ,,  ,,,,,,,,,,,,,,,,,,
,,1451,,,,,,,,,,,,,,,,,,  ,,,,,,,,,,,,,,,  ,,,,,,  ,,  ,,,,,,,,,,,,,,,,,,
,,1452,,,,,,,,,,,,,,,,,,  ,,,,,,,,,,,,,,,  ,,,,,,  ,,  ,,,,,,,,,,,,,,,,,,
,,1453,,,,,,,,,,,,,,,,,,  ,,,,,,,,,,,,,,,  ,,,,,,  ,,  ,,,,,,,,,,,,,,,,,,
,,1454,,,,,,,,,,,,,,,,,,  ,,,,,,,,,,,,,,,  ,,,,,,  ,,  ,,,,,,,,,,,,,,,,,,
,,1455,,,,,,,,,,,,,,,,,,  ,,,,,,,,,,,,,,,  ,,,,,,  ,,  ,,,,,,,,,,,,,,,,,,
,,1456,,,,,,,,,,,,,,,,,,  ,,,,,,,,,,,,,,,  ,,,,,,  ,,  ,,,,,,,,,,,,,,,,,,
,,1457,,,,,,,,,,,,,,,,,,  ,,,,,,,,,,,,,,,  ,,,,,,  ,,  ,,,,,,,,,,,,,,,,,,
,,1458,,,,,,,,,,,,,,,,,,  ,,,,,,,,,,,,,,,  ,,,,,,  ,,  ,,,,,,,,,,,,,,,,,,
,,1459,,,,,,,,,,,,,,,,,,  ,,,,,,,,,,,,,,,  ,,,,,,  ,,  ,,,,,,,,,,,,,,,,,,
,,1460,,,,,,,,,,,,,,,,,,  ,,,,,,,,,,,,,,,  ,,,,,,  ,,  ,,,,,,,,,,,,,,,,,,
,,1461,,,,,,,,,,,,,,,,,,  ,,,,,,,,,,,,,,,  ,,,,,,  ,,  ,,,,,,,,,,,,,,,,,,
,,1462,,,,,,,,,,,,,,,,,,  ,,,,,,,,,,,,,,,  ,,,,,,  ,,  ,,,,,,,,,,,,,,,,,,
,,1463,,,,,,,,,,,,,,,,,,  ,,,,,,,,,,,,,,,  ,,,,,,  ,,  ,,,,,,,,,,,,,,,,,,
,,1464,,,,,,,,,,,,,,,,,,  ,,,,,,,,,,,,,,,  ,,,,,,  ,,  ,,,,,,,,,,,,,,,,,,
,,1465,,,,,,,,,,,,,,,,,,  ,,,,,,,,,,,,,,,  ,,,,,,  ,,  ,,,,,,,,,,,,,,,,,,
,,1466,,,,,,,,,,,,,,,,,,  ,,,,,,,,,,,,,,,  ,,,,,,  ,,  ,,,,,,,,,,,,,,,,,,
,,1467,,,,,,,,,,,,,,,,,,  ,,,,,,,,,,,,,,,  ,,,,,,  ,,  ,,,,,,,,,,,,,,,,,,
,,1468,,,,,,,,,,,,,,,,,,  ,,,,,,,,,,,,,,,  ,,,,,,  ,,  ,,,,,,,,,,,,,,,,,,
,,1469,,,,,,,,,,,,,,,,,,  ,,,,,,,,,,,,,,,  ,,,,,,  ,,  ,,,,,,,,,,,,,,,,,,
,,1470,,,,,,,,,,,,,,,,,,  ,,,,,,,,,,,,,,,  ,,,,,,  ,,  ,,,,,,,,,,,,,,,,,,
,,1471,,,,,,,,,,,,,,,,,,  ,,,,,,,,,,,,,,,  ,,,,,,  ,,  ,,,,,,,,,,,,,,,,,,
,,1472,,,,,,,,,,,,,,,,,,  ,,,,,,,,,,,,,,,  ,,,,,,  ,,  ,,,,,,,,,,,,,,,,,,
,,1473,,,,,,,,,,,,,,,,,,  ,,,,,,,,,,,,,,,  ,,,,,,  ,,  ,,,,,,,,,,,,,,,,,,
,,1474,,,,,,,,,,,,,,,,,,  ,,,,,,,,,,,,,,,  ,,,,,,  ,,  ,,,,,,,,,,,,,,,,,,
,,1475,,,,,,,,,,,,,,,,,,  ,,,,,,,,,,,,,,,  ,,,,,,  ,,  ,,,,,,,,,,,,,,,,,,
,,1476,,,,,,,,,,,,,,,,,,  ,,,,,,,,,,,,,,,  ,,,,,,  ,,  ,,,,,,,,,,,,,,,,,,
,,1477,,,,,,,,,,,,,,,,,,  ,,,,,,,,,,,,,,,  ,,,,,,  ,,  ,,,,,,,,,,,,,,,,,,
,,1478,,,,,,,,,,,,,,,,,,  ,,,,,,,,,,,,,,,  ,,,,,,  ,,  ,,,,,,,,,,,,,,,,,,
,,1479,,,,,,,,,,,,,,,,,,  ,,,,,,,,,,,,,,,  ,,,,,,  ,,  ,,,,,,,,,,,,,,,,,,
,,1480,,,,,,,,,,,,,,,,,,  ,,,,,,,,,,,,,,,  ,,,,,,  ,,  ,,,,,,,,,,,,,,,,,,
,,1481,,,,,,,,,,,,,,,,,,  ,,,,,,,,,,,,,,,  ,,,,,,  ,,  ,,,,,,,,,,,,,,,,,,
,,1482,,,,,,,,,,,,,,,,,,  ,,,,,,,,,,,,,,,  ,,,,,,  ,,  ,,,,,,,,,,,,,,,,,,
,,1483,,,,,,,,,,,,,,,,,,  ,,,,,,,,,,,,,,,  ,,,,,,  ,,  ,,,,,,,,,,,,,,,,,,
,,1484,,,,,,,,,,,,,,,,,,  ,,,,,,,,,,,,,,,  ,,,,,,  ,,  ,,,,,,,,,,,,,,,,,,
,,1485,,,,,,,,,,,,,,,,,,  ,,,,,,,,,,,,,,,  ,,,,,,  ,,  ,,,,,,,,,,,,,,,,,,
,,1486,,,,,,,,,,,,,,,,,,  ,,,,,,,,,,,,,,,  ,,,,,,  ,,  ,,,,,,,,,,,,,,,,,,
,,1487,,,,,,,,,,,,,,,,,,  ,,,,,,,,,,,,,,,  ,,,,,,  ,,  ,,,,,,,,,,,,,,,,,,
,,1488,,,,,,,,,,,,,,,,,,  ,,,,,,,,,,,,,,,  ,,,,,,  ,,  ,,,,,,,,,,,,,,,,,,
,,1489,,,,,,,,,,,,,,,,,,  ,,,,,,,,,,,,,,,  ,,,,,,  ,,  ,,,,,,,,,,,,,,,,,,
,,1490,,,,,,,,,,,,,,,,,,  ,,,,,,,,,,,,,,,  ,,,,,,  ,,  ,,,,,,,,,,,,,,,,,,
,,1491,,,,,,,,,,,,,,,,,,  ,,,,,,,,,,,,,,,  ,,,,,,  ,,  ,,,,,,,,,,,,,,,,,,
,,1492,,,,,,,,,,,,,,,,,,  ,,,,,,,,,,,,,,,  ,,,,,,  ,,  ,,,,,,,,,,,,,,,,,,
,,1493,,,,,,,,,,,,,,,,,,  ,,,,,,,,,,,,,,,  ,,,,,,  ,,  ,,,,,,,,,,,,,,,,,,
,,1494,,,,,,,,,,,,,,,,,,  ,,,,,,,,,,,,,,,  ,,,,,,  ,,  ,,,,,,,,,,,,,,,,,,
,,1495,,,,,,,,,,,,,,,,,,  ,,,,,,,,,,,,,,,  ,,,,,,  ,,  ,,,,,,,,,,,,,,,,,,
,,1496,,,,,,,,,,,,,,,,,,  ,,,,,,,,,,,,,,,  ,,,,,,  ,,  ,,,,,,,,,,,,,,,,,,
,,1497,,,,,,,,,,,,,,,,,,  ,,,,,,,,,,,,,,,  ,,,,,,  ,,  ,,,,,,,,,,,,,,,,,,
,,1498,,,,,,,,,,,,,,,,,,  ,,,,,,,,,,,,,,,  ,,,,,,  ,,  ,,,,,,,,,,,,,,,,,,
,,1499,,,,,,,,,,,,,,,,,,  ,,,,,,,,,,,,,,,  ,,,,,,  ,,  ,,,,,,,,,,,,,,,,,,
,,1500,,,,,,,,,,,,,,,,,,  ,,,,,,,,,,,,,,,  ,,,,,,  ,,  ,,,,,,,,,,,,,,,,,,
,,1501,,,,,,,,,,,,,,,,,,  ,,,,,,,,,,,,,,,  ,,,,,,  ,,  ,,,,,,,,,,,,,,,,,,
,,1502,,,,,,,,,,,,,,,,,,  ,,,,,,,,,,,,,,,  ,,,,,,  ,,  ,,,,,,,,,,,,,,,,,,
,,1503,,,,,,,,,,,,,,,,,,  ,,,,,,,,,,,,,,,  ,,,,,,  ,,  ,,,,,,,,,,,,,,,,,,
,,1504,,,,,,,,,,,,,,,,,,  ,,,,,,,,,,,,,,,  ,,,,,,  ,,  ,,,,,,,,,,,,,,,,,,
,,1505,,,,,,,,,,,,,,,,,,  ,,,,,,,,,,,,,,,  ,,,,,,  ,,  ,,,,,,,,,,,,,,,,,,
,,1506,,,,,,,,,,,,,,,,,,  ,,,,,,,,,,,,,,,  ,,,,,,  ,,  ,,,,,,,,,,,,,,,,,,
,,1507,,,,,,,,,,,,,,,,,,  ,,,,,,,,,,,,,,,  ,,,,,,  ,,  ,,,,,,,,,,,,,,,,,,
,,1508,,,,,,,,,,,,,,,,,,  ,,,,,,,,,,,,,,,  ,,,,,,  ,,  ,,,,,,,,,,,,,,,,,,
,,1509,,,,,,,,,,,,,,,,,,  ,,,,,,,,,,,,,,,  ,,,,,,  ,,  ,,,,,,,,,,,,,,,,,,
,,1510,,,,,,,,,,,,,,,,,,  ,,,,,,,,,,,,,,,  ,,,,,,  ,,  ,,,,,,,,,,,,,,,,,,
,,1511,,,,,,,,,,,,,,,,,,  ,,,,,,,,,,,,,,,  ,,,,,,  ,,  ,,,,,,,,,,,,,,,,,,
,,1512,,,,,,,,,,,,,,,,,,  ,,,,,,,,,,,,,,,  ,,,,,,  ,,  ,,,,,,,,,,,,,,,,,,
,,1513,,,,,,,,,,,,,,,,,,  ,,,,,,,,,,,,,,,  ,,,,,,  ,,  ,,,,,,,,,,,,,,,,,,
,,1514,,,,,,,,,,,,,,,,,,  ,,,,,,,,,,,,,,,  ,,,,,,  ,,  ,,,,,,,,,,,,,,,,,,
,,1515,,,,,,,,,,,,,,,,,,  ,,,,,,,,,,,,,,,  ,,,,,,  ,,  ,,,,,,,,,,,,,,,,,,
,,1516,,,,,,,,,,,,,,,,,,  ,,,,,,,,,,,,,,,  ,,,,,,  ,,  ,,,,,,,,,,,,,,,,,,
,,1517,,,,,,,,,,,,,,,,,,  ,,,,,,,,,,,,,,,  ,,,,,,  ,,  ,,,,,,,,,,,,,,,,,,
,,1518,,,,,,,,,,,,,,,,,,  ,,,,,,,,,,,,,,,  ,,,,,,  ,,  ,,,,,,,,,,,,,,,,,,
,,1519,,,,,,,,,,,,,,,,,,  ,,,,,,,,,,,,,,,  ,,,,,,  ,,  ,,,,,,,,,,,,,,,,,,
,,1520,,,,,,,,,,,,,,,,,,  ,,,,,,,,,,,,,,,  ,,,,,,  ,,  ,,,,,,,,,,,,,,,,,,
,,1521,,,,,,,,,,,,,,,,,,  ,,,,,,,,,,,,,,,  ,,,,,,  ,,  ,,,,,,,,,,,,,,,,,,
,,1522,,,,,,,,,,,,,,,,,,  ,,,,,,,,,,,,,,,  ,,,,,,  ,,  ,,,,,,,,,,,,,,,,,,
,,1523,,,,,,,,,,,,,,,,,,  ,,,,,,,,,,,,,,,  ,,,,,,  ,,  ,,,,,,,,,,,,,,,,,,
,,1524,,,,,,,,,,,,,,,,,,  ,,,,,,,,,,,,,,,  ,,,,,,  ,,  ,,,,,,,,,,,,,,,,,,
,,1525,,,,,,,,,,,,,,,,,,  ,,,,,,,,,,,,,,,  ,,,,,,  ,,  ,,,,,,,,,,,,,,,,,,
,,1526,,,,,,,,,,,,,,,,,,  ,,,,,,,,,,,,,,,  ,,,,,,  ,,  ,,,,,,,,,,,,,,,,,,
,,1527,,,,,,,,,,,,,,,,,,  ,,,,,,,,,,,,,,,  ,,,,,,  ,,  ,,,,,,,,,,,,,,,,,,
,,1528,,,,,,,,,,,,,,,,,,  ,,,,,,,,,,,,,,,  ,,,,,,  ,,  ,,,,,,,,,,,,,,,,,,
,,1529,,,,,,,,,,,,,,,,,,  ,,,,,,,,,,,,,,,  ,,,,,,  ,,  ,,,,,,,,,,,,,,,,,,
,,1530,,,,,,,,,,,,,,,,,,  ,,,,,,,,,,,,,,,  ,,,,,,  ,,  ,,,,,,,,,,,,,,,,,,
,,1531,,,,,,,,,,,,,,,,,,  ,,,,,,,,,,,,,,,  ,,,,,,  ,,  ,,,,,,,,,,,,,,,,,,
,,1532,,,,,,,,,,,,,,,,,,  ,,,,,,,,,,,,,,,  ,,,,,,  ,,  ,,,,,,,,,,,,,,,,,,
,,1533,,,,,,,,,,,,,,,,,,  ,,,,,,,,,,,,,,,  ,,,,,,  ,,  ,,,,,,,,,,,,,,,,,,
,,1534,,,,,,,,,,,,,,,,,,  ,,,,,,,,,,,,,,,  ,,,,,,  ,,  ,,,,,,,,,,,,,,,,,,
,,1535,,,,,,,,,,,,,,,,,,  ,,,,,,,,,,,,,,,  ,,,,,,  ,,  ,,,,,,,,,,,,,,,,,,
,,1536,,,,,,,,,,,,,,,,,,  ,,,,,,,,,,,,,,,  ,,,,,,  ,,  ,,,,,,,,,,,,,,,,,,
,,1537,,,,,,,,,,,,,,,,,,  ,,,,,,,,,,,,,,,  ,,,,,,  ,,  ,,,,,,,,,,,,,,,,,,
,,1538,,,,,,,,,,,,,,,,,,  ,,,,,,,,,,,,,,,  ,,,,,,  ,,  ,,,,,,,,,,,,,,,,,,
,,1539,,,,,,,,,,,,,,,,,,  ,,,,,,,,,,,,,,,  ,,,,,,  ,,  ,,,,,,,,,,,,,,,,,,
,,1540,,,,,,,,,,,,,,,,,,  ,,,,,,,,,,,,,,,  ,,,,,,  ,,  ,,,,,,,,,,,,,,,,,,
,,1541,,,,,,,,,,,,,,,,,,  ,,,,,,,,,,,,,,,  ,,,,,,  ,,  ,,,,,,,,,,,,,,,,,,
,,1542,,,,,,,,,,,,,,,,,,  ,,,,,,,,,,,,,,,  ,,,,,,  ,,  ,,,,,,,,,,,,,,,,,,
,,1543,,,,,,,,,,,,,,,,,,  ,,,,,,,,,,,,,,,  ,,,,,,  ,,  ,,,,,,,,,,,,,,,,,,
,,1544,,,,,,,,,,,,,,,,,,  ,,,,,,,,,,,,,,,  ,,,,,,  ,,  ,,,,,,,,,,,,,,,,,,
,,1545,,,,,,,,,,,,,,,,,,  ,,,,,,,,,,,,,,,  ,,,,,,  ,,  ,,,,,,,,,,,,,,,,,,
,,1546,,,,,,,,,,,,,,,,,,  ,,,,,,,,,,,,,,,  ,,,,,,  ,,  ,,,,,,,,,,,,,,,,,,
,,1547,,,,,,,,,,,,,,,,,,  ,,,,,,,,,,,,,,,  ,,,,,,  ,,  ,,,,,,,,,,,,,,,,,,
,,1548,,,,,,,,,,,,,,,,,,  ,,,,,,,,,,,,,,,  ,,,,,,  ,,  ,,,,,,,,,,,,,,,,,,
,,1549,,,,,,,,,,,,,,,,,,  ,,,,,,,,,,,,,,,  ,,,,,,  ,,  ,,,,,,,,,,,,,,,,,,
,,1550,,,,,,,,,,,,,,,,,,  ,,,,,,,,,,,,,,,  ,,,,,,  ,,  ,,,,,,,,,,,,,,,,,,
,,1551,,,,,,,,,,,,,,,,,,  ,,,,,,,,,,,,,,,  ,,,,,,  ,,  ,,,,,,,,,,,,,,,,,,
,,1552,,,,,,,,,,,,,,,,,,  ,,,,,,,,,,,,,,,  ,,,,,,  ,,  ,,,,,,,,,,,,,,,,,,
,,1553,,,,,,,,,,,,,,,,,,  ,,,,,,,,,,,,,,,  ,,,,,,  ,,  ,,,,,,,,,,,,,,,,,,
,,1554,,,,,,,,,,,,,,,,,,  ,,,,,,,,,,,,,,,  ,,,,,,  ,,  ,,,,,,,,,,,,,,,,,,
,,1555,,,,,,,,,,,,,,,,,,  ,,,,,,,,,,,,,,,  ,,,,,,  ,,  ,,,,,,,,,,,,,,,,,,
,,1556,,,,,,,,,,,,,,,,,,  ,,,,,,,,,,,,,,,  ,,,,,,  ,,  ,,,,,,,,,,,,,,,,,,
,,1557,,,,,,,,,,,,,,,,,,  ,,,,,,,,,,,,,,,  ,,,,,,  ,,  ,,,,,,,,,,,,,,,,,,
,,1558,,,,,,,,,,,,,,,,,,  ,,,,,,,,,,,,,,,  ,,,,,,  ,,  ,,,,,,,,,,,,,,,,,,
,,1559,,,,,,,,,,,,,,,,,,  ,,,,,,,,,,,,,,,  ,,,,,,  ,,  ,,,,,,,,,,,,,,,,,,
,,1560,,,,,,,,,,,,,,,,,,  ,,,,,,,,,,,,,,,  ,,,,,,  ,,  ,,,,,,,,,,,,,,,,,,
,,1561,,,,,,,,,,,,,,,,,,  ,,,,,,,,,,,,,,,  ,,,,,,  ,,  ,,,,,,,,,,,,,,,,,,
,,1562,,,,,,,,,,,,,,,,,,  ,,,,,,,,,,,,,,,  ,,,,,,  ,,  ,,,,,,,,,,,,,,,,,,
,,1563,,,,,,,,,,,,,,,,,,  ,,,,,,,,,,,,,,,  ,,,,,,  ,,  ,,,,,,,,,,,,,,,,,,
,,1564,,,,,,,,,,,,,,,,,,  ,,,,,,,,,,,,,,,  ,,,,,,  ,,  ,,,,,,,,,,,,,,,,,,
,,1565,,,,,,,,,,,,,,,,,,  ,,,,,,,,,,,,,,,  ,,,,,,  ,,  ,,,,,,,,,,,,,,,,,,
,,1566,,,,,,,,,,,,,,,,,,  ,,,,,,,,,,,,,,,  ,,,,,,  ,,  ,,,,,,,,,,,,,,,,,,
,,1567,,,,,,,,,,,,,,,,,,  ,,,,,,,,,,,,,,,  ,,,,,,  ,,  ,,,,,,,,,,,,,,,,,,
,,1568,,,,,,,,,,,,,,,,,,  ,,,,,,,,,,,,,,,  ,,,,,,  ,,  ,,,,,,,,,,,,,,,,,,
,,1569,,,,,,,,,,,,,,,,,,  ,,,,,,,,,,,,,,,  ,,,,,,  ,,  ,,,,,,,,,,,,,,,,,,
,,1570,,,,,,,,,,,,,,,,,,  ,,,,,,,,,,,,,,,  ,,,,,,  ,,  ,,,,,,,,,,,,,,,,,,
,,1571,,,,,,,,,,,,,,,,,,  ,,,,,,,,,,,,,,,  ,,,,,,  ,,  ,,,,,,,,,,,,,,,,,,
,,1572,,,,,,,,,,,,,,,,,,  ,,,,,,,,,,,,,,,  ,,,,,,  ,,  ,,,,,,,,,,,,,,,,,,
,,1573,,,,,,,,,,,,,,,,,,  ,,,,,,,,,,,,,,,  ,,,,,,  ,,  ,,,,,,,,,,,,,,,,,,
,,1574,,,,,,,,,,,,,,,,,,  ,,,,,,,,,,,,,,,  ,,,,,,  ,,  ,,,,,,,,,,,,,,,,,,
,,1575,,,,,,,,,,,,,,,,,,  ,,,,,,,,,,,,,,,  ,,,,,,  ,,  ,,,,,,,,,,,,,,,,,,
,,1576,,,,,,,,,,,,,,,,,,  ,,,,,,,,,,,,,,,  ,,,,,,  ,,  ,,,,,,,,,,,,,,,,,,
,,1577,,,,,,,,,,,,,,,,,,  ,,,,,,,,,,,,,,,  ,,,,,,  ,,  ,,,,,,,,,,,,,,,,,,
,,1578,,,,,,,,,,,,,,,,,,  ,,,,,,,,,,,,,,,  ,,,,,,  ,,  ,,,,,,,,,,,,,,,,,,
,,1579,,,,,,,,,,,,,,,,,,  ,,,,,,,,,,,,,,,  ,,,,,,  ,,  ,,,,,,,,,,,,,,,,,,
,,1580,,,,,,,,,,,,,,,,,,  ,,,,,,,,,,,,,,,  ,,,,,,  ,,  ,,,,,,,,,,,,,,,,,,
,,1581,,,,,,,,,,,,,,,,,,  ,,,,,,,,,,,,,,,  ,,,,,,  ,,  ,,,,,,,,,,,,,,,,,,
,,1582,,,,,,,,,,,,,,,,,,  ,,,,,,,,,,,,,,,  ,,,,,,  ,,  ,,,,,,,,,,,,,,,,,,
,,1583,,,,,,,,,,,,,,,,,,  ,,,,,,,,,,,,,,,  ,,,,,,  ,,  ,,,,,,,,,,,,,,,,,,
,,1584,,,,,,,,,,,,,,,,,,  ,,,,,,,,,,,,,,,  ,,,,,,  ,,  ,,,,,,,,,,,,,,,,,,
,,1585,,,,,,,,,,,,,,,,,,  ,,,,,,,,,,,,,,,  ,,,,,,  ,,  ,,,,,,,,,,,,,,,,,,
,,1586,,,,,,,,,,,,,,,,,,  ,,,,,,,,,,,,,,,  ,,,,,,  ,,  ,,,,,,,,,,,,,,,,,,
,,1587,,,,,,,,,,,,,,,,,,  ,,,,,,,,,,,,,,,  ,,,,,,  ,,  ,,,,,,,,,,,,,,,,,,
,,1588,,,,,,,,,,,,,,,,,,  ,,,,,,,,,,,,,,,  ,,,,,,  ,,  ,,,,,,,,,,,,,,,,,,
,,1589,,,,,,,,,,,,,,,,,,  ,,,,,,,,,,,,,,,  ,,,,,,  ,,  ,,,,,,,,,,,,,,,,,,
,,1590,,,,,,,,,,,,,,,,,,  ,,,,,,,,,,,,,,,  ,,,,,,  ,,  ,,,,,,,,,,,,,,,,,,
,,1591,,,,,,,,,,,,,,,,,,  ,,,,,,,,,,,,,,,  ,,,,,,  ,,  ,,,,,,,,,,,,,,,,,,
,,1592,,,,,,,,,,,,,,,,,,  ,,,,,,,,,,,,,,,  ,,,,,,  ,,  ,,,,,,,,,,,,,,,,,,
,,1593,,,,,,,,,,,,,,,,,,  ,,,,,,,,,,,,,,,  ,,,,,,  ,,  ,,,,,,,,,,,,,,,,,,
,,1594,,,,,,,,,,,,,,,,,,  ,,,,,,,,,,,,,,,  ,,,,,,  ,,  ,,,,,,,,,,,,,,,,,,
,,1595,,,,,,,,,,,,,,,,,,  ,,,,,,,,,,,,,,,  ,,,,,,  ,,  ,,,,,,,,,,,,,,,,,,
,,1596,,,,,,,,,,,,,,,,,,  ,,,,,,,,,,,,,,,  ,,,,,,  ,,  ,,,,,,,,,,,,,,,,,,
,,1597,,,,,,,,,,,,,,,,,,  ,,,,,,,,,,,,,,,  ,,,,,,  ,,  ,,,,,,,,,,,,,,,,,,
,,1598,,,,,,,,,,,,,,,,,,  ,,,,,,,,,,,,,,,  ,,,,,,  ,,  ,,,,,,,,,,,,,,,,,,
,,1599,,,,,,,,,,,,,,,,,,  ,,,,,,,,,,,,,,,  ,,,,,,  ,,  ,,,,,,,,,,,,,,,,,,
,,1600,,,,,,,,,,,,,,,,,,  ,,,,,,,,,,,,,,,  ,,,,,,  ,,  ,,,,,,,,,,,,,,,,,,
,,1601,,,,,,,,,,,,,,,,,,  ,,,,,,,,,,,,,,,  ,,,,,,  ,,  ,,,,,,,,,,,,,,,,,,
,,1602,,,,,,,,,,,,,,,,,,  ,,,,,,,,,,,,,,,  ,,,,,,  ,,  ,,,,,,,,,,,,,,,,,,
,,1603,,,,,,,,,,,,,,,,,,  ,,,,,,,,,,,,,,,  ,,,,,,  ,,  ,,,,,,,,,,,,,,,,,,
,,1604,,,,,,,,,,,,,,,,,,  ,,,,,,,,,,,,,,,  ,,,,,,  ,,  ,,,,,,,,,,,,,,,,,,
,,1605,,,,,,,,,,,,,,,,,,  ,,,,,,,,,,,,,,,  ,,,,,,  ,,  ,,,,,,,,,,,,,,,,,,
,,1606,,,,,,,,,,,,,,,,,,  ,,,,,,,,,,,,,,,  ,,,,,,  ,,  ,,,,,,,,,,,,,,,,,,
,,1607,,,,,,,,,,,,,,,,,,  ,,,,,,,,,,,,,,,  ,,,,,,  ,,  ,,,,,,,,,,,,,,,,,,
,,1608,,,,,,,,,,,,,,,,,,  ,,,,,,,,,,,,,,,  ,,,,,,  ,,  ,,,,,,,,,,,,,,,,,,
,,1609,,,,,,,,,,,,,,,,,,  ,,,,,,,,,,,,,,,  ,,,,,,  ,,  ,,,,,,,,,,,,,,,,,,
,,1610,,,,,,,,,,,,,,,,,,  ,,,,,,,,,,,,,,,  ,,,,,,  ,,  ,,,,,,,,,,,,,,,,,,
,,1611,,,,,,,,,,,,,,,,,,  ,,,,,,,,,,,,,,,  ,,,,,,  ,,  ,,,,,,,,,,,,,,,,,,
,,1612,,,,,,,,,,,,,,,,,,  ,,,,,,,,,,,,,,,  ,,,,,,  ,,  ,,,,,,,,,,,,,,,,,,
,,1613,,,,,,,,,,,,,,,,,,  ,,,,,,,,,,,,,,,  ,,,,,,  ,,  ,,,,,,,,,,,,,,,,,,
,,1614,,,,,,,,,,,,,,,,,,  ,,,,,,,,,,,,,,,  ,,,,,,  ,,  ,,,,,,,,,,,,,,,,,,
,,1615,,,,,,,,,,,,,,,,,,  ,,,,,,,,,,,,,,,  ,,,,,,  ,,  ,,,,,,,,,,,,,,,,,,
,,1616,,,,,,,,,,,,,,,,,,  ,,,,,,,,,,,,,,,  ,,,,,,  ,,  ,,,,,,,,,,,,,,,,,,
,,1617,,,,,,,,,,,,,,,,,,  ,,,,,,,,,,,,,,,  ,,,,,,  ,,  ,,,,,,,,,,,,,,,,,,
,,1618,,,,,,,,,,,,,,,,,,  ,,,,,,,,,,,,,,,  ,,,,,,  ,,  ,,,,,,,,,,,,,,,,,,
,,1619,,,,,,,,,,,,,,,,,,  ,,,,,,,,,,,,,,,  ,,,,,,  ,,  ,,,,,,,,,,,,,,,,,,
,,1620,,,,,,,,,,,,,,,,,,  ,,,,,,,,,,,,,,,  ,,,,,,  ,,  ,,,,,,,,,,,,,,,,,,
,,1621,,,,,,,,,,,,,,,,,,  ,,,,,,,,,,,,,,,  ,,,,,,  ,,  ,,,,,,,,,,,,,,,,,,
,,1622,,,,,,,,,,,,,,,,,,  ,,,,,,,,,,,,,,,  ,,,,,,  ,,  ,,,,,,,,,,,,,,,,,,
,,1623,,,,,,,,,,,,,,,,,,  ,,,,,,,,,,,,,,,  ,,,,,,  ,,  ,,,,,,,,,,,,,,,,,,
,,1624,,,,,,,,,,,,,,,,,,  ,,,,,,,,,,,,,,,  ,,,,,,  ,,  ,,,,,,,,,,,,,,,,,,
,,1625,,,,,,,,,,,,,,,,,,  ,,,,,,,,,,,,,,,  ,,,,,,  ,,  ,,,,,,,,,,,,,,,,,,
,,1626,,,,,,,,,,,,,,,,,,  ,,,,,,,,,,,,,,,  ,,,,,,  ,,  ,,,,,,,,,,,,,,,,,,
,,1627,,,,,,,,,,,,,,,,,,  ,,,,,,,,,,,,,,,  ,,,,,,  ,,  ,,,,,,,,,,,,,,,,,,
,,1628,,,,,,,,,,,,,,,,,,  ,,,,,,,,,,,,,,,  ,,,,,,  ,,  ,,,,,,,,,,,,,,,,,,
,,1629,,,,,,,,,,,,,,,,,,  ,,,,,,,,,,,,,,,  ,,,,,,  ,,  ,,,,,,,,,,,,,,,,,,
,,1630,,,,,,,,,,,,,,,,,,  ,,,,,,,,,,,,,,,  ,,,,,,  ,,  ,,,,,,,,,,,,,,,,,,
,,1631,,,,,,,,,,,,,,,,,,  ,,,,,,,,,,,,,,,  ,,,,,,  ,,  ,,,,,,,,,,,,,,,,,,
,,1632,,,,,,,,,,,,,,,,,,  ,,,,,,,,,,,,,,,  ,,,,,,  ,,  ,,,,,,,,,,,,,,,,,,
,,1633,,,,,,,,,,,,,,,,,,  ,,,,,,,,,,,,,,,  ,,,,,,  ,,  ,,,,,,,,,,,,,,,,,,
,,1634,,,,,,,,,,,,,,,,,,  ,,,,,,,,,,,,,,,  ,,,,,,  ,,  ,,,,,,,,,,,,,,,,,,
,,1635,,,,,,,,,,,,,,,,,,  ,,,,,,,,,,,,,,,  ,,,,,,  ,,  ,,,,,,,,,,,,,,,,,,
,,1636,,,,,,,,,,,,,,,,,,  ,,,,,,,,,,,,,,,  ,,,,,,  ,,  ,,,,,,,,,,,,,,,,,,
,,1637,,,,,,,,,,,,,,,,,,  ,,,,,,,,,,,,,,,  ,,,,,,  ,,  ,,,,,,,,,,,,,,,,,,
,,1638,,,,,,,,,,,,,,,,,,  ,,,,,,,,,,,,,,,  ,,,,,,  ,,  ,,,,,,,,,,,,,,,,,,
,,1639,,,,,,,,,,,,,,,,,,  ,,,,,,,,,,,,,,,  ,,,,,,  ,,  ,,,,,,,,,,,,,,,,,,
,,1640,,,,,,,,,,,,,,,,,,  ,,,,,,,,,,,,,,,  ,,,,,,  ,,  ,,,,,,,,,,,,,,,,,,
,,1641,,,,,,,,,,,,,,,,,,  ,,,,,,,,,,,,,,,  ,,,,,,  ,,  ,,,,,,,,,,,,,,,,,,
,,1642,,,,,,,,,,,,,,,,,,  ,,,,,,,,,,,,,,,  ,,,,,,  ,,  ,,,,,,,,,,,,,,,,,,
,,1643,,,,,,,,,,,,,,,,,,  ,,,,,,,,,,,,,,,  ,,,,,,  ,,  ,,,,,,,,,,,,,,,,,,
,,1644,,,,,,,,,,,,,,,,,,  ,,,,,,,,,,,,,,,  ,,,,,,  ,,  ,,,,,,,,,,,,,,,,,,
,,1645,,,,,,,,,,,,,,,,,,  ,,,,,,,,,,,,,,,  ,,,,,,  ,,  ,,,,,,,,,,,,,,,,,,
,,1646,,,,,,,,,,,,,,,,,,  ,,,,,,,,,,,,,,,  ,,,,,,  ,,  ,,,,,,,,,,,,,,,,,,
,,1647,,,,,,,,,,,,,,,,,,  ,,,,,,,,,,,,,,,  ,,,,,,  ,,  ,,,,,,,,,,,,,,,,,,
,,1648,,,,,,,,,,,,,,,,,,  ,,,,,,,,,,,,,,,  ,,,,,,  ,,  ,,,,,,,,,,,,,,,,,,
,,1649,,,,,,,,,,,,,,,,,,  ,,,,,,,,,,,,,,,  ,,,,,,  ,,  ,,,,,,,,,,,,,,,,,,
,,1650,,,,,,,,,,,,,,,,,,  ,,,,,,,,,,,,,,,  ,,,,,,  ,,  ,,,,,,,,,,,,,,,,,,
,,1651,,,,,,,,,,,,,,,,,,  ,,,,,,,,,,,,,,,  ,,,,,,  ,,  ,,,,,,,,,,,,,,,,,,
,,1652,,,,,,,,,,,,,,,,,,  ,,,,,,,,,,,,,,,  ,,,,,,  ,,  ,,,,,,,,,,,,,,,,,,
,,1653,,,,,,,,,,,,,,,,,,  ,,,,,,,,,,,,,,,  ,,,,,,  ,,  ,,,,,,,,,,,,,,,,,,
,,1654,,,,,,,,,,,,,,,,,,  ,,,,,,,,,,,,,,,  ,,,,,,  ,,  ,,,,,,,,,,,,,,,,,,
,,1655,,,,,,,,,,,,,,,,,,  ,,,,,,,,,,,,,,,  ,,,,,,  ,,  ,,,,,,,,,,,,,,,,,,
,,1656,,,,,,,,,,,,,,,,,,  ,,,,,,,,,,,,,,,  ,,,,,,  ,,  ,,,,,,,,,,,,,,,,,,
,,1657,,,,,,,,,,,,,,,,,,  ,,,,,,,,,,,,,,,  ,,,,,,  ,,  ,,,,,,,,,,,,,,,,,,
,,1658,,,,,,,,,,,,,,,,,,  ,,,,,,,,,,,,,,,  ,,,,,,  ,,  ,,,,,,,,,,,,,,,,,,
,,1659,,,,,,,,,,,,,,,,,,  ,,,,,,,,,,,,,,,  ,,,,,,  ,,  ,,,,,,,,,,,,,,,,,,
,,1660,,,,,,,,,,,,,,,,,,  ,,,,,,,,,,,,,,,  ,,,,,,  ,,  ,,,,,,,,,,,,,,,,,,
,,1661,,,,,,,,,,,,,,,,,,  ,,,,,,,,,,,,,,,  ,,,,,,  ,,  ,,,,,,,,,,,,,,,,,,
,,1662,,,,,,,,,,,,,,,,,,  ,,,,,,,,,,,,,,,  ,,,,,,  ,,  ,,,,,,,,,,,,,,,,,,
,,1663,,,,,,,,,,,,,,,,,,  ,,,,,,,,,,,,,,,  ,,,,,,  ,,  ,,,,,,,,,,,,,,,,,,
,,1664,,,,,,,,,,,,,,,,,,  ,,,,,,,,,,,,,,,  ,,,,,,  ,,  ,,,,,,,,,,,,,,,,,,
,,1665,,,,,,,,,,,,,,,,,,  ,,,,,,,,,,,,,,,  ,,,,,,  ,,  ,,,,,,,,,,,,,,,,,,
,,1666,,,,,,,,,,,,,,,,,,  ,,,,,,,,,,,,,,,  ,,,,,,  ,,  ,,,,,,,,,,,,,,,,,,
,,1667,,,,,,,,,,,,,,,,,,  ,,,,,,,,,,,,,,,  ,,,,,,  ,,  ,,,,,,,,,,,,,,,,,,
,,1668,,,,,,,,,,,,,,,,,,  ,,,,,,,,,,,,,,,  ,,,,,,  ,,  ,,,,,,,,,,,,,,,,,,
,,1669,,,,,,,,,,,,,,,,,,  ,,,,,,,,,,,,,,,  ,,,,,,  ,,  ,,,,,,,,,,,,,,,,,,
,,1670,,,,,,,,,,,,,,,,,,  ,,,,,,,,,,,,,,,  ,,,,,,  ,,  ,,,,,,,,,,,,,,,,,,
,,1671,,,,,,,,,,,,,,,,,,  ,,,,,,,,,,,,,,,  ,,,,,,  ,,  ,,,,,,,,,,,,,,,,,,
,,1672,,,,,,,,,,,,,,,,,,  ,,,,,,,,,,,,,,,  ,,,,,,  ,,  ,,,,,,,,,,,,,,,,,,
,,1673,,,,,,,,,,,,,,,,,,  ,,,,,,,,,,,,,,,  ,,,,,,  ,,  ,,,,,,,,,,,,,,,,,,
,,1674,,,,,,,,,,,,,,,,,,  ,,,,,,,,,,,,,,,  ,,,,,,  ,,  ,,,,,,,,,,,,,,,,,,
,,1675,,,,,,,,,,,,,,,,,,  ,,,,,,,,,,,,,,,  ,,,,,,  ,,  ,,,,,,,,,,,,,,,,,,
,,1676,,,,,,,,,,,,,,,,,,  ,,,,,,,,,,,,,,,  ,,,,,,  ,,  ,,,,,,,,,,,,,,,,,,
,,1677,,,,,,,,,,,,,,,,,,  ,,,,,,,,,,,,,,,  ,,,,,,  ,,  ,,,,,,,,,,,,,,,,,,
,,1678,,,,,,,,,,,,,,,,,,  ,,,,,,,,,,,,,,,  ,,,,,,  ,,  ,,,,,,,,,,,,,,,,,,
,,1679,,,,,,,,,,,,,,,,,,  ,,,,,,,,,,,,,,,  ,,,,,,  ,,  ,,,,,,,,,,,,,,,,,,
,,1680,,,,,,,,,,,,,,,,,,  ,,,,,,,,,,,,,,,  ,,,,,,  ,,  ,,,,,,,,,,,,,,,,,,
,,1681,,,,,,,,,,,,,,,,,,  ,,,,,,,,,,,,,,,  ,,,,,,  ,,  ,,,,,,,,,,,,,,,,,,
,,1682,,,,,,,,,,,,,,,,,,  ,,,,,,,,,,,,,,,  ,,,,,,  ,,  ,,,,,,,,,,,,,,,,,,
,,1683,,,,,,,,,,,,,,,,,,  ,,,,,,,,,,,,,,,  ,,,,,,  ,,  ,,,,,,,,,,,,,,,,,,
,,1684,,,,,,,,,,,,,,,,,,  ,,,,,,,,,,,,,,,  ,,,,,,  ,,  ,,,,,,,,,,,,,,,,,,
,,1685,,,,,,,,,,,,,,,,,,  ,,,,,,,,,,,,,,,  ,,,,,,  ,,  ,,,,,,,,,,,,,,,,,,
,,1686,,,,,,,,,,,,,,,,,,  ,,,,,,,,,,,,,,,  ,,,,,,  ,,  ,,,,,,,,,,,,,,,,,,
,,1687,,,,,,,,,,,,,,,,,,  ,,,,,,,,,,,,,,,  ,,,,,,  ,,  ,,,,,,,,,,,,,,,,,,
,,1688,,,,,,,,,,,,,,,,,,  ,,,,,,,,,,,,,,,  ,,,,,,  ,,  ,,,,,,,,,,,,,,,,,,
,,1689,,,,,,,,,,,,,,,,,,  ,,,,,,,,,,,,,,,  ,,,,,,  ,,  ,,,,,,,,,,,,,,,,,,
,,1690,,,,,,,,,,,,,,,,,,  ,,,,,,,,,,,,,,,  ,,,,,,  ,,  ,,,,,,,,,,,,,,,,,,
,,1691,,,,,,,,,,,,,,,,,,  ,,,,,,,,,,,,,,,  ,,,,,,  ,,  ,,,,,,,,,,,,,,,,,,
,,1692,,,,,,,,,,,,,,,,,,  ,,,,,,,,,,,,,,,  ,,,,,,  ,,  ,,,,,,,,,,,,,,,,,,
,,1693,,,,,,,,,,,,,,,,,,  ,,,,,,,,,,,,,,,  ,,,,,,  ,,  ,,,,,,,,,,,,,,,,,,
,,1694,,,,,,,,,,,,,,,,,,  ,,,,,,,,,,,,,,,  ,,,,,,  ,,  ,,,,,,,,,,,,,,,,,,
,,1695,,,,,,,,,,,,,,,,,,  ,,,,,,,,,,,,,,,  ,,,,,,  ,,  ,,,,,,,,,,,,,,,,,,
,,1696,,,,,,,,,,,,,,,,,,  ,,,,,,,,,,,,,,,  ,,,,,,  ,,  ,,,,,,,,,,,,,,,,,,
,,1697,,,,,,,,,,,,,,,,,,  ,,,,,,,,,,,,,,,  ,,,,,,  ,,  ,,,,,,,,,,,,,,,,,,
,,1698,,,,,,,,,,,,,,,,,,  ,,,,,,,,,,,,,,,  ,,,,,,  ,,  ,,,,,,,,,,,,,,,,,,
,,1699,,,,,,,,,,,,,,,,,,  ,,,,,,,,,,,,,,,  ,,,,,,  ,,  ,,,,,,,,,,,,,,,,,,
,,1700,,,,,,,,,,,,,,,,,,  ,,,,,,,,,,,,,,,  ,,,,,,  ,,  ,,,,,,,,,,,,,,,,,,
,,1701,,,,,,,,,,,,,,,,,,  ,,,,,,,,,,,,,,,  ,,,,,,  ,,  ,,,,,,,,,,,,,,,,,,
,,1702,,,,,,,,,,,,,,,,,,  ,,,,,,,,,,,,,,,  ,,,,,,  ,,  ,,,,,,,,,,,,,,,,,,
,,1703,,,,,,,,,,,,,,,,,,  ,,,,,,,,,,,,,,,  ,,,,,,  ,,  ,,,,,,,,,,,,,,,,,,
,,1704,,,,,,,,,,,,,,,,,,  ,,,,,,,,,,,,,,,  ,,,,,,  ,,  ,,,,,,,,,,,,,,,,,,
,,1705,,,,,,,,,,,,,,,,,,  ,,,,,,,,,,,,,,,  ,,,,,,  ,,  ,,,,,,,,,,,,,,,,,,
,,1706,,,,,,,,,,,,,,,,,,  ,,,,,,,,,,,,,,,  ,,,,,,  ,,  ,,,,,,,,,,,,,,,,,,
,,1707,,,,,,,,,,,,,,,,,,  ,,,,,,,,,,,,,,,  ,,,,,,  ,,  ,,,,,,,,,,,,,,,,,,
,,1708,,,,,,,,,,,,,,,,,,  ,,,,,,,,,,,,,,,  ,,,,,,  ,,  ,,,,,,,,,,,,,,,,,,
,,1709,,,,,,,,,,,,,,,,,,  ,,,,,,,,,,,,,,,  ,,,,,,  ,,  ,,,,,,,,,,,,,,,,,,
,,1710,,,,,,,,,,,,,,,,,,  ,,,,,,,,,,,,,,,  ,,,,,,  ,,  ,,,,,,,,,,,,,,,,,,
,,1711,,,,,,,,,,,,,,,,,,  ,,,,,,,,,,,,,,,  ,,,,,,  ,,  ,,,,,,,,,,,,,,,,,,
,,1712,,,,,,,,,,,,,,,,,,  ,,,,,,,,,,,,,,,  ,,,,,,  ,,  ,,,,,,,,,,,,,,,,,,
,,1713,,,,,,,,,,,,,,,,,,  ,,,,,,,,,,,,,,,  ,,,,,,  ,,  ,,,,,,,,,,,,,,,,,,
,,1714,,,,,,,,,,,,,,,,,,  ,,,,,,,,,,,,,,,  ,,,,,,  ,,  ,,,,,,,,,,,,,,,,,,
,,1715,,,,,,,,,,,,,,,,,,  ,,,,,,,,,,,,,,,  ,,,,,,  ,,  ,,,,,,,,,,,,,,,,,,
,,1716,,,,,,,,,,,,,,,,,,  ,,,,,,,,,,,,,,,  ,,,,,,  ,,  ,,,,,,,,,,,,,,,,,,
,,1717,,,,,,,,,,,,,,,,,,  ,,,,,,,,,,,,,,,  ,,,,,,  ,,  ,,,,,,,,,,,,,,,,,,
,,1718,,,,,,,,,,,,,,,,,,  ,,,,,,,,,,,,,,,  ,,,,,,  ,,  ,,,,,,,,,,,,,,,,,,
,,1719,,,,,,,,,,,,,,,,,,  ,,,,,,,,,,,,,,,  ,,,,,,  ,,  ,,,,,,,,,,,,,,,,,,
,,1720,,,,,,,,,,,,,,,,,,  ,,,,,,,,,,,,,,,  ,,,,,,  ,,  ,,,,,,,,,,,,,,,,,,
,,1721,,,,,,,,,,,,,,,,,,  ,,,,,,,,,,,,,,,  ,,,,,,  ,,  ,,,,,,,,,,,,,,,,,,
,,1722,,,,,,,,,,,,,,,,,,  ,,,,,,,,,,,,,,,  ,,,,,,  ,,  ,,,,,,,,,,,,,,,,,,
,,1723,,,,,,,,,,,,,,,,,,  ,,,,,,,,,,,,,,,  ,,,,,,  ,,  ,,,,,,,,,,,,,,,,,,
,,1724,,,,,,,,,,,,,,,,,,  ,,,,,,,,,,,,,,,  ,,,,,,  ,,  ,,,,,,,,,,,,,,,,,,
,,1725,,,,,,,,,,,,,,,,,,  ,,,,,,,,,,,,,,,  ,,,,,,  ,,  ,,,,,,,,,,,,,,,,,,
,,1726,,,,,,,,,,,,,,,,,,  ,,,,,,,,,,,,,,,  ,,,,,,  ,,  ,,,,,,,,,,,,,,,,,,
,,1727,,,,,,,,,,,,,,,,,,  ,,,,,,,,,,,,,,,  ,,,,,,  ,,  ,,,,,,,,,,,,,,,,,,
,,1728,,,,,,,,,,,,,,,,,,  ,,,,,,,,,,,,,,,  ,,,,,,  ,,  ,,,,,,,,,,,,,,,,,,
,,1729,,,,,,,,,,,,,,,,,,  ,,,,,,,,,,,,,,,  ,,,,,,  ,,  ,,,,,,,,,,,,,,,,,,
,,1730,,,,,,,,,,,,,,,,,,  ,,,,,,,,,,,,,,,  ,,,,,,  ,,  ,,,,,,,,,,,,,,,,,,
,,1731,,,,,,,,,,,,,,,,,,  ,,,,,,,,,,,,,,,  ,,,,,,  ,,  ,,,,,,,,,,,,,,,,,,
,,1732,,,,,,,,,,,,,,,,,,  ,,,,,,,,,,,,,,,  ,,,,,,  ,,  ,,,,,,,,,,,,,,,,,,
,,1733,,,,,,,,,,,,,,,,,,  ,,,,,,,,,,,,,,,  ,,,,,,  ,,  ,,,,,,,,,,,,,,,,,,
,,1734,,,,,,,,,,,,,,,,,,  ,,,,,,,,,,,,,,,  ,,,,,,  ,,  ,,,,,,,,,,,,,,,,,,
,,1735,,,,,,,,,,,,,,,,,,  ,,,,,,,,,,,,,,,  ,,,,,,  ,,  ,,,,,,,,,,,,,,,,,,
,,1736,,,,,,,,,,,,,,,,,,  ,,,,,,,,,,,,,,,  ,,,,,,  ,,  ,,,,,,,,,,,,,,,,,,
,,1737,,,,,,,,,,,,,,,,,,  ,,,,,,,,,,,,,,,  ,,,,,,  ,,  ,,,,,,,,,,,,,,,,,,
,,1738,,,,,,,,,,,,,,,,,,  ,,,,,,,,,,,,,,,  ,,,,,,  ,,  ,,,,,,,,,,,,,,,,,,
,,1739,,,,,,,,,,,,,,,,,,  ,,,,,,,,,,,,,,,  ,,,,,,  ,,  ,,,,,,,,,,,,,,,,,,
,,1740,,,,,,,,,,,,,,,,,,  ,,,,,,,,,,,,,,,  ,,,,,,  ,,  ,,,,,,,,,,,,,,,,,,
,,1741,,,,,,,,,,,,,,,,,,  ,,,,,,,,,,,,,,,  ,,,,,,  ,,  ,,,,,,,,,,,,,,,,,,
,,1742,,,,,,,,,,,,,,,,,,  ,,,,,,,,,,,,,,,  ,,,,,,  ,,  ,,,,,,,,,,,,,,,,,,
,,1743,,,,,,,,,,,,,,,,,,  ,,,,,,,,,,,,,,,  ,,,,,,  ,,  ,,,,,,,,,,,,,,,,,,
,,1744,,,,,,,,,,,,,,,,,,  ,,,,,,,,,,,,,,,  ,,,,,,  ,,  ,,,,,,,,,,,,,,,,,,
,,1745,,,,,,,,,,,,,,,,,,  ,,,,,,,,,,,,,,,  ,,,,,,  ,,  ,,,,,,,,,,,,,,,,,,
,,1746,,,,,,,,,,,,,,,,,,  ,,,,,,,,,,,,,,,  ,,,,,,  ,,  ,,,,,,,,,,,,,,,,,,
,,1747,,,,,,,,,,,,,,,,,,  ,,,,,,,,,,,,,,,  ,,,,,,  ,,  ,,,,,,,,,,,,,,,,,,
,,1748,,,,,,,,,,,,,,,,,,  ,,,,,,,,,,,,,,,  ,,,,,,  ,,  ,,,,,,,,,,,,,,,,,,
,,1749,,,,,,,,,,,,,,,,,,  ,,,,,,,,,,,,,,,  ,,,,,,  ,,  ,,,,,,,,,,,,,,,,,,
,,1750,,,,,,,,,,,,,,,,,,  ,,,,,,,,,,,,,,,  ,,,,,,  ,,  ,,,,,,,,,,,,,,,,,,
,,1751,,,,,,,,,,,,,,,,,,  ,,,,,,,,,,,,,,,  ,,,,,,  ,,  ,,,,,,,,,,,,,,,,,,
,,1752,,,,,,,,,,,,,,,,,,  ,,,,,,,,,,,,,,,  ,,,,,,  ,,  ,,,,,,,,,,,,,,,,,,
,,1753,,,,,,,,,,,,,,,,,,  ,,,,,,,,,,,,,,,  ,,,,,,  ,,  ,,,,,,,,,,,,,,,,,,
,,1754,,,,,,,,,,,,,,,,,,  ,,,,,,,,,,,,,,,  ,,,,,,  ,,  ,,,,,,,,,,,,,,,,,,
,,1755,,,,,,,,,,,,,,,,,,  ,,,,,,,,,,,,,,,  ,,,,,,  ,,  ,,,,,,,,,,,,,,,,,,
,,1756,,,,,,,,,,,,,,,,,,  ,,,,,,,,,,,,,,,  ,,,,,,  ,,  ,,,,,,,,,,,,,,,,,,
,,1757,,,,,,,,,,,,,,,,,,  ,,,,,,,,,,,,,,,  ,,,,,,  ,,  ,,,,,,,,,,,,,,,,,,
,,1758,,,,,,,,,,,,,,,,,,  ,,,,,,,,,,,,,,,  ,,,,,,  ,,  ,,,,,,,,,,,,,,,,,,
,,1759,,,,,,,,,,,,,,,,,,  ,,,,,,,,,,,,,,,  ,,,,,,  ,,  ,,,,,,,,,,,,,,,,,,
,,1760,,,,,,,,,,,,,,,,,,  ,,,,,,,,,,,,,,,  ,,,,,,  ,,  ,,,,,,,,,,,,,,,,,,
,,1761,,,,,,,,,,,,,,,,,,  ,,,,,,,,,,,,,,,  ,,,,,,  ,,  ,,,,,,,,,,,,,,,,,,
,,1762,,,,,,,,,,,,,,,,,,  ,,,,,,,,,,,,,,,  ,,,,,,  ,,  ,,,,,,,,,,,,,,,,,,
,,1763,,,,,,,,,,,,,,,,,,  ,,,,,,,,,,,,,,,  ,,,,,,  ,,  ,,,,,,,,,,,,,,,,,,
,,1764,,,,,,,,,,,,,,,,,,  ,,,,,,,,,,,,,,,  ,,,,,,  ,,  ,,,,,,,,,,,,,,,,,,
,,1765,,,,,,,,,,,,,,,,,,  ,,,,,,,,,,,,,,,  ,,,,,,  ,,  ,,,,,,,,,,,,,,,,,,
,,1766,,,,,,,,,,,,,,,,,,  ,,,,,,,,,,,,,,,  ,,,,,,  ,,  ,,,,,,,,,,,,,,,,,,
,,1767,,,,,,,,,,,,,,,,,,  ,,,,,,,,,,,,,,,  ,,,,,,  ,,  ,,,,,,,,,,,,,,,,,,
,,1768,,,,,,,,,,,,,,,,,,  ,,,,,,,,,,,,,,,  ,,,,,,  ,,  ,,,,,,,,,,,,,,,,,,
,,1769,,,,,,,,,,,,,,,,,,  ,,,,,,,,,,,,,,,  ,,,,,,  ,,  ,,,,,,,,,,,,,,,,,,
,,1770,,,,,,,,,,,,,,,,,,  ,,,,,,,,,,,,,,,  ,,,,,,  ,,  ,,,,,,,,,,,,,,,,,,
,,1771,,,,,,,,,,,,,,,,,,  ,,,,,,,,,,,,,,,  ,,,,,,  ,,  ,,,,,,,,,,,,,,,,,,
,,1772,,,,,,,,,,,,,,,,,,  ,,,,,,,,,,,,,,,  ,,,,,,  ,,  ,,,,,,,,,,,,,,,,,,
,,1773,,,,,,,,,,,,,,,,,,  ,,,,,,,,,,,,,,,  ,,,,,,  ,,  ,,,,,,,,,,,,,,,,,,
,,1774,,,,,,,,,,,,,,,,,,  ,,,,,,,,,,,,,,,  ,,,,,,  ,,  ,,,,,,,,,,,,,,,,,,
,,1775,,,,,,,,,,,,,,,,,,  ,,,,,,,,,,,,,,,  ,,,,,,  ,,  ,,,,,,,,,,,,,,,,,,
,,1776,,,,,,,,,,,,,,,,,,  ,,,,,,,,,,,,,,,  ,,,,,,  ,,  ,,,,,,,,,,,,,,,,,,
,,1777,,,,,,,,,,,,,,,,,,  ,,,,,,,,,,,,,,,  ,,,,,,  ,,  ,,,,,,,,,,,,,,,,,,
,,1778,,,,,,,,,,,,,,,,,,  ,,,,,,,,,,,,,,,  ,,,,,,  ,,  ,,,,,,,,,,,,,,,,,,
,,1779,,,,,,,,,,,,,,,,,,  ,,,,,,,,,,,,,,,  ,,,,,,  ,,  ,,,,,,,,,,,,,,,,,,
,,1780,,,,,,,,,,,,,,,,,,  ,,,,,,,,,,,,,,,  ,,,,,,  ,,  ,,,,,,,,,,,,,,,,,,
,,1781,,,,,,,,,,,,,,,,,,  ,,,,,,,,,,,,,,,  ,,,,,,  ,,  ,,,,,,,,,,,,,,,,,,
,,1782,,,,,,,,,,,,,,,,,,  ,,,,,,,,,,,,,,,  ,,,,,,  ,,  ,,,,,,,,,,,,,,,,,,
,,1783,,,,,,,,,,,,,,,,,,  ,,,,,,,,,,,,,,,  ,,,,,,  ,,  ,,,,,,,,,,,,,,,,,,
,,1784,,,,,,,,,,,,,,,,,,  ,,,,,,,,,,,,,,,  ,,,,,,  ,,  ,,,,,,,,,,,,,,,,,,
,,1785,,,,,,,,,,,,,,,,,,  ,,,,,,,,,,,,,,,  ,,,,,,  ,,  ,,,,,,,,,,,,,,,,,,
,,1786,,,,,,,,,,,,,,,,,,  ,,,,,,,,,,,,,,,  ,,,,,,  ,,  ,,,,,,,,,,,,,,,,,,
,,1787,,,,,,,,,,,,,,,,,,  ,,,,,,,,,,,,,,,  ,,,,,,  ,,  ,,,,,,,,,,,,,,,,,,
,,1788,,,,,,,,,,,,,,,,,,  ,,,,,,,,,,,,,,,  ,,,,,,  ,,  ,,,,,,,,,,,,,,,,,,
,,1789,,,,,,,,,,,,,,,,,,  ,,,,,,,,,,,,,,,  ,,,,,,  ,,  ,,,,,,,,,,,,,,,,,,
,,1790,,,,,,,,,,,,,,,,,,  ,,,,,,,,,,,,,,,  ,,,,,,  ,,  ,,,,,,,,,,,,,,,,,,
,,1791,,,,,,,,,,,,,,,,,,  ,,,,,,,,,,,,,,,  ,,,,,,  ,,  ,,,,,,,,,,,,,,,,,,
,,1792,,,,,,,,,,,,,,,,,,  ,,,,,,,,,,,,,,,  ,,,,,,  ,,  ,,,,,,,,,,,,,,,,,,
,,1793,,,,,,,,,,,,,,,,,,  ,,,,,,,,,,,,,,,  ,,,,,,  ,,  ,,,,,,,,,,,,,,,,,,
,,1794,,,,,,,,,,,,,,,,,,  ,,,,,,,,,,,,,,,  ,,,,,,  ,,  ,,,,,,,,,,,,,,,,,,
,,1795,,,,,,,,,,,,,,,,,,  ,,,,,,,,,,,,,,,  ,,,,,,  ,,  ,,,,,,,,,,,,,,,,,,
,,1796,,,,,,,,,,,,,,,,,,  ,,,,,,,,,,,,,,,  ,,,,,,  ,,  ,,,,,,,,,,,,,,,,,,
,,1797,,,,,,,,,,,,,,,,,,  ,,,,,,,,,,,,,,,  ,,,,,,  ,,  ,,,,,,,,,,,,,,,,,,
,,1798,,,,,,,,,,,,,,,,,,  ,,,,,,,,,,,,,,,  ,,,,,,  ,,  ,,,,,,,,,,,,,,,,,,
,,1799,,,,,,,,,,,,,,,,,,  ,,,,,,,,,,,,,,,  ,,,,,,  ,,  ,,,,,,,,,,,,,,,,,,
,,1800,,,,,,,,,,,,,,,,,,  ,,,,,,,,,,,,,,,  ,,,,,,  ,,  ,,,,,,,,,,,,,,,,,,
,,1801,,,,,,,,,,,,,,,,,,  ,,,,,,,,,,,,,,,  ,,,,,,  ,,  ,,,,,,,,,,,,,,,,,,
,,1802,,,,,,,,,,,,,,,,,,  ,,,,,,,,,,,,,,,  ,,,,,,  ,,  ,,,,,,,,,,,,,,,,,,
,,1803,,,,,,,,,,,,,,,,,,  ,,,,,,,,,,,,,,,  ,,,,,,  ,,  ,,,,,,,,,,,,,,,,,,
,,1804,,,,,,,,,,,,,,,,,,  ,,,,,,,,,,,,,,,  ,,,,,,  ,,  ,,,,,,,,,,,,,,,,,,
,,1805,,,,,,,,,,,,,,,,,,  ,,,,,,,,,,,,,,,  ,,,,,,  ,,  ,,,,,,,,,,,,,,,,,,
,,1806,,,,,,,,,,,,,,,,,,  ,,,,,,,,,,,,,,,  ,,,,,,  ,,  ,,,,,,,,,,,,,,,,,,
,,1807,,,,,,,,,,,,,,,,,,  ,,,,,,,,,,,,,,,  ,,,,,,  ,,  ,,,,,,,,,,,,,,,,,,
,,1808,,,,,,,,,,,,,,,,,,  ,,,,,,,,,,,,,,,  ,,,,,,  ,,  ,,,,,,,,,,,,,,,,,,
,,1809,,,,,,,,,,,,,,,,,,  ,,,,,,,,,,,,,,,  ,,,,,,  ,,  ,,,,,,,,,,,,,,,,,,
,,1810,,,,,,,,,,,,,,,,,,  ,,,,,,,,,,,,,,,  ,,,,,,  ,,  ,,,,,,,,,,,,,,,,,,
,,1811,,,,,,,,,,,,,,,,,,  ,,,,,,,,,,,,,,,  ,,,,,,  ,,  ,,,,,,,,,,,,,,,,,,
,,1812,,,,,,,,,,,,,,,,,,  ,,,,,,,,,,,,,,,  ,,,,,,  ,,  ,,,,,,,,,,,,,,,,,,
,,1813,,,,,,,,,,,,,,,,,,  ,,,,,,,,,,,,,,,  ,,,,,,  ,,  ,,,,,,,,,,,,,,,,,,
,,1814,,,,,,,,,,,,,,,,,,  ,,,,,,,,,,,,,,,  ,,,,,,  ,,  ,,,,,,,,,,,,,,,,,,
,,1815,,,,,,,,,,,,,,,,,,  ,,,,,,,,,,,,,,,  ,,,,,,  ,,  ,,,,,,,,,,,,,,,,,,
,,1816,,,,,,,,,,,,,,,,,,  ,,,,,,,,,,,,,,,  ,,,,,,  ,,  ,,,,,,,,,,,,,,,,,,
,,1817,,,,,,,,,,,,,,,,,,  ,,,,,,,,,,,,,,,  ,,,,,,  ,,  ,,,,,,,,,,,,,,,,,,
,,1818,,,,,,,,,,,,,,,,,,  ,,,,,,,,,,,,,,,  ,,,,,,  ,,  ,,,,,,,,,,,,,,,,,,
,,1819,,,,,,,,,,,,,,,,,,  ,,,,,,,,,,,,,,,  ,,,,,,  ,,  ,,,,,,,,,,,,,,,,,,
,,1820,,,,,,,,,,,,,,,,,,  ,,,,,,,,,,,,,,,  ,,,,,,  ,,  ,,,,,,,,,,,,,,,,,,
,,1821,,,,,,,,,,,,,,,,,,  ,,,,,,,,,,,,,,,  ,,,,,,  ,,  ,,,,,,,,,,,,,,,,,,
,,1822,,,,,,,,,,,,,,,,,,  ,,,,,,,,,,,,,,,  ,,,,,,  ,,  ,,,,,,,,,,,,,,,,,,
,,1823,,,,,,,,,,,,,,,,,,  ,,,,,,,,,,,,,,,  ,,,,,,  ,,  ,,,,,,,,,,,,,,,,,,
,,1824,,,,,,,,,,,,,,,,,,  ,,,,,,,,,,,,,,,  ,,,,,,  ,,  ,,,,,,,,,,,,,,,,,,
,,1825,,,,,,,,,,,,,,,,,,  ,,,,,,,,,,,,,,,  ,,,,,,  ,,  ,,,,,,,,,,,,,,,,,,
,,1826,,,,,,,,,,,,,,,,,,  ,,,,,,,,,,,,,,,  ,,,,,,  ,,  ,,,,,,,,,,,,,,,,,,
,,1827,,,,,,,,,,,,,,,,,,  ,,,,,,,,,,,,,,,  ,,,,,,  ,,  ,,,,,,,,,,,,,,,,,,
,,1828,,,,,,,,,,,,,,,,,,  ,,,,,,,,,,,,,,,  ,,,,,,  ,,  ,,,,,,,,,,,,,,,,,,
,,1829,,,,,,,,,,,,,,,,,,  ,,,,,,,,,,,,,,,  ,,,,,,  ,,  ,,,,,,,,,,,,,,,,,,
,,1830,,,,,,,,,,,,,,,,,,  ,,,,,,,,,,,,,,,  ,,,,,,  ,,  ,,,,,,,,,,,,,,,,,,
,,1831,,,,,,,,,,,,,,,,,,  ,,,,,,,,,,,,,,,  ,,,,,,  ,,  ,,,,,,,,,,,,,,,,,,
,,1832,,,,,,,,,,,,,,,,,,  ,,,,,,,,,,,,,,,  ,,,,,,  ,,  ,,,,,,,,,,,,,,,,,,
,,1833,,,,,,,,,,,,,,,,,,  ,,,,,,,,,,,,,,,  ,,,,,,  ,,  ,,,,,,,,,,,,,,,,,,
,,1834,,,,,,,,,,,,,,,,,,  ,,,,,,,,,,,,,,,  ,,,,,,  ,,  ,,,,,,,,,,,,,,,,,,
,,1835,,,,,,,,,,,,,,,,,,  ,,,,,,,,,,,,,,,  ,,,,,,  ,,  ,,,,,,,,,,,,,,,,,,
,,1836,,,,,,,,,,,,,,,,,,  ,,,,,,,,,,,,,,,  ,,,,,,  ,,  ,,,,,,,,,,,,,,,,,,
,,1837,,,,,,,,,,,,,,,,,,  ,,,,,,,,,,,,,,,  ,,,,,,  ,,  ,,,,,,,,,,,,,,,,,,
,,1838,,,,,,,,,,,,,,,,,,  ,,,,,,,,,,,,,,,  ,,,,,,  ,,  ,,,,,,,,,,,,,,,,,,
,,1839,,,,,,,,,,,,,,,,,,  ,,,,,,,,,,,,,,,  ,,,,,,  ,,  ,,,,,,,,,,,,,,,,,,
,,1840,,,,,,,,,,,,,,,,,,  ,,,,,,,,,,,,,,,  ,,,,,,  ,,  ,,,,,,,,,,,,,,,,,,
,,1841,,,,,,,,,,,,,,,,,,  ,,,,,,,,,,,,,,,  ,,,,,,  ,,  ,,,,,,,,,,,,,,,,,,
,,1842,,,,,,,,,,,,,,,,,,  ,,,,,,,,,,,,,,,  ,,,,,,  ,,  ,,,,,,,,,,,,,,,,,,
,,1843,,,,,,,,,,,,,,,,,,  ,,,,,,,,,,,,,,,  ,,,,,,  ,,  ,,,,,,,,,,,,,,,,,,
,,1844,,,,,,,,,,,,,,,,,,  ,,,,,,,,,,,,,,,  ,,,,,,  ,,  ,,,,,,,,,,,,,,,,,,
,,1845,,,,,,,,,,,,,,,,,,  ,,,,,,,,,,,,,,,  ,,,,,,  ,,  ,,,,,,,,,,,,,,,,,,
,,1846,,,,,,,,,,,,,,,,,,  ,,,,,,,,,,,,,,,  ,,,,,,  ,,  ,,,,,,,,,,,,,,,,,,
,,1847,,,,,,,,,,,,,,,,,,  ,,,,,,,,,,,,,,,  ,,,,,,  ,,  ,,,,,,,,,,,,,,,,,,
,,1848,,,,,,,,,,,,,,,,,,  ,,,,,,,,,,,,,,,  ,,,,,,  ,,  ,,,,,,,,,,,,,,,,,,
,,1849,,,,,,,,,,,,,,,,,,  ,,,,,,,,,,,,,,,  ,,,,,,  ,,  ,,,,,,,,,,,,,,,,,,
,,1850,,,,,,,,,,,,,,,,,,  ,,,,,,,,,,,,,,,  ,,,,,,  ,,  ,,,,,,,,,,,,,,,,,,
,,1851,,,,,,,,,,,,,,,,,,  ,,,,,,,,,,,,,,,  ,,,,,,  ,,  ,,,,,,,,,,,,,,,,,,
,,1852,,,,,,,,,,,,,,,,,,  ,,,,,,,,,,,,,,,  ,,,,,,  ,,  ,,,,,,,,,,,,,,,,,,
,,1853,,,,,,,,,,,,,,,,,,  ,,,,,,,,,,,,,,,  ,,,,,,  ,,  ,,,,,,,,,,,,,,,,,,
,,1854,,,,,,,,,,,,,,,,,,  ,,,,,,,,,,,,,,,  ,,,,,,  ,,  ,,,,,,,,,,,,,,,,,,
,,1855,,,,,,,,,,,,,,,,,,  ,,,,,,,,,,,,,,,  ,,,,,,  ,,  ,,,,,,,,,,,,,,,,,,
,,1856,,,,,,,,,,,,,,,,,,  ,,,,,,,,,,,,,,,  ,,,,,,  ,,  ,,,,,,,,,,,,,,,,,,
,,1857,,,,,,,,,,,,,,,,,,  ,,,,,,,,,,,,,,,  ,,,,,,  ,,  ,,,,,,,,,,,,,,,,,,
,,1858,,,,,,,,,,,,,,,,,,  ,,,,,,,,,,,,,,,  ,,,,,,  ,,  ,,,,,,,,,,,,,,,,,,
,,1859,,,,,,,,,,,,,,,,,,  ,,,,,,,,,,,,,,,  ,,,,,,  ,,  ,,,,,,,,,,,,,,,,,,
,,1860,,,,,,,,,,,,,,,,,,  ,,,,,,,,,,,,,,,  ,,,,,,  ,,  ,,,,,,,,,,,,,,,,,,
,,1861,,,,,,,,,,,,,,,,,,  ,,,,,,,,,,,,,,,  ,,,,,,  ,,  ,,,,,,,,,,,,,,,,,,
,,1862,,,,,,,,,,,,,,,,,,  ,,,,,,,,,,,,,,,  ,,,,,,  ,,  ,,,,,,,,,,,,,,,,,,
,,1863,,,,,,,,,,,,,,,,,,  ,,,,,,,,,,,,,,,  ,,,,,,  ,,  ,,,,,,,,,,,,,,,,,,
,,1864,,,,,,,,,,,,,,,,,,  ,,,,,,,,,,,,,,,  ,,,,,,  ,,  ,,,,,,,,,,,,,,,,,,
,,1865,,,,,,,,,,,,,,,,,,  ,,,,,,,,,,,,,,,  ,,,,,,  ,,  ,,,,,,,,,,,,,,,,,,
,,1866,,,,,,,,,,,,,,,,,,  ,,,,,,,,,,,,,,,  ,,,,,,  ,,  ,,,,,,,,,,,,,,,,,,
,,1867,,,,,,,,,,,,,,,,,,  ,,,,,,,,,,,,,,,  ,,,,,,  ,,  ,,,,,,,,,,,,,,,,,,
,,1868,,,,,,,,,,,,,,,,,,  ,,,,,,,,,,,,,,,  ,,,,,,  ,,  ,,,,,,,,,,,,,,,,,,
,,1869,,,,,,,,,,,,,,,,,,  ,,,,,,,,,,,,,,,  ,,,,,,  ,,  ,,,,,,,,,,,,,,,,,,
,,1870,,,,,,,,,,,,,,,,,,  ,,,,,,,,,,,,,,,  ,,,,,,  ,,  ,,,,,,,,,,,,,,,,,,
,,1871,,,,,,,,,,,,,,,,,,  ,,,,,,,,,,,,,,,  ,,,,,,  ,,  ,,,,,,,,,,,,,,,,,,
,,1872,,,,,,,,,,,,,,,,,,  ,,,,,,,,,,,,,,,  ,,,,,,  ,,  ,,,,,,,,,,,,,,,,,,
,,1873,,,,,,,,,,,,,,,,,,  ,,,,,,,,,,,,,,,  ,,,,,,  ,,  ,,,,,,,,,,,,,,,,,,
,,1874,,,,,,,,,,,,,,,,,,  ,,,,,,,,,,,,,,,  ,,,,,,  ,,  ,,,,,,,,,,,,,,,,,,
,,1875,,,,,,,,,,,,,,,,,,  ,,,,,,,,,,,,,,,  ,,,,,,  ,,  ,,,,,,,,,,,,,,,,,,
,,1876,,,,,,,,,,,,,,,,,,  ,,,,,,,,,,,,,,,  ,,,,,,  ,,  ,,,,,,,,,,,,,,,,,,
,,1877,,,,,,,,,,,,,,,,,,  ,,,,,,,,,,,,,,,  ,,,,,,  ,,  ,,,,,,,,,,,,,,,,,,
,,1878,,,,,,,,,,,,,,,,,,  ,,,,,,,,,,,,,,,  ,,,,,,  ,,  ,,,,,,,,,,,,,,,,,,
,,1879,,,,,,,,,,,,,,,,,,  ,,,,,,,,,,,,,,,  ,,,,,,  ,,  ,,,,,,,,,,,,,,,,,,
,,1880,,,,,,,,,,,,,,,,,,  ,,,,,,,,,,,,,,,  ,,,,,,  ,,  ,,,,,,,,,,,,,,,,,,
,,1881,,,,,,,,,,,,,,,,,,  ,,,,,,,,,,,,,,,  ,,,,,,  ,,  ,,,,,,,,,,,,,,,,,,
,,1882,,,,,,,,,,,,,,,,,,  ,,,,,,,,,,,,,,,  ,,,,,,  ,,  ,,,,,,,,,,,,,,,,,,
,,1883,,,,,,,,,,,,,,,,,,  ,,,,,,,,,,,,,,,  ,,,,,,  ,,  ,,,,,,,,,,,,,,,,,,
,,1884,,,,,,,,,,,,,,,,,,  ,,,,,,,,,,,,,,,  ,,,,,,  ,,  ,,,,,,,,,,,,,,,,,,
,,1885,,,,,,,,,,,,,,,,,,  ,,,,,,,,,,,,,,,  ,,,,,,  ,,  ,,,,,,,,,,,,,,,,,,
,,1886,,,,,,,,,,,,,,,,,,  ,,,,,,,,,,,,,,,  ,,,,,,  ,,  ,,,,,,,,,,,,,,,,,,
,,1887,,,,,,,,,,,,,,,,,,  ,,,,,,,,,,,,,,,  ,,,,,,  ,,  ,,,,,,,,,,,,,,,,,,
,,1888,,,,,,,,,,,,,,,,,,  ,,,,,,,,,,,,,,,  ,,,,,,  ,,  ,,,,,,,,,,,,,,,,,,
,,1889,,,,,,,,,,,,,,,,,,  ,,,,,,,,,,,,,,,  ,,,,,,  ,,  ,,,,,,,,,,,,,,,,,,
,,1890,,,,,,,,,,,,,,,,,,  ,,,,,,,,,,,,,,,  ,,,,,,  ,,  ,,,,,,,,,,,,,,,,,,
,,1891,,,,,,,,,,,,,,,,,,  ,,,,,,,,,,,,,,,  ,,,,,,  ,,  ,,,,,,,,,,,,,,,,,,
,,1892,,,,,,,,,,,,,,,,,,  ,,,,,,,,,,,,,,,  ,,,,,,  ,,  ,,,,,,,,,,,,,,,,,,
,,1893,,,,,,,,,,,,,,,,,,  ,,,,,,,,,,,,,,,  ,,,,,,  ,,  ,,,,,,,,,,,,,,,,,,
,,1894,,,,,,,,,,,,,,,,,,  ,,,,,,,,,,,,,,,  ,,,,,,  ,,  ,,,,,,,,,,,,,,,,,,
,,1895,,,,,,,,,,,,,,,,,,  ,,,,,,,,,,,,,,,  ,,,,,,  ,,  ,,,,,,,,,,,,,,,,,,
,,1896,,,,,,,,,,,,,,,,,,  ,,,,,,,,,,,,,,,  ,,,,,,  ,,  ,,,,,,,,,,,,,,,,,,
,,1897,,,,,,,,,,,,,,,,,,  ,,,,,,,,,,,,,,,  ,,,,,,  ,,  ,,,,,,,,,,,,,,,,,,
,,1898,,,,,,,,,,,,,,,,,,  ,,,,,,,,,,,,,,,  ,,,,,,  ,,  ,,,,,,,,,,,,,,,,,,
,,1899,,,,,,,,,,,,,,,,,,  ,,,,,,,,,,,,,,,  ,,,,,,  ,,  ,,,,,,,,,,,,,,,,,,
,,1900,,,,,,,,,,,,,,,,,,  ,,,,,,,,,,,,,,,  ,,,,,,  ,,  ,,,,,,,,,,,,,,,,,,
,,1901,,,,,,,,,,,,,,,,,,  ,,,,,,,,,,,,,,,  ,,,,,,  ,,  ,,,,,,,,,,,,,,,,,,
,,1902,,,,,,,,,,,,,,,,,,  ,,,,,,,,,,,,,,,  ,,,,,,  ,,  ,,,,,,,,,,,,,,,,,,
,,1903,,,,,,,,,,,,,,,,,,  ,,,,,,,,,,,,,,,  ,,,,,,  ,,  ,,,,,,,,,,,,,,,,,,
,,1904,,,,,,,,,,,,,,,,,,  ,,,,,,,,,,,,,,,  ,,,,,,  ,,  ,,,,,,,,,,,,,,,,,,
,,1905,,,,,,,,,,,,,,,,,,  ,,,,,,,,,,,,,,,  ,,,,,,  ,,  ,,,,,,,,,,,,,,,,,,
,,1906,,,,,,,,,,,,,,,,,,  ,,,,,,,,,,,,,,,  ,,,,,,  ,,  ,,,,,,,,,,,,,,,,,,
,,1907,,,,,,,,,,,,,,,,,,  ,,,,,,,,,,,,,,,  ,,,,,,  ,,  ,,,,,,,,,,,,,,,,,,
,,1908,,,,,,,,,,,,,,,,,,  ,,,,,,,,,,,,,,,  ,,,,,,  ,,  ,,,,,,,,,,,,,,,,,,
,,1909,,,,,,,,,,,,,,,,,,  ,,,,,,,,,,,,,,,  ,,,,,,  ,,  ,,,,,,,,,,,,,,,,,,
,,1910,,,,,,,,,,,,,,,,,,  ,,,,,,,,,,,,,,,  ,,,,,,  ,,  ,,,,,,,,,,,,,,,,,,
,,1911,,,,,,,,,,,,,,,,,,  ,,,,,,,,,,,,,,,  ,,,,,,  ,,  ,,,,,,,,,,,,,,,,,,
,,1912,,,,,,,,,,,,,,,,,,  ,,,,,,,,,,,,,,,  ,,,,,,  ,,  ,,,,,,,,,,,,,,,,,,
,,1913,,,,,,,,,,,,,,,,,,  ,,,,,,,,,,,,,,,  ,,,,,,  ,,  ,,,,,,,,,,,,,,,,,,
,,1914,,,,,,,,,,,,,,,,,,  ,,,,,,,,,,,,,,,  ,,,,,,  ,,  ,,,,,,,,,,,,,,,,,,
,,1915,,,,,,,,,,,,,,,,,,  ,,,,,,,,,,,,,,,  ,,,,,,  ,,  ,,,,,,,,,,,,,,,,,,
,,1916,,,,,,,,,,,,,,,,,,  ,,,,,,,,,,,,,,,  ,,,,,,  ,,  ,,,,,,,,,,,,,,,,,,
,,1917,,,,,,,,,,,,,,,,,,  ,,,,,,,,,,,,,,,  ,,,,,,  ,,  ,,,,,,,,,,,,,,,,,,
,,1918,,,,,,,,,,,,,,,,,,  ,,,,,,,,,,,,,,,  ,,,,,,  ,,  ,,,,,,,,,,,,,,,,,,
,,1919,,,,,,,,,,,,,,,,,,  ,,,,,,,,,,,,,,,  ,,,,,,  ,,  ,,,,,,,,,,,,,,,,,,
,,1920,,,,,,,,,,,,,,,,,,  ,,,,,,,,,,,,,,,  ,,,,,,  ,,  ,,,,,,,,,,,,,,,,,,
,,1921,,,,,,,,,,,,,,,,,,  ,,,,,,,,,,,,,,,  ,,,,,,  ,,  ,,,,,,,,,,,,,,,,,,
,,1922,,,,,,,,,,,,,,,,,,  ,,,,,,,,,,,,,,,  ,,,,,,  ,,  ,,,,,,,,,,,,,,,,,,
,,1923,,,,,,,,,,,,,,,,,,  ,,,,,,,,,,,,,,,  ,,,,,,  ,,  ,,,,,,,,,,,,,,,,,,
,,1924,,,,,,,,,,,,,,,,,,  ,,,,,,,,,,,,,,,  ,,,,,,  ,,  ,,,,,,,,,,,,,,,,,,
,,1925,,,,,,,,,,,,,,,,,,  ,,,,,,,,,,,,,,,  ,,,,,,  ,,  ,,,,,,,,,,,,,,,,,,
,,1926,,,,,,,,,,,,,,,,,,  ,,,,,,,,,,,,,,,  ,,,,,,  ,,  ,,,,,,,,,,,,,,,,,,
,,1927,,,,,,,,,,,,,,,,,,  ,,,,,,,,,,,,,,,  ,,,,,,  ,,  ,,,,,,,,,,,,,,,,,,
,,1928,,,,,,,,,,,,,,,,,,  ,,,,,,,,,,,,,,,  ,,,,,,  ,,  ,,,,,,,,,,,,,,,,,,
,,1929,,,,,,,,,,,,,,,,,,  ,,,,,,,,,,,,,,,  ,,,,,,  ,,  ,,,,,,,,,,,,,,,,,,
,,1930,,,,,,,,,,,,,,,,,,  ,,,,,,,,,,,,,,,  ,,,,,,  ,,  ,,,,,,,,,,,,,,,,,,
,,1931,,,,,,,,,,,,,,,,,,  ,,,,,,,,,,,,,,,  ,,,,,,  ,,  ,,,,,,,,,,,,,,,,,,
,,1932,,,,,,,,,,,,,,,,,,  ,,,,,,,,,,,,,,,  ,,,,,,  ,,  ,,,,,,,,,,,,,,,,,,
,,1933,,,,,,,,,,,,,,,,,,  ,,,,,,,,,,,,,,,  ,,,,,,  ,,  ,,,,,,,,,,,,,,,,,,
,,1934,,,,,,,,,,,,,,,,,,  ,,,,,,,,,,,,,,,  ,,,,,,  ,,  ,,,,,,,,,,,,,,,,,,
,,1935,,,,,,,,,,,,,,,,,,  ,,,,,,,,,,,,,,,  ,,,,,,  ,,  ,,,,,,,,,,,,,,,,,,
,,1936,,,,,,,,,,,,,,,,,,  ,,,,,,,,,,,,,,,  ,,,,,,  ,,  ,,,,,,,,,,,,,,,,,,
,,1937,,,,,,,,,,,,,,,,,,  ,,,,,,,,,,,,,,,  ,,,,,,  ,,  ,,,,,,,,,,,,,,,,,,
,,1938,,,,,,,,,,,,,,,,,,  ,,,,,,,,,,,,,,,  ,,,,,,  ,,  ,,,,,,,,,,,,,,,,,,
,,1939,,,,,,,,,,,,,,,,,,  ,,,,,,,,,,,,,,,  ,,,,,,  ,,  ,,,,,,,,,,,,,,,,,,
,,1940,,,,,,,,,,,,,,,,,,  ,,,,,,,,,,,,,,,  ,,,,,,  ,,  ,,,,,,,,,,,,,,,,,,
,,1941,,,,,,,,,,,,,,,,,,  ,,,,,,,,,,,,,,,  ,,,,,,  ,,  ,,,,,,,,,,,,,,,,,,
,,1942,,,,,,,,,,,,,,,,,,  ,,,,,,,,,,,,,,,  ,,,,,,  ,,  ,,,,,,,,,,,,,,,,,,
,,1943,,,,,,,,,,,,,,,,,,  ,,,,,,,,,,,,,,,  ,,,,,,  ,,  ,,,,,,,,,,,,,,,,,,
,,1944,,,,,,,,,,,,,,,,,,  ,,,,,,,,,,,,,,,  ,,,,,,  ,,  ,,,,,,,,,,,,,,,,,,
,,1945,,,,,,,,,,,,,,,,,,  ,,,,,,,,,,,,,,,  ,,,,,,  ,,  ,,,,,,,,,,,,,,,,,,
,,1946,,,,,,,,,,,,,,,,,,  ,,,,,,,,,,,,,,,  ,,,,,,  ,,  ,,,,,,,,,,,,,,,,,,
,,1947,,,,,,,,,,,,,,,,,,  ,,,,,,,,,,,,,,,  ,,,,,,  ,,  ,,,,,,,,,,,,,,,,,,
,,1948,,,,,,,,,,,,,,,,,,  ,,,,,,,,,,,,,,,  ,,,,,,  ,,  ,,,,,,,,,,,,,,,,,,
,,1949,,,,,,,,,,,,,,,,,,  ,,,,,,,,,,,,,,,  ,,,,,,  ,,  ,,,,,,,,,,,,,,,,,,
,,1950,,,,,,,,,,,,,,,,,,  ,,,,,,,,,,,,,,,  ,,,,,,  ,,  ,,,,,,,,,,,,,,,,,,
,,1951,,,,,,,,,,,,,,,,,,  ,,,,,,,,,,,,,,,  ,,,,,,  ,,  ,,,,,,,,,,,,,,,,,,
,,1952,,,,,,,,,,,,,,,,,,  ,,,,,,,,,,,,,,,  ,,,,,,  ,,  ,,,,,,,,,,,,,,,,,,
,,1953,,,,,,,,,,,,,,,,,,  ,,,,,,,,,,,,,,,  ,,,,,,  ,,  ,,,,,,,,,,,,,,,,,,
,,1954,,,,,,,,,,,,,,,,,,  ,,,,,,,,,,,,,,,  ,,,,,,  ,,  ,,,,,,,,,,,,,,,,,,
,,1955,,,,,,,,,,,,,,,,,,  ,,,,,,,,,,,,,,,  ,,,,,,  ,,  ,,,,,,,,,,,,,,,,,,
,,1956,,,,,,,,,,,,,,,,,,  ,,,,,,,,,,,,,,,  ,,,,,,  ,,  ,,,,,,,,,,,,,,,,,,
,,1957,,,,,,,,,,,,,,,,,,  ,,,,,,,,,,,,,,,  ,,,,,,  ,,  ,,,,,,,,,,,,,,,,,,
,,1958,,,,,,,,,,,,,,,,,,  ,,,,,,,,,,,,,,,  ,,,,,,  ,,  ,,,,,,,,,,,,,,,,,,
,,1959,,,,,,,,,,,,,,,,,,  ,,,,,,,,,,,,,,,  ,,,,,,  ,,  ,,,,,,,,,,,,,,,,,,
,,1960,,,,,,,,,,,,,,,,,,  ,,,,,,,,,,,,,,,  ,,,,,,  ,,  ,,,,,,,,,,,,,,,,,,
,,1961,,,,,,,,,,,,,,,,,,  ,,,,,,,,,,,,,,,  ,,,,,,  ,,  ,,,,,,,,,,,,,,,,,,
,,1962,,,,,,,,,,,,,,,,,,  ,,,,,,,,,,,,,,,  ,,,,,,  ,,  ,,,,,,,,,,,,,,,,,,
,,1963,,,,,,,,,,,,,,,,,,  ,,,,,,,,,,,,,,,  ,,,,,,  ,,  ,,,,,,,,,,,,,,,,,,
,,1964,,,,,,,,,,,,,,,,,,  ,,,,,,,,,,,,,,,  ,,,,,,  ,,  ,,,,,,,,,,,,,,,,,,
,,1965,,,,,,,,,,,,,,,,,,  ,,,,,,,,,,,,,,,  ,,,,,,  ,,  ,,,,,,,,,,,,,,,,,,
,,1966,,,,,,,,,,,,,,,,,,  ,,,,,,,,,,,,,,,  ,,,,,,  ,,  ,,,,,,,,,,,,,,,,,,
,,1967,,,,,,,,,,,,,,,,,,  ,,,,,,,,,,,,,,,  ,,,,,,  ,,  ,,,,,,,,,,,,,,,,,,
,,1968,,,,,,,,,,,,,,,,,,  ,,,,,,,,,,,,,,,  ,,,,,,  ,,  ,,,,,,,,,,,,,,,,,,
,,1969,,,,,,,,,,,,,,,,,,  ,,,,,,,,,,,,,,,  ,,,,,,  ,,  ,,,,,,,,,,,,,,,,,,
,,1970,,,,,,,,,,,,,,,,,,  ,,,,,,,,,,,,,,,  ,,,,,,  ,,  ,,,,,,,,,,,,,,,,,,
,,1971,,,,,,,,,,,,,,,,,,  ,,,,,,,,,,,,,,,  ,,,,,,  ,,  ,,,,,,,,,,,,,,,,,,
,,1972,,,,,,,,,,,,,,,,,,  ,,,,,,,,,,,,,,,  ,,,,,,  ,,  ,,,,,,,,,,,,,,,,,,
,,1973,,,,,,,,,,,,,,,,,,  ,,,,,,,,,,,,,,,  ,,,,,,  ,,  ,,,,,,,,,,,,,,,,,,
,,1974,,,,,,,,,,,,,,,,,,  ,,,,,,,,,,,,,,,  ,,,,,,  ,,  ,,,,,,,,,,,,,,,,,,
,,1975,,,,,,,,,,,,,,,,,,  ,,,,,,,,,,,,,,,  ,,,,,,  ,,  ,,,,,,,,,,,,,,,,,,
,,1976,,,,,,,,,,,,,,,,,,  ,,,,,,,,,,,,,,,  ,,,,,,  ,,  ,,,,,,,,,,,,,,,,,,
,,1977,,,,,,,,,,,,,,,,,,  ,,,,,,,,,,,,,,,  ,,,,,,  ,,  ,,,,,,,,,,,,,,,,,,
,,1978,,,,,,,,,,,,,,,,,,  ,,,,,,,,,,,,,,,  ,,,,,,  ,,  ,,,,,,,,,,,,,,,,,,
,,1979,,,,,,,,,,,,,,,,,,  ,,,,,,,,,,,,,,,  ,,,,,,  ,,  ,,,,,,,,,,,,,,,,,,
,,1980,,,,,,,,,,,,,,,,,,  ,,,,,,,,,,,,,,,  ,,,,,,  ,,  ,,,,,,,,,,,,,,,,,,
,,1981,,,,,,,,,,,,,,,,,,  ,,,,,,,,,,,,,,,  ,,,,,,  ,,  ,,,,,,,,,,,,,,,,,,
,,1982,,,,,,,,,,,,,,,,,,  ,,,,,,,,,,,,,,,  ,,,,,,  ,,  ,,,,,,,,,,,,,,,,,,
,,1983,,,,,,,,,,,,,,,,,,  ,,,,,,,,,,,,,,,  ,,,,,,  ,,  ,,,,,,,,,,,,,,,,,,
,,1984,,,,,,,,,,,,,,,,,,  ,,,,,,,,,,,,,,,  ,,,,,,  ,,  ,,,,,,,,,,,,,,,,,,
,,1985,,,,,,,,,,,,,,,,,,  ,,,,,,,,,,,,,,,  ,,,,,,  ,,  ,,,,,,,,,,,,,,,,,,
,,1986,,,,,,,,,,,,,,,,,,  ,,,,,,,,,,,,,,,  ,,,,,,  ,,  ,,,,,,,,,,,,,,,,,,
,,1987,,,,,,,,,,,,,,,,,,  ,,,,,,,,,,,,,,,  ,,,,,,  ,,  ,,,,,,,,,,,,,,,,,,
,,1988,,,,,,,,,,,,,,,,,,  ,,,,,,,,,,,,,,,  ,,,,,,  ,,  ,,,,,,,,,,,,,,,,,,
,,1989,,,,,,,,,,,,,,,,,,  ,,,,,,,,,,,,,,,  ,,,,,,  ,,  ,,,,,,,,,,,,,,,,,,
,,1990,,,,,,,,,,,,,,,,,,  ,,,,,,,,,,,,,,,  ,,,,,,  ,,  ,,,,,,,,,,,,,,,,,,
,,1991,,,,,,,,,,,,,,,,,,  ,,,,,,,,,,,,,,,  ,,,,,,  ,,  ,,,,,,,,,,,,,,,,,,
,,1992,,,,,,,,,,,,,,,,,,  ,,,,,,,,,,,,,,,  ,,,,,,  ,,  ,,,,,,,,,,,,,,,,,,
,,1993,,,,,,,,,,,,,,,,,,  ,,,,,,,,,,,,,,,  ,,,,,,  ,,  ,,,,,,,,,,,,,,,,,,
,,1994,,,,,,,,,,,,,,,,,,  ,,,,,,,,,,,,,,,  ,,,,,,  ,,  ,,,,,,,,,,,,,,,,,,
,,1995,,,,,,,,,,,,,,,,,,  ,,,,,,,,,,,,,,,  ,,,,,,  ,,  ,,,,,,,,,,,,,,,,,,
,,1996,,,,,,,,,,,,,,,,,,  ,,,,,,,,,,,,,,,  ,,,,,,  ,,  ,,,,,,,,,,,,,,,,,,
,,1997,,,,,,,,,,,,,,,,,,  ,,,,,,,,,,,,,,,  ,,,,,,  ,,  ,,,,,,,,,,,,,,,,,,
,,1998,,,,,,,,,,,,,,,,,,  ,,,,,,,,,,,,,,,  ,,,,,,  ,,  ,,,,,,,,,,,,,,,,,,
,,1999,,,,,,,,,,,,,,,,,,  ,,,,,,,,,,,,,,,  ,,,,,,  ,,  ,,,,,,,,,,,,,,,,,,
,,2000,,,,,,,,,,,,,,,,,,  ,,,,,,,,,,,,,,,  ,,,,,,  ,,  ,,,,,,,,,,,,,,,,,,