,,,,,,,,,,,,,,,,,,,,,,,,,,,,,,,,,,,,,,,,,,,,,,,,,,,,,,
,,,,,,,,,,,,,,,,,,,Quick Stats,Quick Stats,,,,,,,,,,,,,,,,,,,,,Fixed ,,Variable,,,,,,,,,,,
,,,,,,,,,,,,,,,,,,,,,,,,,,,,,,,,,,,,,,,,,,,,,,,,,,,,,,
,,Journal,,,,,,,,,,,Date:,August 19,,,,,Starting Account Balance  ," $ 5,000.00 ",Deposits  ,$0.00,, Total Trades ,51, Winning Trades  ,18,Consecutive Wins  ,4,Expectancy  , $ 10.44 ,, Avg Trade Duration ,"0 days, 1 hours, 21 minutes",,,,,Choose the Type of Commission,,Fixed Commission,,"Forex
Commission",Indices Commission,Stocks Commission,Commodities Commission,,,Crypto Commission,,,,,
,,,,,,,,,,,,,,,,,,,Closed Position PnL  , $ 564.32 ,,,,,, Losing Trades  ,31,Consecutive Losses  ,17, Profit Factor  , $ 2.15 ,, Avg Winner Duration ,"0 days, 1 hours, 40 minutes",,,,,,,,,,,,,,,,,,,,
,,,,,,,,,,,,,Time:,15:33,,,,,% Realized PnL  ,+11.29%,Withdrawals  ,$0.00,, Win Rate ,35.29%, B/E Trades  ,2, Average Win  , $ 58.61 , Max DD %  ,-1.47%,, Avg Loser Duration ,"0 days, 1 hours, 13 minutes",,,,,TRUE,,$5.00,,$7.00,$0.00,$11.00,$5.00,,,$10.00,,,,,
,,,,,,,,,,,,,,,,,,,Account Balance  ," $ 5,564.32 ",,,,,, Average RRR  ,3.70 R, Average Loss  , $ (15.83),Absolute DD %  ,-1.47%,, Fees & Commissions , $ -   ,,,,,Fixed,,,,,,,,,,,,,,,
,,,,,,,,,,,,,,,,,,,,,,,,,,,,,,,,,,,,,,,,,,,,,,,,,,,,,,
,,,,,,,,,,,,,,,,,,,,,,,,,,,,,,,,,,,,,,,,,,,,,,,,,,,,,,
,,,,,,,,,,,,,,,,,,,,,,,,,,,,,,,,,,,,,,,,,,,,,,,,,,,,,,
,,,,,,,,,,,,,,,,,,,,,,,,,,,,,,,,,,,,,,,,,,,,,,,,,Trade Screenshots,,,,,
,,#,Status,Market,Instrument,,,,Strategy,,Position,,Session,Entry Date & Time,,Day,Exit Date & Time,,Trade Duration,  Balance ,Position Size,Entry Price,SL,SL in Pips/Points,TP, TP in Pips/Points ,Exit price,Realized Pips/Points,Expected R:R,Risk %,Target Gain %,, Gross PnL ,Gross Change %, Commission ,, Swap Fee,, Net PnL,, Cumulative PnL,, Closed Balance ,Net Change %,Growth % ,Transactions,#2,#3,HTF,,LTF,Class,ESM,Comments
,,1,WIN,Forex, AUDCHF ,,,, Strategy 1 ,,Long,,N.Y,13/02/2025 18:15,,Thursday,13/02/2025 20:15,,"0 days, 2 hours, 0 minutes"," $ 5,000.00 ",,0.56845,0.56795,5,0.57018,17.3,,,3.46 R,0.17%,0.57%,,$28.69,0.57%,  ,,,,$28.69,, $ 28.69 ,," $ 5,028.69 ",0.57%,0.57%,,$1.00,$1.00,,,,A,A,
,,2,LOSS,Forex, GBPCHF ,,,, Strategy 1 ,,Short,,London,14/02/2025 13:00,,Friday,14/02/2025 13:23,,"0 days, 0 hours, 23 minutes"," $ 5,028.69 ",,1.13447,1.13485,3.8,1.13317,13,1.13485,-3.8,3.42 R,0.19%,0.64%,,-$32.43,-0.64%,  ,,,,-$32.43,, $ (3.74),," $ 4,996.26 ",-0.64%,-0.07%,,$2.00,$1.00,,,,A,A+,News Event at 1:30.  SL hunters may have been out. Happy I got bias right. 
,,3,LOSS,Forex, EURJPY ,,,, Strategy 1 ,,Short,,London,18/02/2025 07:57,,Tuesday,18/02/2025 08:00,,"0 days, 0 hours, 3 minutes"," $ 4,996.26 ",,159.071,159.139,6.8,158.841,23,159.139,-6.8,3.38 R,0.10%,0.35%,,-$17.36,-0.35%,  ,,,,-$17.36,, $ (21.10),," $ 4,978.90 ",-0.35%,-0.42%,,$3.00,$1.00,,,,A+,A,"Good setup trade, got bias right, just got liq swept on london open"
,,4,LOSS,Forex, GBPUSD ,,,, Strategy 1 ,,Short,,London,20/02/2025,,Thursday,20/02/2025,,"0 days, 0 hours, 0 minutes"," $ 4,978.90 ",,1.2613,1.26273,14.3,1.25628,50.2,1.26273,-14.3,3.51 R,0.10%,0.36%,,-$17.81,-0.36%,  ,,,,-$17.81,, $ (38.91),," $ 4,961.09 ",-0.36%,-0.78%,,$4.00,$1.00,,,,A,,
,,5,LOSS,Forex, EURJPY ,,,, Strategy 1 ,,Short,,N.Y,24/02/2025 18:56,,Monday,24/02/2025 19:04,,"0 days, 0 hours, 8 minutes"," $ 4,961.09 ",,156.774,156.83,5.6,156.579,19.5,156.83,-5.6,3.48 R,0.06%,0.19%,,-$9.56,-0.19%,  ,,,,-$9.56,, $ (48.47),," $ 4,951.53 ",-0.19%,-0.97%,,$5.00,$1.00,,,,B,A+,HTF wasnt clear
,,6,LOSS,Forex, AUDCAD ,,,, Strategy 1 ,,Short,,London,04/03/2025 11:54,,Tuesday,04/03/2025 12:12,,"0 days, 0 hours, 18 minutes"," $ 4,951.53 ",,0.89858,0.89915,5.7,0.89657,20.1,0.89915,-5.7,3.53 R,0.14%,0.50%,,-$24.85,-0.50%,  ,,,,-$24.85,, $ (73.32),," $ 4,926.68 ",-0.50%,-1.47%,,$6.00,$1.00,,,,B,A+,"Incorrect bias, lack of HTF understanding, "
,,7,WIN,Forex, EURJPY ,,,, Strategy 1 ,,Short,,N.Y,06/03/2025 16:00,,Thursday,06/03/2025 18:00,,"0 days, 2 hours, 0 minutes"," $ 4,926.68 ",,160.632,161.066,43.4,159.14,149.2,159.14,149.2,3.44 R,0.48%,1.64%,,$80.60,1.64%,  ,,,,$80.60,, $ 7.28 ,," $ 5,007.28 ",1.64%,0.15%,,$7.00,$1.00,,,,A+,A+,Perfect setup - great trade - nice price action - textbook setup
,,8,WIN,Forex, EURJPY ,,,, Strategy 1 ,,Long,,N.Y,07/03/2025 14:31,,Friday,07/03/2025 14:35,,"0 days, 0 hours, 4 minutes"," $ 5,007.28 ",,159.709,159.61,9.9,160.047,33.8,160.047,33.8,3.41 R,0.20%,0.69%,,$34.75,0.69%,  ,,,,$34.75,, $ 42.03 ,," $ 5,042.03 ",0.69%,0.84%,,$8.00,$1.00,,,,A,A+,Great scalp - saw setup late - typical channel pattern example
,,9,WIN,Forex, EURJPY ,,,, Strategy 1 ,,Short,,N.Y,07/03/2025 14:39,,Friday,07/03/2025 15:36,,"0 days, 0 hours, 57 minutes"," $ 5,042.03 ",,160.255,160.45,19.5,159.58,67.5,159.58,67.5,3.46 R,0.19%,0.65%,,$32.85,0.65%,  ,,,,$32.85,, $ 74.88 ,," $ 5,074.88 ",0.65%,1.50%,,$9.00,$1.00,,,,B,A+,Good trade - No RSI or FVG
,,10,WIN,Forex, EURJPY ,,,, Strategy 1 ,,Short,,London,10/03/2025 09:45,,Monday,10/03/2025 11:05,,"0 days, 1 hours, 20 minutes"," $ 5,074.88 ",,159.89,160.109,21.9,159.037,85.3,159.037,85.3,3.89 R,0.41%,1.58%,,$80.00,1.58%,  ,,,,$80.00,, $ 154.88 ,," $ 5,154.88 ",1.58%,3.10%,,$10.00,$1.00,,,,A,A+,Good trade - fast candle to downside 
,,11,LOSS,Forex, EURJPY ,,,, Strategy 1 ,,Short,,London,11/03/2025 08:00,,Tuesday,11/03/2025 08:45,,"0 days, 0 hours, 45 minutes"," $ 5,154.88 ",,160.195,160.567,37.2,158.883,131.2,160.567,-37.2,3.53 R,0.12%,0.44%,,-$22.61,-0.44%,  ,,,,-$22.61,, $ 132.27 ,," $ 5,132.27 ",-0.44%,2.65%,,$11.00,$1.00,,,,B,A+,Wrong bias - didnt look the best after reviewing
,,12,WIN,Forex, EURJPY ,,,, Strategy 1 ,,Long,,London,11/03/2025 11:00,,Tuesday,11/03/2025 14:00,,"0 days, 3 hours, 0 minutes"," $ 5,132.27 ",,0.90511,0.90436,0.075,0.90772,0.261,0.90772,0.261,3.48 R,0.47%,1.65%,,$84.70,1.65%,  ,,,,$84.70,, $ 216.97 ,," $ 5,216.97 ",1.65%,4.34%,,$12.00,$1.00,,,,A,A+,Right Bias - Nice trade - Ran up quick 
,,13,WIN,Forex, EURJPY ,,,, Strategy 1 ,,Short,,London,12/03/2025 11:12,,Wednesday,12/03/2025 11:36,,"0 days, 0 hours, 24 minutes"," $ 5,216.97 ",,162.268,162.322,5.4,162.075,19.3,162.075,19.3,3.57 R,0.16%,0.58%,,$30.18,0.58%,  ,,,,$30.18,, $ 247.15 ,," $ 5,247.15 ",0.58%,4.94%,,$13.00,$1.00,,,,A+,A+,Shorting to HTF Long Entry - Mitigated FVG
,,14,WIN,Forex, EURJPY ,,,, Strategy 1 ,,Long,,N.Y,12/03/2025 15:08,,Wednesday,12/03/2025 15:24,,"0 days, 0 hours, 16 minutes"," $ 5,247.15 ",,161.729,161.656,7.3,161.989,26,161.989,26,3.56 R,0.18%,0.65%,,$34.32,0.65%,  ,,,,$34.32,, $ 281.47 ,," $ 5,281.47 ",0.65%,5.63%,,$14.00,$1.00,,,,A,A+,No FVG - Following Bullish price as price went into dicount already
,,15,LOSS,Forex, EURJPY ,,,, Strategy 1 ,,Short,,London,13/03/2025 08:56,,Thursday,13/03/2025 09:12,,"0 days, 0 hours, 16 minutes"," $ 5,281.47 ",,160.841,160.88,3.9,160.704,13.7,160.88,-3.9,3.51 R,0.04%,0.14%,,-$7.34,-0.14%,  ,,,,-$7.34,, $ 274.13 ,," $ 5,274.13 ",-0.14%,5.48%,,$15.00,$1.00,,,,C,A,Shouldnt have taken this - Not clear - Almost hit tp
,,16,WIN,Forex, EURJPY ,,,, Strategy 1 ,,Short,,London,13/03/2025 09:36,,Thursday,13/03/2025 12:06,,"0 days, 2 hours, 30 minutes"," $ 5,274.13 ",,161.183,161.404,22.1,160.416,76.7,160.416,76.7,3.47 R,0.45%,1.57%,,$82.99,1.57%,  ,,,,$82.99,, $ 357.12 ,," $ 5,357.12 ",1.57%,7.14%,,$16.00,$1.00,,,,A,A+,Great trade - Shorted into discount after already going into discount
,,17,LOSS,Forex, EURJPY ,,,, Strategy 1 ,,Long,,London,14/03/2025 07:00,,Friday,14/03/2025 07:01,,"0 days, 0 hours, 1 minutes"," $ 5,357.12 ",,161.087,161.041,4.6,161.242,15.5,161.041,-4.6,3.37 R,0.03%,0.00%,,-$4.95,-0.09%,  ,,,,-$4.95,, $ 352.17 ,," $ 5,352.17 ",-0.09%,7.04%,,$17.00,$1.00,,,,,,
,,18,WIN,Forex, EURJPY ,,,, Strategy 1 ,,Long,,London,14/03/2025 07:30,,Friday,14/03/2025 08:30,,"0 days, 1 hours, 0 minutes"," $ 5,352.17 ",,161.191,161.073,11.8,161.556,36.5,161.556,36.5,3.09 R,0.06%,0.19%,,$10.00,0.19%,  ,,,,$10.00,, $ 362.17 ,," $ 5,362.17 ",0.19%,7.24%,,$18.00,$1.00,,,,,,
,,19,WIN,Forex, EURJPY ,,,, Strategy 1 ,,Long,,London,17/03/2025 07:30,,Monday,17/03/2025 12:45,,"0 days, 5 hours, 15 minutes"," $ 5,362.17 ",,161.818,161.695,12.3,162.259,44.1,162.259,44.1,3.59 R,0.32%,1.13%,,$60.64,1.13%,  ,,,,$60.64,, $ 422.81 ,," $ 5,422.81 ",1.13%,8.46%,,$19.00,$1.00,,,,A,C,Fearful so took out 1/3 - bad mentality - almost wicked on news
,,20,LOSS,Forex, EURJPY ,,,, Strategy 1 ,,Short,,Asia,17/03/2025 20:30,,Monday,17/03/2025 20:45,,"0 days, 0 hours, 15 minutes"," $ 5,422.81 ",,162.946,162.995,4.9,162.78,16.6,162.78,16.6,3.39 R,0.08%,0.28%,,-$15.11,-0.28%,  ,,,,-$15.11,, $ 407.70 ,," $ 5,407.70 ",-0.28%,8.15%,,$20.00,$1.00,,,,B,A+,Saw MSS and shorted into HTF discount - didnt happen - lack of confluences
,,21,LOSS,Forex, EURJPY ,,,, Strategy 1 ,,Long,,London,18/03/2025 11:51,,Tuesday,18/03/2025 13:42,,"0 days, 1 hours, 51 minutes"," $ 5,407.70 ",,163.446,163.231,21.5,164.18,73.4,163.231,-21.5,3.41 R,0.10%,0.00%,,-$18.39,-0.34%,  ,,,,-$18.39,, $ 389.31 ,," $ 5,389.31 ",-0.34%,7.79%,,$21.00,$1.00,,,,A,C,Fearful - took position out when in loss - not the ideal price action
,,22,LOSS,Forex, AUDCAD ,,,, Strategy 1 ,,Short,,London,18/03/2025 07:30,,Tuesday,18/03/2025 10:15,,"0 days, 2 hours, 45 minutes"," $ 5,389.31 ",,0.91228,0.91273,4.5,0.91072,15.6,0.91273,-4.5,3.47 R,0.14%,0.48%,,-$26.07,-0.48%,  ,,,,-$26.07,, $ 363.24 ,," $ 5,363.24 ",-0.48%,7.26%,,$22.00,$1.00,,,,A,A+,Great looking trade - Got bias right - Just got wicked out 
,,23,LOSS,Forex, EURJPY ,,,, Strategy 1 ,,Long,,London,19/03/2025 06:57,,Wednesday,19/03/2025 07:00,,"0 days, 0 hours, 3 minutes"," $ 5,363.24 ",,163.436,163.335,10.1,163.793,35.7,163.335,-10.1,3.53 R,0.13%,0.00%,,-$24.35,-0.45%,  ,,,,-$24.35,, $ 338.89 ,," $ 5,338.89 ",-0.45%,6.78%,,$23.00,$1.00,,,,A,D,Accidently closed TP not WHOLE POSITION - silly mistake - nasty flash crash in morning
,,24,LOSS,Forex, EURJPY ,,,, Strategy 1 ,,Short,,London,19/03/2025 09:51,,Wednesday,19/03/2025 09:52,,"0 days, 0 hours, 1 minutes"," $ 5,338.89 ",,163.338,163.369,3.1,163.226,11.2,163.369,-3.1,3.61 R,0.03%,0.11%,,-$5.68,-0.11%,  ,,,,-$5.68,, $ 333.21 ,," $ 5,333.21 ",-0.11%,6.66%,,$24.00,$1.00,,,,B,C,Wanted to find a trade - got wicked out reached tp 
,,25,LOSS,Forex, AUDCAD ,,,, Strategy 1 ,,Long,,N.Y,19/03/2025 13:15,,Wednesday,19/03/2025 13:30,,"0 days, 0 hours, 15 minutes"," $ 5,333.21 ",,0.90621,0.90581,4,0.90761,14,0.90581,-4,3.5 R,0.15%,0.59%,,-$28.60,-0.54%,  ,,,,-$28.60,, $ 304.61 ,," $ 5,304.61 ",-0.54%,6.09%,,$25.00,$1.00,,,,A,A+,Minset was off due to losing in the day
,,26,LOSS,Forex, EURJPY ,,,, Strategy 1 ,,Long,,N.Y,19/03/2025 14:39,,Wednesday,19/03/2025 14:45,,"0 days, 0 hours, 6 minutes"," $ 5,304.61 ",,163.322,163.229,9.3,163.648,32.6,163.227,-9.5,3.51 R,0.05%,0.00%,,-$9.72,-0.18%,  ,,,,-$9.72,, $ 294.89 ,," $ 5,294.89 ",-0.18%,5.90%,,$26.00,$1.00,,,,C,B,Looking for a trade - the flash crash made it hard to undestand bias
,,27,LOSS,Forex, EURJPY ,,,, Strategy 1 ,,Short,,London,24/03/2025 06:15,,Monday,24/03/2025 06:30,,"0 days, 0 hours, 15 minutes"," $ 5,294.89 ",,162.221,162.286,6.5,161.992,22.9,162.286,-6.5,3.52 R,0.13%,0.47%,,-$25.00,-0.47%,  ,,,,-$25.00,, $ 269.89 ,," $ 5,269.89 ",-0.47%,5.40%,,$27.00,$1.00,,,,A,A+,15 min allignment - not 4H allignment 
,,28,LOSS,Forex, EURJPY ,,,, Strategy 1 ,,Short,,N.Y,24/03/2025 15:58,,Monday,24/03/2025 15:58,,"0 days, 0 hours, 0 minutes"," $ 5,269.89 ",,162.687,162.726,3.9,162.555,13.2,162.726,-3.9,3.38 R,0.06%,0.19%,,-$10.09,-0.19%,  ,,,,-$10.09,, $ 259.80 ,," $ 5,259.80 ",-0.19%,5.20%,,$28.00,$1.00,,,,A,A+,Failed channel pattern - respected the lowest TF premium/discount zone
,,29,LOSS,Forex, EURJPY ,,,, Strategy 1 ,,Long,,London,25/03/2025 12:30,,Tuesday,25/03/2025 13:45,,"0 days, 1 hours, 15 minutes"," $ 5,259.80 ",,162.262,162.043,21.9,163.026,76.4,162.043,-21.9,3.49 R,0.13%,0.00%,,-$24.64,-0.47%,  ,,,,-$24.64,, $ 235.16 ,," $ 5,235.16 ",-0.47%,4.70%,,$29.00,$1.00,,,,A,A,4H bullish - Used a larger TF swing - I used the base of a RBR
,,30,LOSS,Forex, EURJPY ,,,, Strategy 1 ,,Long,,N.Y,26/03/2025 17:15,,Wednesday,26/03/2025 17:15,,"0 days, 0 hours, 0 minutes"," $ 5,235.16 ",,162.444,162.421,2.3,162.523,7.9,162.421,-2.3,3.43 R,0.06%,0.00%,,-$10.00,-0.19%,  ,,,,-$10.00,, $ 225.16 ,," $ 5,225.16 ",-0.19%,4.50%,,$30.00,$1.00,,,,A+,A+,DXY pumped hard 
,,31,LOSS,Forex, EURJPY ,,,, Strategy 1 ,,Short,,N.Y,27/03/2025 12:00,,Thursday,27/03/2025 12:02,,"0 days, 0 hours, 2 minutes"," $ 5,225.16 ",,162.892,162.954,6.2,162.677,21.5,162.954,-6.2,3.47 R,0.06%,0.19%,,-$10.00,-0.19%,  ,,,,-$10.00,, $ 215.16 ,," $ 5,215.16 ",-0.19%,4.30%,,$31.00,$1.00,,,,A,A+,Got bias right - just got wicked out - more common for 1m scalps
,,32,LOSS,Forex, EURJPY ,,,, Strategy 1 ,,Long,,N.Y,27/03/2025 17:29,,Thursday,27/03/2025 17:40,,"0 days, 0 hours, 11 minutes"," $ 5,215.16 ",,163.1,163.048,5.2,163.362,26.2,163.048,-5.2,5.04 R,0.04%,0.00%,,-$10.00,-0.19%,  ,,,,-$10.00,, $ 205.16 ,," $ 5,205.16 ",-0.19%,4.10%,,$32.00,$1.00,,,,A+,A,High prob setup - need to look how it changes on 1m
,,33,LOSS,Forex, EURJPY ,,,, Strategy 1 ,,Long,,N.Y,28/03/2025 16:45,,Friday,28/03/2025 17:05,,"0 days, 0 hours, 20 minutes"," $ 5,205.16 ",,162.459,162.357,10.2,162.927,46.8,162.357,-10.2,4.59 R,0.04%,0.00%,,-$10.00,-0.19%,  ,,,,-$10.00,, $ 195.16 ,," $ 5,195.16 ",-0.19%,3.90%,,$33.00,$1.00,,,,C,A+,Should have noticed the bearish LS for swing high -
,,34,LOSS,Forex, EURJPY ,,,, Strategy 1 ,,Short,,N.Y,01/04/2025 21:45,,Tuesday,01/04/2025 23:00,,"0 days, 1 hours, 15 minutes"," $ 5,195.16 ",,161.473,161.591,11.8,161.063,41,161.591,-11.8,3.47 R,0.11%,0.38%,,-$19.79,-0.38%,  ,,,,-$19.79,, $ 175.37 ,," $ 5,175.37 ",-0.38%,3.51%,,$34.00,$1.00,,,,B,A+,Wanted to scale into a HTF move
,,35,LOSS,Forex, EURJPY ,,,, Strategy 1 ,,Short,,London,02/04/2025 10:00,,Wednesday,03/04/2025 10:12,,"1 days, 0 hours, 12 minutes"," $ 5,175.37 ",,161.608,161.682,7.4,161.357,25.1,161.682,-7.4,3.39 R,0.06%,0.20%,,-$10.10,-0.20%,  ,,,,-$10.10,, $ 165.27 ,," $ 5,165.27 ",-0.20%,3.31%,,$35.00,$1.00,,,,B,A+,Sticking to the HTF bearish bias - Got wicked out
,,36,LOSS,Forex, EURJPY ,,,, Strategy 1 ,,Short,,London,02/04/2025 14:30,,Wednesday,02/04/2025 14:42,,"0 days, 0 hours, 12 minutes"," $ 5,165.27 ",,161.511,161.628,11.7,161.102,40.9,161.628,-11.7,3.5 R,0.05%,0.19%,,-$9.56,-0.19%,  ,,,,-$9.56,, $ 155.71 ,," $ 5,155.71 ",-0.19%,3.11%,,$36.00,$1.00,,,,A,A+,Sticking to the HTF bearish bias - Got HTF bias wrong ultimately
,,37,B/E,Forex, EURJPY ,,,, Strategy 1 ,,Long,,London,07/04/2025 09:32,,Monday,07/04/2025 09:43,,"0 days, 0 hours, 11 minutes"," $ 5,155.71 ",,160.306,160.169,13.7,160.78,47.4,160.78,47.4,3.46 R,0.00%,0.00%,,$0.00,0.00%,  ,,,,$0.00,, $ 155.71 ,," $ 5,155.71 ",0.00%,3.11%,,$37.00,$1.00,,,,C,A+,"Scalp, lack of confluences but PA was nice, lack of spread so no hit"
,,38,LOSS,Forex, GBPUSD ,,,, Strategy 1 ,,Long,,London,07/04/2025 13:06,,Monday,07/04/2025 13:12,,"0 days, 0 hours, 6 minutes"," $ 5,155.71 ",,1.28116,1.2807,4.6,1.2832,20.4,1.2807,-4.6,4.43 R,0.04%,0.15%,,-$10.00,-0.19%,  ,,,,-$10.00,, $ 145.71 ,," $ 5,145.71 ",-0.19%,2.91%,,$38.00,$1.00,,,,A,A+,Channel pattern - got wicked - maybe use full sweing as SL as opposed to 0.9 - HTF allignment with a higher TP too 
,,39,WIN,Forex, GBPUSD ,,,, Strategy 1 ,,Short,,N.Y,07/04/2025 13:42,,Monday,07/04/2025 14:48,,"0 days, 1 hours, 6 minutes"," $ 5,145.71 ",,1.28444,1.28548,10.4,1.27869,57.5,1.27869,57.5,5.53 R,0.44%,2.46%,,$126.39,2.46%,  ,,,,$126.39,, $ 272.10 ,," $ 5,272.10 ",2.46%,5.44%,,$39.00,$1.00,,,,A+,A,Great setup - wanted to take longet TP as conlfuence at 1.382 
,,40,WIN,Forex, GBPUSD ,,,, Strategy 1 ,,Long,,London,08/04/2025 09:11,,Tuesday,08/04/2025 10:47,,"0 days, 1 hours, 36 minutes"," $ 5,272.10 ",,1.27348,1.27176,17.2,1.27965,61.7,1.28,65.2,3.59 R,0.16%,0.58%,,$30.80,0.58%,  ,,,,$30.80,, $ 302.90 ,," $ 5,302.90 ",0.58%,6.06%,,$40.00,$1.00,,,,A,D,Great setup - micromananged it too much when would have ran to full TP
,,41,WIN,Forex, GBPUSD ,,,, Strategy 1 ,,Long,,N.Y,09/04/2025 12:30,,Wednesday,09/04/2025 18:15,,"0 days, 5 hours, 45 minutes"," $ 5,302.90 ",,0.50295,0.50084,21.1,0.51024,72.9,0.51024,72.9,3.45 R,0.46%,1.58%,,$83.97,1.58%,  ,,,,$83.97,, $ 386.87 ,," $ 5,386.87 ",1.58%,7.74%,,$41.00,$1.00,,,,A,A+,Nice setup - News on TP - would have been monster if held to 1.32
,,42,LOSS,Forex, GBPUSD ,,,, Strategy 1 ,,Short,,London,11/04/2025 10:42,,Friday,11/04/2025 10:46,,"0 days, 0 hours, 4 minutes"," $ 5,386.87 ",,1.31183,1.31291,10.8,1.30673,51,1.31291,-10.8,4.72 R,0.07%,0.31%,,-$16.64,-0.31%,  ,,,,-$16.64,, $ 370.23 ,," $ 5,370.23 ",-0.31%,7.40%,,$42.00,$1.00,,,,B,A,Wrong Bias - Weird PA - Respected the Base (rally base rally) 50% swing instead of HTF swing
,,43,LOSS,Forex, GBPUSD ,,,, Strategy 1 ,,Short,,London,11/04/2025 10:55,,Friday,11/04/2025 11:55,,"0 days, 1 hours, 0 minutes"," $ 5,370.23 ",,0.50969,0.51112,14.3,0.50424,54.5,0.51112,-14.3,3.81 R,0.12%,0.47%,,-$25.00,-0.47%,  ,,,,-$25.00,, $ 345.23 ,," $ 5,345.23 ",-0.47%,6.90%,,$43.00,$1.00,,,,A,A+,No reason to assume bullish 
,,44,LOSS,Forex, AUDCHF ,,,, Strategy 1 ,,Short,,London,14/04/2025 09:15,,Monday,14/04/2025 10:00,,"0 days, 0 hours, 45 minutes"," $ 5,345.23 ",,0.51787,0.51829,4.2,0.5164,14.7,0.51829,-4.2,3.5 R,0.05%,0.18%,,-$9.77,-0.18%,  ,,,,-$9.77,, $ 335.46 ,," $ 5,335.46 ",-0.18%,6.71%,,$44.00,$1.00,,,,A,A+,Reviewed in jounrnal
,,45,WIN,Forex, EURJPY ,,,, Strategy 1 ,,Short,,London,14/04/2025 13:45,,Monday,14/04/2025 14:00,,"0 days, 0 hours, 15 minutes"," $ 5,335.46 ",,163.056,163.131,7.5,162.689,36.7,162.689,36.7,4.89 R,0.19%,0.91%,,$48.50,0.91%,  ,,,,$48.50,, $ 383.96 ,," $ 5,383.96 ",0.91%,7.68%,,$45.00,$1.00,,,,A,A+,Reviewed in jounrnal
,,46,LOSS,Forex, GBPUSD ,,,, Strategy 1 ,,Short,,London,15/04/2025 11:07,,Tuesday,15/04/2025 11:29,,"0 days, 0 hours, 22 minutes"," $ 5,383.96 ",,1.32434,1.32475,4.1,1.32293,14.1,1.32475,-4.1,3.44 R,0.06%,0.20%,,-$10.67,-0.20%,  ,,,,-$10.67,, $ 373.29 ,," $ 5,373.29 ",-0.20%,7.47%,,$46.00,$1.00,,,,C,A+,Reviewed in jounrnal
,,47,WIN,Forex, GBPUSD ,,,, Strategy 1 ,,Short,,London,15/04/2025 13:15,,Tuesday,15/04/2025 14:24,,"0 days, 1 hours, 9 minutes"," $ 5,373.29 ",,1.32416,1.32483,6.7,1.32185,23.1,1.32185,23.1,3.45 R,0.47%,1.60%,,$86.21,1.60%,  ,,,,$86.21,, $ 459.50 ,," $ 5,459.50 ",1.60%,9.19%,,$47.00,$1.00,,,,A,A+,Reviewed in Journal
,,48,B/E,Forex, AUDCHF ,,,, Strategy 1 ,,Short,,N.Y,17/04/2025 18:00,,Thursday,17/04/2025 19:00,,"0 days, 1 hours, 0 minutes"," $ 5,459.50 ",,0.52474,0.52508,3.4,0.52354,12,0.52474,0,3.53 R,0.00%,0.00%,,$0.00,0.00%,  ,,,,$0.00,, $ 459.50 ,," $ 5,459.50 ",0.00%,9.19%,,$48.00,$1.00,,,,B,A+,Step wokred - lack of spreads didnt trigger TP
,,49,LOSS,Forex, EURJPY ,,,, Strategy 1 ,,Long,,N.Y,21/04/2025 14:30,,Monday,21/04/2025 15:00,,"0 days, 0 hours, 30 minutes"," $ 5,459.50 ",,162.164,162.019,14.5,162.67,50.6,162.019,-14.5,3.49 R,0.08%,0.00%,,-$14.63,-0.27%,  ,,,,-$14.63,, $ 444.87 ,," $ 5,444.87 ",-0.27%,8.90%,,$49.00,$1.00,,,,C,A+,Reviewed in Journal
,,50,WIN,Forex, GBPUSD ,,,, Strategy 1 ,,Short,,N.Y,21/04/2025 15:00,,Monday,21/04/2025 16:05,,"0 days, 1 hours, 5 minutes"," $ 5,444.87 ",,1.34088,1.34173,8.5,1.33788,30,1.33788,30,3.53 R,0.35%,1.25%,,$67.85,1.25%,  ,,,,$67.85,, $ 512.72 ,," $ 5,512.72 ",1.25%,10.25%,,$50.00,$1.00,,,,A,A+,
,,51,WIN,Forex, AUDCAD ,,,, Strategy 1 ,,Short,,N.Y,22/04/2025 15:39,,Tuesday,22/04/2025 15:54,,"0 days, 0 hours, 15 minutes"," $ 5,512.72 ",,0.88514,0.88566,5.2,0.88333,18.1,0.88333,18.1,3.48 R,0.27%,0.94%,,$51.60,0.94%,  ,,,,$51.60,, $ 564.32 ,," $ 5,564.32 ",0.94%,11.29%,,$51.00,$1.00,,,,A,A+,
,,52,,,,,,,,,,,,,,,,,,  ,,,,,,,,,,,,,,,  ,,,,,,  ,,  ,,,,,,,,,,,
,,53,,,,,,,,,,,,,,,,,,  ,,,,,,,,,,,,,,,  ,,,,,,  ,,  ,,,,,,,,,,,
,,54,,,,,,,,,,,,,,,,,,  ,,,,,,,,,,,,,,,  ,,,,,,  ,,  ,,,,,,,,,,,
,,55,,,,,,,,,,,,,,,,,,  ,,,,,,,,,,,,,,,  ,,,,,,  ,,  ,,,,,,,,,,,
,,56,,,,,,,,,,,,,,,,,,  ,,,,,,,,,,,,,,,  ,,,,,,  ,,  ,,,,,,,,,,,
,,57,,,,,,,,,,,,,,,,,,  ,,,,,,,,,,,,,,,  ,,,,,,  ,,  ,,,,,,,,,,,
,,58,,,,,,,,,,,,,,,,,,  ,,,,,,,,,,,,,,,  ,,,,,,  ,,  ,,,,,,,,,,,
,,59,,,,,,,,,,,,,,,,,,  ,,,,,,,,,,,,,,,  ,,,,,,  ,,  ,,,,,,,,,,,
,,60,,,,,,,,,,,,,,,,,,  ,,,,,,,,,,,,,,,  ,,,,,,  ,,  ,,,,,,,,,,,
,,61,,,,,,,,,,,,,,,,,,  ,,,,,,,,,,,,,,,  ,,,,,,  ,,  ,,,,,,,,,,,
,,62,,,,,,,,,,,,,,,,,,  ,,,,,,,,,,,,,,,  ,,,,,,  ,,  ,,,,,,,,,,,
,,63,,,,,,,,,,,,,,,,,,  ,,,,,,,,,,,,,,,  ,,,,,,  ,,  ,,,,,,,,,,,
,,64,,,,,,,,,,,,,,,,,,  ,,,,,,,,,,,,,,,  ,,,,,,  ,,  ,,,,,,,,,,,
,,65,,,,,,,,,,,,,,,,,,  ,,,,,,,,,,,,,,,  ,,,,,,  ,,  ,,,,,,,,,,,
,,66,,,,,,,,,,,,,,,,,,  ,,,,,,,,,,,,,,,  ,,,,,,  ,,  ,,,,,,,,,,,
,,67,,,,,,,,,,,,,,,,,,  ,,,,,,,,,,,,,,,  ,,,,,,  ,,  ,,,,,,,,,,,
,,68,,,,,,,,,,,,,,,,,,  ,,,,,,,,,,,,,,,  ,,,,,,  ,,  ,,,,,,,,,,,
,,69,,,,,,,,,,,,,,,,,,  ,,,,,,,,,,,,,,,  ,,,,,,  ,,  ,,,,,,,,,,,
,,70,,,,,,,,,,,,,,,,,,  ,,,,,,,,,,,,,,,  ,,,,,,  ,,  ,,,,,,,,,,,
,,71,,,,,,,,,,,,,,,,,,  ,,,,,,,,,,,,,,,  ,,,,,,  ,,  ,,,,,,,,,,,
,,72,,,,,,,,,,,,,,,,,,  ,,,,,,,,,,,,,,,  ,,,,,,  ,,  ,,,,,,,,,,,
,,73,,,,,,,,,,,,,,,,,,  ,,,,,,,,,,,,,,,  ,,,,,,  ,,  ,,,,,,,,,,,
,,74,,,,,,,,,,,,,,,,,,  ,,,,,,,,,,,,,,,  ,,,,,,  ,,  ,,,,,,,,,,,
,,75,,,,,,,,,,,,,,,,,,  ,,,,,,,,,,,,,,,  ,,,,,,  ,,  ,,,,,,,,,,,
,,76,,,,,,,,,,,,,,,,,,  ,,,,,,,,,,,,,,,  ,,,,,,  ,,  ,,,,,,,,,,,
,,77,,,,,,,,,,,,,,,,,,  ,,,,,,,,,,,,,,,  ,,,,,,  ,,  ,,,,,,,,,,,
,,78,,,,,,,,,,,,,,,,,,  ,,,,,,,,,,,,,,,  ,,,,,,  ,,  ,,,,,,,,,,,
,,79,,,,,,,,,,,,,,,,,,  ,,,,,,,,,,,,,,,  ,,,,,,  ,,  ,,,,,,,,,,,
,,80,,,,,,,,,,,,,,,,,,  ,,,,,,,,,,,,,,,  ,,,,,,  ,,  ,,,,,,,,,,,
,,81,,,,,,,,,,,,,,,,,,  ,,,,,,,,,,,,,,,  ,,,,,,  ,,  ,,,,,,,,,,,
,,82,,,,,,,,,,,,,,,,,,  ,,,,,,,,,,,,,,,  ,,,,,,  ,,  ,,,,,,,,,,,
,,83,,,,,,,,,,,,,,,,,,  ,,,,,,,,,,,,,,,  ,,,,,,  ,,  ,,,,,,,,,,,
,,84,,,,,,,,,,,,,,,,,,  ,,,,,,,,,,,,,,,  ,,,,,,  ,,  ,,,,,,,,,,,
,,85,,,,,,,,,,,,,,,,,,  ,,,,,,,,,,,,,,,  ,,,,,,  ,,  ,,,,,,,,,,,
,,86,,,,,,,,,,,,,,,,,,  ,,,,,,,,,,,,,,,  ,,,,,,  ,,  ,,,,,,,,,,,
,,87,,,,,,,,,,,,,,,,,,  ,,,,,,,,,,,,,,,  ,,,,,,  ,,  ,,,,,,,,,,,
,,88,,,,,,,,,,,,,,,,,,  ,,,,,,,,,,,,,,,  ,,,,,,  ,,  ,,,,,,,,,,,
,,89,,,,,,,,,,,,,,,,,,  ,,,,,,,,,,,,,,,  ,,,,,,  ,,  ,,,,,,,,,,,
,,90,,,,,,,,,,,,,,,,,,  ,,,,,,,,,,,,,,,  ,,,,,,  ,,  ,,,,,,,,,,,
,,91,,,,,,,,,,,,,,,,,,  ,,,,,,,,,,,,,,,  ,,,,,,  ,,  ,,,,,,,,,,,
,,92,,,,,,,,,,,,,,,,,,  ,,,,,,,,,,,,,,,  ,,,,,,  ,,  ,,,,,,,,,,,
,,93,,,,,,,,,,,,,,,,,,  ,,,,,,,,,,,,,,,  ,,,,,,  ,,  ,,,,,,,,,,,
,,94,,,,,,,,,,,,,,,,,,  ,,,,,,,,,,,,,,,  ,,,,,,  ,,  ,,,,,,,,,,,
,,95,,,,,,,,,,,,,,,,,,  ,,,,,,,,,,,,,,,  ,,,,,,  ,,  ,,,,,,,,,,,
,,96,,,,,,,,,,,,,,,,,,  ,,,,,,,,,,,,,,,  ,,,,,,  ,,  ,,,,,,,,,,,
,,97,,,,,,,,,,,,,,,,,,  ,,,,,,,,,,,,,,,  ,,,,,,  ,,  ,,,,,,,,,,,
,,98,,,,,,,,,,,,,,,,,,  ,,,,,,,,,,,,,,,  ,,,,,,  ,,  ,,,,,,,,,,,
,,99,,,,,,,,,,,,,,,,,,  ,,,,,,,,,,,,,,,  ,,,,,,  ,,  ,,,,,,,,,,,
,,100,,,,,,,,,,,,,,,,,,  ,,,,,,,,,,,,,,,  ,,,,,,  ,,  ,,,,,,,,,,,
,,101,,,,,,,,,,,,,,,,,,  ,,,,,,,,,,,,,,,  ,,,,,,  ,,  ,,,,,,,,,,,
,,102,,,,,,,,,,,,,,,,,,  ,,,,,,,,,,,,,,,  ,,,,,,  ,,  ,,,,,,,,,,,
,,103,,,,,,,,,,,,,,,,,,  ,,,,,,,,,,,,,,,  ,,,,,,  ,,  ,,,,,,,,,,,
,,104,,,,,,,,,,,,,,,,,,  ,,,,,,,,,,,,,,,  ,,,,,,  ,,  ,,,,,,,,,,,
,,105,,,,,,,,,,,,,,,,,,  ,,,,,,,,,,,,,,,  ,,,,,,  ,,  ,,,,,,,,,,,
,,106,,,,,,,,,,,,,,,,,,  ,,,,,,,,,,,,,,,  ,,,,,,  ,,  ,,,,,,,,,,,
,,107,,,,,,,,,,,,,,,,,,  ,,,,,,,,,,,,,,,  ,,,,,,  ,,  ,,,,,,,,,,,
,,108,,,,,,,,,,,,,,,,,,  ,,,,,,,,,,,,,,,  ,,,,,,  ,,  ,,,,,,,,,,,
,,109,,,,,,,,,,,,,,,,,,  ,,,,,,,,,,,,,,,  ,,,,,,  ,,  ,,,,,,,,,,,
,,110,,,,,,,,,,,,,,,,,,  ,,,,,,,,,,,,,,,  ,,,,,,  ,,  ,,,,,,,,,,,
,,111,,,,,,,,,,,,,,,,,,  ,,,,,,,,,,,,,,,  ,,,,,,  ,,  ,,,,,,,,,,,
,,112,,,,,,,,,,,,,,,,,,  ,,,,,,,,,,,,,,,  ,,,,,,  ,,  ,,,,,,,,,,,
,,113,,,,,,,,,,,,,,,,,,  ,,,,,,,,,,,,,,,  ,,,,,,  ,,  ,,,,,,,,,,,
,,114,,,,,,,,,,,,,,,,,,  ,,,,,,,,,,,,,,,  ,,,,,,  ,,  ,,,,,,,,,,,
,,115,,,,,,,,,,,,,,,,,,  ,,,,,,,,,,,,,,,  ,,,,,,  ,,  ,,,,,,,,,,,
,,116,,,,,,,,,,,,,,,,,,  ,,,,,,,,,,,,,,,  ,,,,,,  ,,  ,,,,,,,,,,,
,,117,,,,,,,,,,,,,,,,,,  ,,,,,,,,,,,,,,,  ,,,,,,  ,,  ,,,,,,,,,,,
,,118,,,,,,,,,,,,,,,,,,  ,,,,,,,,,,,,,,,  ,,,,,,  ,,  ,,,,,,,,,,,
,,119,,,,,,,,,,,,,,,,,,  ,,,,,,,,,,,,,,,  ,,,,,,  ,,  ,,,,,,,,,,,
,,120,,,,,,,,,,,,,,,,,,  ,,,,,,,,,,,,,,,  ,,,,,,  ,,  ,,,,,,,,,,,
,,121,,,,,,,,,,,,,,,,,,  ,,,,,,,,,,,,,,,  ,,,,,,  ,,  ,,,,,,,,,,,
,,122,,,,,,,,,,,,,,,,,,  ,,,,,,,,,,,,,,,  ,,,,,,  ,,  ,,,,,,,,,,,
,,123,,,,,,,,,,,,,,,,,,  ,,,,,,,,,,,,,,,  ,,,,,,  ,,  ,,,,,,,,,,,
,,124,,,,,,,,,,,,,,,,,,  ,,,,,,,,,,,,,,,  ,,,,,,  ,,  ,,,,,,,,,,,
,,125,,,,,,,,,,,,,,,,,,  ,,,,,,,,,,,,,,,  ,,,,,,  ,,  ,,,,,,,,,,,
,,126,,,,,,,,,,,,,,,,,,  ,,,,,,,,,,,,,,,  ,,,,,,  ,,  ,,,,,,,,,,,
,,127,,,,,,,,,,,,,,,,,,  ,,,,,,,,,,,,,,,  ,,,,,,  ,,  ,,,,,,,,,,,
,,128,,,,,,,,,,,,,,,,,,  ,,,,,,,,,,,,,,,  ,,,,,,  ,,  ,,,,,,,,,,,
,,129,,,,,,,,,,,,,,,,,,  ,,,,,,,,,,,,,,,  ,,,,,,  ,,  ,,,,,,,,,,,
,,130,,,,,,,,,,,,,,,,,,  ,,,,,,,,,,,,,,,  ,,,,,,  ,,  ,,,,,,,,,,,
,,131,,,,,,,,,,,,,,,,,,  ,,,,,,,,,,,,,,,  ,,,,,,  ,,  ,,,,,,,,,,,
,,132,,,,,,,,,,,,,,,,,,  ,,,,,,,,,,,,,,,  ,,,,,,  ,,  ,,,,,,,,,,,
,,133,,,,,,,,,,,,,,,,,,  ,,,,,,,,,,,,,,,  ,,,,,,  ,,  ,,,,,,,,,,,
,,134,,,,,,,,,,,,,,,,,,  ,,,,,,,,,,,,,,,  ,,,,,,  ,,  ,,,,,,,,,,,
,,135,,,,,,,,,,,,,,,,,,  ,,,,,,,,,,,,,,,  ,,,,,,  ,,  ,,,,,,,,,,,
,,136,,,,,,,,,,,,,,,,,,  ,,,,,,,,,,,,,,,  ,,,,,,  ,,  ,,,,,,,,,,,
,,137,,,,,,,,,,,,,,,,,,  ,,,,,,,,,,,,,,,  ,,,,,,  ,,  ,,,,,,,,,,,
,,138,,,,,,,,,,,,,,,,,,  ,,,,,,,,,,,,,,,  ,,,,,,  ,,  ,,,,,,,,,,,
,,139,,,,,,,,,,,,,,,,,,  ,,,,,,,,,,,,,,,  ,,,,,,  ,,  ,,,,,,,,,,,
,,140,,,,,,,,,,,,,,,,,,  ,,,,,,,,,,,,,,,  ,,,,,,  ,,  ,,,,,,,,,,,
,,141,,,,,,,,,,,,,,,,,,  ,,,,,,,,,,,,,,,  ,,,,,,  ,,  ,,,,,,,,,,,
,,142,,,,,,,,,,,,,,,,,,  ,,,,,,,,,,,,,,,  ,,,,,,  ,,  ,,,,,,,,,,,
,,143,,,,,,,,,,,,,,,,,,  ,,,,,,,,,,,,,,,  ,,,,,,  ,,  ,,,,,,,,,,,
,,144,,,,,,,,,,,,,,,,,,  ,,,,,,,,,,,,,,,  ,,,,,,  ,,  ,,,,,,,,,,,
,,145,,,,,,,,,,,,,,,,,,  ,,,,,,,,,,,,,,,  ,,,,,,  ,,  ,,,,,,,,,,,
,,146,,,,,,,,,,,,,,,,,,  ,,,,,,,,,,,,,,,  ,,,,,,  ,,  ,,,,,,,,,,,
,,147,,,,,,,,,,,,,,,,,,  ,,,,,,,,,,,,,,,  ,,,,,,  ,,  ,,,,,,,,,,,
,,148,,,,,,,,,,,,,,,,,,  ,,,,,,,,,,,,,,,  ,,,,,,  ,,  ,,,,,,,,,,,
,,149,,,,,,,,,,,,,,,,,,  ,,,,,,,,,,,,,,,  ,,,,,,  ,,  ,,,,,,,,,,,
,,150,,,,,,,,,,,,,,,,,,  ,,,,,,,,,,,,,,,  ,,,,,,  ,,  ,,,,,,,,,,,
,,151,,,,,,,,,,,,,,,,,,  ,,,,,,,,,,,,,,,  ,,,,,,  ,,  ,,,,,,,,,,,
,,152,,,,,,,,,,,,,,,,,,  ,,,,,,,,,,,,,,,  ,,,,,,  ,,  ,,,,,,,,,,,
,,153,,,,,,,,,,,,,,,,,,  ,,,,,,,,,,,,,,,  ,,,,,,  ,,  ,,,,,,,,,,,
,,154,,,,,,,,,,,,,,,,,,  ,,,,,,,,,,,,,,,  ,,,,,,  ,,  ,,,,,,,,,,,
,,155,,,,,,,,,,,,,,,,,,  ,,,,,,,,,,,,,,,  ,,,,,,  ,,  ,,,,,,,,,,,
,,156,,,,,,,,,,,,,,,,,,  ,,,,,,,,,,,,,,,  ,,,,,,  ,,  ,,,,,,,,,,,
,,157,,,,,,,,,,,,,,,,,,  ,,,,,,,,,,,,,,,  ,,,,,,  ,,  ,,,,,,,,,,,
,,158,,,,,,,,,,,,,,,,,,  ,,,,,,,,,,,,,,,  ,,,,,,  ,,  ,,,,,,,,,,,
,,159,,,,,,,,,,,,,,,,,,  ,,,,,,,,,,,,,,,  ,,,,,,  ,,  ,,,,,,,,,,,
,,160,,,,,,,,,,,,,,,,,,  ,,,,,,,,,,,,,,,  ,,,,,,  ,,  ,,,,,,,,,,,
,,161,,,,,,,,,,,,,,,,,,  ,,,,,,,,,,,,,,,  ,,,,,,  ,,  ,,,,,,,,,,,
,,162,,,,,,,,,,,,,,,,,,  ,,,,,,,,,,,,,,,  ,,,,,,  ,,  ,,,,,,,,,,,
,,163,,,,,,,,,,,,,,,,,,  ,,,,,,,,,,,,,,,  ,,,,,,  ,,  ,,,,,,,,,,,
,,164,,,,,,,,,,,,,,,,,,  ,,,,,,,,,,,,,,,  ,,,,,,  ,,  ,,,,,,,,,,,
,,165,,,,,,,,,,,,,,,,,,  ,,,,,,,,,,,,,,,  ,,,,,,  ,,  ,,,,,,,,,,,
,,166,,,,,,,,,,,,,,,,,,  ,,,,,,,,,,,,,,,  ,,,,,,  ,,  ,,,,,,,,,,,
,,167,,,,,,,,,,,,,,,,,,  ,,,,,,,,,,,,,,,  ,,,,,,  ,,  ,,,,,,,,,,,
,,168,,,,,,,,,,,,,,,,,,  ,,,,,,,,,,,,,,,  ,,,,,,  ,,  ,,,,,,,,,,,
,,169,,,,,,,,,,,,,,,,,,  ,,,,,,,,,,,,,,,  ,,,,,,  ,,  ,,,,,,,,,,,
,,170,,,,,,,,,,,,,,,,,,  ,,,,,,,,,,,,,,,  ,,,,,,  ,,  ,,,,,,,,,,,
,,171,,,,,,,,,,,,,,,,,,  ,,,,,,,,,,,,,,,  ,,,,,,  ,,  ,,,,,,,,,,,
,,172,,,,,,,,,,,,,,,,,,  ,,,,,,,,,,,,,,,  ,,,,,,  ,,  ,,,,,,,,,,,
,,173,,,,,,,,,,,,,,,,,,  ,,,,,,,,,,,,,,,  ,,,,,,  ,,  ,,,,,,,,,,,
,,174,,,,,,,,,,,,,,,,,,  ,,,,,,,,,,,,,,,  ,,,,,,  ,,  ,,,,,,,,,,,
,,175,,,,,,,,,,,,,,,,,,  ,,,,,,,,,,,,,,,  ,,,,,,  ,,  ,,,,,,,,,,,
,,176,,,,,,,,,,,,,,,,,,  ,,,,,,,,,,,,,,,  ,,,,,,  ,,  ,,,,,,,,,,,
,,177,,,,,,,,,,,,,,,,,,  ,,,,,,,,,,,,,,,  ,,,,,,  ,,  ,,,,,,,,,,,
,,178,,,,,,,,,,,,,,,,,,  ,,,,,,,,,,,,,,,  ,,,,,,  ,,  ,,,,,,,,,,,
,,179,,,,,,,,,,,,,,,,,,  ,,,,,,,,,,,,,,,  ,,,,,,  ,,  ,,,,,,,,,,,
,,180,,,,,,,,,,,,,,,,,,  ,,,,,,,,,,,,,,,  ,,,,,,  ,,  ,,,,,,,,,,,
,,181,,,,,,,,,,,,,,,,,,  ,,,,,,,,,,,,,,,  ,,,,,,  ,,  ,,,,,,,,,,,
,,182,,,,,,,,,,,,,,,,,,  ,,,,,,,,,,,,,,,  ,,,,,,  ,,  ,,,,,,,,,,,
,,183,,,,,,,,,,,,,,,,,,  ,,,,,,,,,,,,,,,  ,,,,,,  ,,  ,,,,,,,,,,,
,,184,,,,,,,,,,,,,,,,,,  ,,,,,,,,,,,,,,,  ,,,,,,  ,,  ,,,,,,,,,,,
,,185,,,,,,,,,,,,,,,,,,  ,,,,,,,,,,,,,,,  ,,,,,,  ,,  ,,,,,,,,,,,
,,186,,,,,,,,,,,,,,,,,,  ,,,,,,,,,,,,,,,  ,,,,,,  ,,  ,,,,,,,,,,,
,,187,,,,,,,,,,,,,,,,,,  ,,,,,,,,,,,,,,,  ,,,,,,  ,,  ,,,,,,,,,,,
,,188,,,,,,,,,,,,,,,,,,  ,,,,,,,,,,,,,,,  ,,,,,,  ,,  ,,,,,,,,,,,
,,189,,,,,,,,,,,,,,,,,,  ,,,,,,,,,,,,,,,  ,,,,,,  ,,  ,,,,,,,,,,,
,,190,,,,,,,,,,,,,,,,,,  ,,,,,,,,,,,,,,,  ,,,,,,  ,,  ,,,,,,,,,,,
,,191,,,,,,,,,,,,,,,,,,  ,,,,,,,,,,,,,,,  ,,,,,,  ,,  ,,,,,,,,,,,
,,192,,,,,,,,,,,,,,,,,,  ,,,,,,,,,,,,,,,  ,,,,,,  ,,  ,,,,,,,,,,,
,,193,,,,,,,,,,,,,,,,,,  ,,,,,,,,,,,,,,,  ,,,,,,  ,,  ,,,,,,,,,,,
,,194,,,,,,,,,,,,,,,,,,  ,,,,,,,,,,,,,,,  ,,,,,,  ,,  ,,,,,,,,,,,
,,195,,,,,,,,,,,,,,,,,,  ,,,,,,,,,,,,,,,  ,,,,,,  ,,  ,,,,,,,,,,,
,,196,,,,,,,,,,,,,,,,,,  ,,,,,,,,,,,,,,,  ,,,,,,  ,,  ,,,,,,,,,,,
,,197,,,,,,,,,,,,,,,,,,  ,,,,,,,,,,,,,,,  ,,,,,,  ,,  ,,,,,,,,,,,
,,198,,,,,,,,,,,,,,,,,,  ,,,,,,,,,,,,,,,  ,,,,,,  ,,  ,,,,,,,,,,,
,,199,,,,,,,,,,,,,,,,,,  ,,,,,,,,,,,,,,,  ,,,,,,  ,,  ,,,,,,,,,,,
,,200,,,,,,,,,,,,,,,,,,  ,,,,,,,,,,,,,,,  ,,,,,,  ,,  ,,,,,,,,,,,
,,201,,,,,,,,,,,,,,,,,,  ,,,,,,,,,,,,,,,  ,,,,,,  ,,  ,,,,,,,,,,,
,,202,,,,,,,,,,,,,,,,,,  ,,,,,,,,,,,,,,,  ,,,,,,  ,,  ,,,,,,,,,,,
,,203,,,,,,,,,,,,,,,,,,  ,,,,,,,,,,,,,,,  ,,,,,,  ,,  ,,,,,,,,,,,
,,204,,,,,,,,,,,,,,,,,,  ,,,,,,,,,,,,,,,  ,,,,,,  ,,  ,,,,,,,,,,,
,,205,,,,,,,,,,,,,,,,,,  ,,,,,,,,,,,,,,,  ,,,,,,  ,,  ,,,,,,,,,,,
,,206,,,,,,,,,,,,,,,,,,  ,,,,,,,,,,,,,,,  ,,,,,,  ,,  ,,,,,,,,,,,
,,207,,,,,,,,,,,,,,,,,,  ,,,,,,,,,,,,,,,  ,,,,,,  ,,  ,,,,,,,,,,,
,,208,,,,,,,,,,,,,,,,,,  ,,,,,,,,,,,,,,,  ,,,,,,  ,,  ,,,,,,,,,,,
,,209,,,,,,,,,,,,,,,,,,  ,,,,,,,,,,,,,,,  ,,,,,,  ,,  ,,,,,,,,,,,
,,210,,,,,,,,,,,,,,,,,,  ,,,,,,,,,,,,,,,  ,,,,,,  ,,  ,,,,,,,,,,,
,,211,,,,,,,,,,,,,,,,,,  ,,,,,,,,,,,,,,,  ,,,,,,  ,,  ,,,,,,,,,,,
,,212,,,,,,,,,,,,,,,,,,  ,,,,,,,,,,,,,,,  ,,,,,,  ,,  ,,,,,,,,,,,
,,213,,,,,,,,,,,,,,,,,,  ,,,,,,,,,,,,,,,  ,,,,,,  ,,  ,,,,,,,,,,,
,,214,,,,,,,,,,,,,,,,,,  ,,,,,,,,,,,,,,,  ,,,,,,  ,,  ,,,,,,,,,,,
,,215,,,,,,,,,,,,,,,,,,  ,,,,,,,,,,,,,,,  ,,,,,,  ,,  ,,,,,,,,,,,
,,216,,,,,,,,,,,,,,,,,,  ,,,,,,,,,,,,,,,  ,,,,,,  ,,  ,,,,,,,,,,,
,,217,,,,,,,,,,,,,,,,,,  ,,,,,,,,,,,,,,,  ,,,,,,  ,,  ,,,,,,,,,,,
,,218,,,,,,,,,,,,,,,,,,  ,,,,,,,,,,,,,,,  ,,,,,,  ,,  ,,,,,,,,,,,
,,219,,,,,,,,,,,,,,,,,,  ,,,,,,,,,,,,,,,  ,,,,,,  ,,  ,,,,,,,,,,,
,,220,,,,,,,,,,,,,,,,,,  ,,,,,,,,,,,,,,,  ,,,,,,  ,,  ,,,,,,,,,,,
,,221,,,,,,,,,,,,,,,,,,  ,,,,,,,,,,,,,,,  ,,,,,,  ,,  ,,,,,,,,,,,
,,222,,,,,,,,,,,,,,,,,,  ,,,,,,,,,,,,,,,  ,,,,,,  ,,  ,,,,,,,,,,,
,,223,,,,,,,,,,,,,,,,,,  ,,,,,,,,,,,,,,,  ,,,,,,  ,,  ,,,,,,,,,,,
,,224,,,,,,,,,,,,,,,,,,  ,,,,,,,,,,,,,,,  ,,,,,,  ,,  ,,,,,,,,,,,
,,225,,,,,,,,,,,,,,,,,,  ,,,,,,,,,,,,,,,  ,,,,,,  ,,  ,,,,,,,,,,,
,,226,,,,,,,,,,,,,,,,,,  ,,,,,,,,,,,,,,,  ,,,,,,  ,,  ,,,,,,,,,,,
,,227,,,,,,,,,,,,,,,,,,  ,,,,,,,,,,,,,,,  ,,,,,,  ,,  ,,,,,,,,,,,
,,228,,,,,,,,,,,,,,,,,,  ,,,,,,,,,,,,,,,  ,,,,,,  ,,  ,,,,,,,,,,,
,,229,,,,,,,,,,,,,,,,,,  ,,,,,,,,,,,,,,,  ,,,,,,  ,,  ,,,,,,,,,,,
,,230,,,,,,,,,,,,,,,,,,  ,,,,,,,,,,,,,,,  ,,,,,,  ,,  ,,,,,,,,,,,
,,231,,,,,,,,,,,,,,,,,,  ,,,,,,,,,,,,,,,  ,,,,,,  ,,  ,,,,,,,,,,,
,,232,,,,,,,,,,,,,,,,,,  ,,,,,,,,,,,,,,,  ,,,,,,  ,,  ,,,,,,,,,,,
,,233,,,,,,,,,,,,,,,,,,  ,,,,,,,,,,,,,,,  ,,,,,,  ,,  ,,,,,,,,,,,
,,234,,,,,,,,,,,,,,,,,,  ,,,,,,,,,,,,,,,  ,,,,,,  ,,  ,,,,,,,,,,,
,,235,,,,,,,,,,,,,,,,,,  ,,,,,,,,,,,,,,,  ,,,,,,  ,,  ,,,,,,,,,,,
,,236,,,,,,,,,,,,,,,,,,  ,,,,,,,,,,,,,,,  ,,,,,,  ,,  ,,,,,,,,,,,
,,237,,,,,,,,,,,,,,,,,,  ,,,,,,,,,,,,,,,  ,,,,,,  ,,  ,,,,,,,,,,,
,,238,,,,,,,,,,,,,,,,,,  ,,,,,,,,,,,,,,,  ,,,,,,  ,,  ,,,,,,,,,,,
,,239,,,,,,,,,,,,,,,,,,  ,,,,,,,,,,,,,,,  ,,,,,,  ,,  ,,,,,,,,,,,
,,240,,,,,,,,,,,,,,,,,,  ,,,,,,,,,,,,,,,  ,,,,,,  ,,  ,,,,,,,,,,,
,,241,,,,,,,,,,,,,,,,,,  ,,,,,,,,,,,,,,,  ,,,,,,  ,,  ,,,,,,,,,,,
,,242,,,,,,,,,,,,,,,,,,  ,,,,,,,,,,,,,,,  ,,,,,,  ,,  ,,,,,,,,,,,
,,243,,,,,,,,,,,,,,,,,,  ,,,,,,,,,,,,,,,  ,,,,,,  ,,  ,,,,,,,,,,,
,,244,,,,,,,,,,,,,,,,,,  ,,,,,,,,,,,,,,,  ,,,,,,  ,,  ,,,,,,,,,,,
,,245,,,,,,,,,,,,,,,,,,  ,,,,,,,,,,,,,,,  ,,,,,,  ,,  ,,,,,,,,,,,
,,246,,,,,,,,,,,,,,,,,,  ,,,,,,,,,,,,,,,  ,,,,,,  ,,  ,,,,,,,,,,,
,,247,,,,,,,,,,,,,,,,,,  ,,,,,,,,,,,,,,,  ,,,,,,  ,,  ,,,,,,,,,,,
,,248,,,,,,,,,,,,,,,,,,  ,,,,,,,,,,,,,,,  ,,,,,,  ,,  ,,,,,,,,,,,
,,249,,,,,,,,,,,,,,,,,,  ,,,,,,,,,,,,,,,  ,,,,,,  ,,  ,,,,,,,,,,,
,,250,,,,,,,,,,,,,,,,,,  ,,,,,,,,,,,,,,,  ,,,,,,  ,,  ,,,,,,,,,,,
,,251,,,,,,,,,,,,,,,,,,  ,,,,,,,,,,,,,,,  ,,,,,,  ,,  ,,,,,,,,,,,
,,252,,,,,,,,,,,,,,,,,,  ,,,,,,,,,,,,,,,  ,,,,,,  ,,  ,,,,,,,,,,,
,,253,,,,,,,,,,,,,,,,,,  ,,,,,,,,,,,,,,,  ,,,,,,  ,,  ,,,,,,,,,,,
,,254,,,,,,,,,,,,,,,,,,  ,,,,,,,,,,,,,,,  ,,,,,,  ,,  ,,,,,,,,,,,
,,255,,,,,,,,,,,,,,,,,,  ,,,,,,,,,,,,,,,  ,,,,,,  ,,  ,,,,,,,,,,,
,,256,,,,,,,,,,,,,,,,,,  ,,,,,,,,,,,,,,,  ,,,,,,  ,,  ,,,,,,,,,,,
,,257,,,,,,,,,,,,,,,,,,  ,,,,,,,,,,,,,,,  ,,,,,,  ,,  ,,,,,,,,,,,
,,258,,,,,,,,,,,,,,,,,,  ,,,,,,,,,,,,,,,  ,,,,,,  ,,  ,,,,,,,,,,,
,,259,,,,,,,,,,,,,,,,,,  ,,,,,,,,,,,,,,,  ,,,,,,  ,,  ,,,,,,,,,,,
,,260,,,,,,,,,,,,,,,,,,  ,,,,,,,,,,,,,,,  ,,,,,,  ,,  ,,,,,,,,,,,
,,261,,,,,,,,,,,,,,,,,,  ,,,,,,,,,,,,,,,  ,,,,,,  ,,  ,,,,,,,,,,,
,,262,,,,,,,,,,,,,,,,,,  ,,,,,,,,,,,,,,,  ,,,,,,  ,,  ,,,,,,,,,,,
,,263,,,,,,,,,,,,,,,,,,  ,,,,,,,,,,,,,,,  ,,,,,,  ,,  ,,,,,,,,,,,
,,264,,,,,,,,,,,,,,,,,,  ,,,,,,,,,,,,,,,  ,,,,,,  ,,  ,,,,,,,,,,,
,,265,,,,,,,,,,,,,,,,,,  ,,,,,,,,,,,,,,,  ,,,,,,  ,,  ,,,,,,,,,,,
,,266,,,,,,,,,,,,,,,,,,  ,,,,,,,,,,,,,,,  ,,,,,,  ,,  ,,,,,,,,,,,
,,267,,,,,,,,,,,,,,,,,,  ,,,,,,,,,,,,,,,  ,,,,,,  ,,  ,,,,,,,,,,,
,,268,,,,,,,,,,,,,,,,,,  ,,,,,,,,,,,,,,,  ,,,,,,  ,,  ,,,,,,,,,,,
,,269,,,,,,,,,,,,,,,,,,  ,,,,,,,,,,,,,,,  ,,,,,,  ,,  ,,,,,,,,,,,
,,270,,,,,,,,,,,,,,,,,,  ,,,,,,,,,,,,,,,  ,,,,,,  ,,  ,,,,,,,,,,,
,,271,,,,,,,,,,,,,,,,,,  ,,,,,,,,,,,,,,,  ,,,,,,  ,,  ,,,,,,,,,,,
,,272,,,,,,,,,,,,,,,,,,  ,,,,,,,,,,,,,,,  ,,,,,,  ,,  ,,,,,,,,,,,
,,273,,,,,,,,,,,,,,,,,,  ,,,,,,,,,,,,,,,  ,,,,,,  ,,  ,,,,,,,,,,,
,,274,,,,,,,,,,,,,,,,,,  ,,,,,,,,,,,,,,,  ,,,,,,  ,,  ,,,,,,,,,,,
,,275,,,,,,,,,,,,,,,,,,  ,,,,,,,,,,,,,,,  ,,,,,,  ,,  ,,,,,,,,,,,
,,276,,,,,,,,,,,,,,,,,,  ,,,,,,,,,,,,,,,  ,,,,,,  ,,  ,,,,,,,,,,,
,,277,,,,,,,,,,,,,,,,,,  ,,,,,,,,,,,,,,,  ,,,,,,  ,,  ,,,,,,,,,,,
,,278,,,,,,,,,,,,,,,,,,  ,,,,,,,,,,,,,,,  ,,,,,,  ,,  ,,,,,,,,,,,
,,279,,,,,,,,,,,,,,,,,,  ,,,,,,,,,,,,,,,  ,,,,,,  ,,  ,,,,,,,,,,,
,,280,,,,,,,,,,,,,,,,,,  ,,,,,,,,,,,,,,,  ,,,,,,  ,,  ,,,,,,,,,,,
,,281,,,,,,,,,,,,,,,,,,  ,,,,,,,,,,,,,,,  ,,,,,,  ,,  ,,,,,,,,,,,
,,282,,,,,,,,,,,,,,,,,,  ,,,,,,,,,,,,,,,  ,,,,,,  ,,  ,,,,,,,,,,,
,,283,,,,,,,,,,,,,,,,,,  ,,,,,,,,,,,,,,,  ,,,,,,  ,,  ,,,,,,,,,,,
,,284,,,,,,,,,,,,,,,,,,  ,,,,,,,,,,,,,,,  ,,,,,,  ,,  ,,,,,,,,,,,
,,285,,,,,,,,,,,,,,,,,,  ,,,,,,,,,,,,,,,  ,,,,,,  ,,  ,,,,,,,,,,,
,,286,,,,,,,,,,,,,,,,,,  ,,,,,,,,,,,,,,,  ,,,,,,  ,,  ,,,,,,,,,,,
,,287,,,,,,,,,,,,,,,,,,  ,,,,,,,,,,,,,,,  ,,,,,,  ,,  ,,,,,,,,,,,
,,288,,,,,,,,,,,,,,,,,,  ,,,,,,,,,,,,,,,  ,,,,,,  ,,  ,,,,,,,,,,,
,,289,,,,,,,,,,,,,,,,,,  ,,,,,,,,,,,,,,,  ,,,,,,  ,,  ,,,,,,,,,,,
,,290,,,,,,,,,,,,,,,,,,  ,,,,,,,,,,,,,,,  ,,,,,,  ,,  ,,,,,,,,,,,
,,291,,,,,,,,,,,,,,,,,,  ,,,,,,,,,,,,,,,  ,,,,,,  ,,  ,,,,,,,,,,,
,,292,,,,,,,,,,,,,,,,,,  ,,,,,,,,,,,,,,,  ,,,,,,  ,,  ,,,,,,,,,,,
,,293,,,,,,,,,,,,,,,,,,  ,,,,,,,,,,,,,,,  ,,,,,,  ,,  ,,,,,,,,,,,
,,294,,,,,,,,,,,,,,,,,,  ,,,,,,,,,,,,,,,  ,,,,,,  ,,  ,,,,,,,,,,,
,,295,,,,,,,,,,,,,,,,,,  ,,,,,,,,,,,,,,,  ,,,,,,  ,,  ,,,,,,,,,,,
,,296,,,,,,,,,,,,,,,,,,  ,,,,,,,,,,,,,,,  ,,,,,,  ,,  ,,,,,,,,,,,
,,297,,,,,,,,,,,,,,,,,,  ,,,,,,,,,,,,,,,  ,,,,,,  ,,  ,,,,,,,,,,,
,,298,,,,,,,,,,,,,,,,,,  ,,,,,,,,,,,,,,,  ,,,,,,  ,,  ,,,,,,,,,,,
,,299,,,,,,,,,,,,,,,,,,  ,,,,,,,,,,,,,,,  ,,,,,,  ,,  ,,,,,,,,,,,
,,300,,,,,,,,,,,,,,,,,,  ,,,,,,,,,,,,,,,  ,,,,,,  ,,  ,,,,,,,,,,,
,,301,,,,,,,,,,,,,,,,,,  ,,,,,,,,,,,,,,,  ,,,,,,  ,,  ,,,,,,,,,,,
,,302,,,,,,,,,,,,,,,,,,  ,,,,,,,,,,,,,,,  ,,,,,,  ,,  ,,,,,,,,,,,
,,303,,,,,,,,,,,,,,,,,,  ,,,,,,,,,,,,,,,  ,,,,,,  ,,  ,,,,,,,,,,,
,,304,,,,,,,,,,,,,,,,,,  ,,,,,,,,,,,,,,,  ,,,,,,  ,,  ,,,,,,,,,,,
,,305,,,,,,,,,,,,,,,,,,  ,,,,,,,,,,,,,,,  ,,,,,,  ,,  ,,,,,,,,,,,
,,306,,,,,,,,,,,,,,,,,,  ,,,,,,,,,,,,,,,  ,,,,,,  ,,  ,,,,,,,,,,,
,,307,,,,,,,,,,,,,,,,,,  ,,,,,,,,,,,,,,,  ,,,,,,  ,,  ,,,,,,,,,,,
,,308,,,,,,,,,,,,,,,,,,  ,,,,,,,,,,,,,,,  ,,,,,,  ,,  ,,,,,,,,,,,
,,309,,,,,,,,,,,,,,,,,,  ,,,,,,,,,,,,,,,  ,,,,,,  ,,  ,,,,,,,,,,,
,,310,,,,,,,,,,,,,,,,,,  ,,,,,,,,,,,,,,,  ,,,,,,  ,,  ,,,,,,,,,,,
,,311,,,,,,,,,,,,,,,,,,  ,,,,,,,,,,,,,,,  ,,,,,,  ,,  ,,,,,,,,,,,
,,312,,,,,,,,,,,,,,,,,,  ,,,,,,,,,,,,,,,  ,,,,,,  ,,  ,,,,,,,,,,,
,,313,,,,,,,,,,,,,,,,,,  ,,,,,,,,,,,,,,,  ,,,,,,  ,,  ,,,,,,,,,,,
,,314,,,,,,,,,,,,,,,,,,  ,,,,,,,,,,,,,,,  ,,,,,,  ,,  ,,,,,,,,,,,
,,315,,,,,,,,,,,,,,,,,,  ,,,,,,,,,,,,,,,  ,,,,,,  ,,  ,,,,,,,,,,,
,,316,,,,,,,,,,,,,,,,,,  ,,,,,,,,,,,,,,,  ,,,,,,  ,,  ,,,,,,,,,,,
,,317,,,,,,,,,,,,,,,,,,  ,,,,,,,,,,,,,,,  ,,,,,,  ,,  ,,,,,,,,,,,
,,318,,,,,,,,,,,,,,,,,,  ,,,,,,,,,,,,,,,  ,,,,,,  ,,  ,,,,,,,,,,,
,,319,,,,,,,,,,,,,,,,,,  ,,,,,,,,,,,,,,,  ,,,,,,  ,,  ,,,,,,,,,,,
,,320,,,,,,,,,,,,,,,,,,  ,,,,,,,,,,,,,,,  ,,,,,,  ,,  ,,,,,,,,,,,
,,321,,,,,,,,,,,,,,,,,,  ,,,,,,,,,,,,,,,  ,,,,,,  ,,  ,,,,,,,,,,,
,,322,,,,,,,,,,,,,,,,,,  ,,,,,,,,,,,,,,,  ,,,,,,  ,,  ,,,,,,,,,,,
,,323,,,,,,,,,,,,,,,,,,  ,,,,,,,,,,,,,,,  ,,,,,,  ,,  ,,,,,,,,,,,
,,324,,,,,,,,,,,,,,,,,,  ,,,,,,,,,,,,,,,  ,,,,,,  ,,  ,,,,,,,,,,,
,,325,,,,,,,,,,,,,,,,,,  ,,,,,,,,,,,,,,,  ,,,,,,  ,,  ,,,,,,,,,,,
,,326,,,,,,,,,,,,,,,,,,  ,,,,,,,,,,,,,,,  ,,,,,,  ,,  ,,,,,,,,,,,
,,327,,,,,,,,,,,,,,,,,,  ,,,,,,,,,,,,,,,  ,,,,,,  ,,  ,,,,,,,,,,,
,,328,,,,,,,,,,,,,,,,,,  ,,,,,,,,,,,,,,,  ,,,,,,  ,,  ,,,,,,,,,,,
,,329,,,,,,,,,,,,,,,,,,  ,,,,,,,,,,,,,,,  ,,,,,,  ,,  ,,,,,,,,,,,
,,330,,,,,,,,,,,,,,,,,,  ,,,,,,,,,,,,,,,  ,,,,,,  ,,  ,,,,,,,,,,,
,,331,,,,,,,,,,,,,,,,,,  ,,,,,,,,,,,,,,,  ,,,,,,  ,,  ,,,,,,,,,,,
,,332,,,,,,,,,,,,,,,,,,  ,,,,,,,,,,,,,,,  ,,,,,,  ,,  ,,,,,,,,,,,
,,333,,,,,,,,,,,,,,,,,,  ,,,,,,,,,,,,,,,  ,,,,,,  ,,  ,,,,,,,,,,,
,,334,,,,,,,,,,,,,,,,,,  ,,,,,,,,,,,,,,,  ,,,,,,  ,,  ,,,,,,,,,,,
,,335,,,,,,,,,,,,,,,,,,  ,,,,,,,,,,,,,,,  ,,,,,,  ,,  ,,,,,,,,,,,
,,336,,,,,,,,,,,,,,,,,,  ,,,,,,,,,,,,,,,  ,,,,,,  ,,  ,,,,,,,,,,,
,,337,,,,,,,,,,,,,,,,,,  ,,,,,,,,,,,,,,,  ,,,,,,  ,,  ,,,,,,,,,,,
,,338,,,,,,,,,,,,,,,,,,  ,,,,,,,,,,,,,,,  ,,,,,,  ,,  ,,,,,,,,,,,
,,339,,,,,,,,,,,,,,,,,,  ,,,,,,,,,,,,,,,  ,,,,,,  ,,  ,,,,,,,,,,,
,,340,,,,,,,,,,,,,,,,,,  ,,,,,,,,,,,,,,,  ,,,,,,  ,,  ,,,,,,,,,,,
,,341,,,,,,,,,,,,,,,,,,  ,,,,,,,,,,,,,,,  ,,,,,,  ,,  ,,,,,,,,,,,
,,342,,,,,,,,,,,,,,,,,,  ,,,,,,,,,,,,,,,  ,,,,,,  ,,  ,,,,,,,,,,,
,,343,,,,,,,,,,,,,,,,,,  ,,,,,,,,,,,,,,,  ,,,,,,  ,,  ,,,,,,,,,,,
,,344,,,,,,,,,,,,,,,,,,  ,,,,,,,,,,,,,,,  ,,,,,,  ,,  ,,,,,,,,,,,
,,345,,,,,,,,,,,,,,,,,,  ,,,,,,,,,,,,,,,  ,,,,,,  ,,  ,,,,,,,,,,,
,,346,,,,,,,,,,,,,,,,,,  ,,,,,,,,,,,,,,,  ,,,,,,  ,,  ,,,,,,,,,,,
,,347,,,,,,,,,,,,,,,,,,  ,,,,,,,,,,,,,,,  ,,,,,,  ,,  ,,,,,,,,,,,
,,348,,,,,,,,,,,,,,,,,,  ,,,,,,,,,,,,,,,  ,,,,,,  ,,  ,,,,,,,,,,,
,,349,,,,,,,,,,,,,,,,,,  ,,,,,,,,,,,,,,,  ,,,,,,  ,,  ,,,,,,,,,,,
,,350,,,,,,,,,,,,,,,,,,  ,,,,,,,,,,,,,,,  ,,,,,,  ,,  ,,,,,,,,,,,
,,351,,,,,,,,,,,,,,,,,,  ,,,,,,,,,,,,,,,  ,,,,,,  ,,  ,,,,,,,,,,,
,,352,,,,,,,,,,,,,,,,,,  ,,,,,,,,,,,,,,,  ,,,,,,  ,,  ,,,,,,,,,,,
,,353,,,,,,,,,,,,,,,,,,  ,,,,,,,,,,,,,,,  ,,,,,,  ,,  ,,,,,,,,,,,
,,354,,,,,,,,,,,,,,,,,,  ,,,,,,,,,,,,,,,  ,,,,,,  ,,  ,,,,,,,,,,,
,,355,,,,,,,,,,,,,,,,,,  ,,,,,,,,,,,,,,,  ,,,,,,  ,,  ,,,,,,,,,,,
,,356,,,,,,,,,,,,,,,,,,  ,,,,,,,,,,,,,,,  ,,,,,,  ,,  ,,,,,,,,,,,
,,357,,,,,,,,,,,,,,,,,,  ,,,,,,,,,,,,,,,  ,,,,,,  ,,  ,,,,,,,,,,,
,,358,,,,,,,,,,,,,,,,,,  ,,,,,,,,,,,,,,,  ,,,,,,  ,,  ,,,,,,,,,,,
,,359,,,,,,,,,,,,,,,,,,  ,,,,,,,,,,,,,,,  ,,,,,,  ,,  ,,,,,,,,,,,
,,360,,,,,,,,,,,,,,,,,,  ,,,,,,,,,,,,,,,  ,,,,,,  ,,  ,,,,,,,,,,,
,,361,,,,,,,,,,,,,,,,,,  ,,,,,,,,,,,,,,,  ,,,,,,  ,,  ,,,,,,,,,,,
,,362,,,,,,,,,,,,,,,,,,  ,,,,,,,,,,,,,,,  ,,,,,,  ,,  ,,,,,,,,,,,
,,363,,,,,,,,,,,,,,,,,,  ,,,,,,,,,,,,,,,  ,,,,,,  ,,  ,,,,,,,,,,,
,,364,,,,,,,,,,,,,,,,,,  ,,,,,,,,,,,,,,,  ,,,,,,  ,,  ,,,,,,,,,,,
,,365,,,,,,,,,,,,,,,,,,  ,,,,,,,,,,,,,,,  ,,,,,,  ,,  ,,,,,,,,,,,
,,366,,,,,,,,,,,,,,,,,,  ,,,,,,,,,,,,,,,  ,,,,,,  ,,  ,,,,,,,,,,,
,,367,,,,,,,,,,,,,,,,,,  ,,,,,,,,,,,,,,,  ,,,,,,  ,,  ,,,,,,,,,,,
,,368,,,,,,,,,,,,,,,,,,  ,,,,,,,,,,,,,,,  ,,,,,,  ,,  ,,,,,,,,,,,
,,369,,,,,,,,,,,,,,,,,,  ,,,,,,,,,,,,,,,  ,,,,,,  ,,  ,,,,,,,,,,,
,,370,,,,,,,,,,,,,,,,,,  ,,,,,,,,,,,,,,,  ,,,,,,  ,,  ,,,,,,,,,,,
,,371,,,,,,,,,,,,,,,,,,  ,,,,,,,,,,,,,,,  ,,,,,,  ,,  ,,,,,,,,,,,
,,372,,,,,,,,,,,,,,,,,,  ,,,,,,,,,,,,,,,  ,,,,,,  ,,  ,,,,,,,,,,,
,,373,,,,,,,,,,,,,,,,,,  ,,,,,,,,,,,,,,,  ,,,,,,  ,,  ,,,,,,,,,,,
,,374,,,,,,,,,,,,,,,,,,  ,,,,,,,,,,,,,,,  ,,,,,,  ,,  ,,,,,,,,,,,
,,375,,,,,,,,,,,,,,,,,,  ,,,,,,,,,,,,,,,  ,,,,,,  ,,  ,,,,,,,,,,,
,,376,,,,,,,,,,,,,,,,,,  ,,,,,,,,,,,,,,,  ,,,,,,  ,,  ,,,,,,,,,,,
,,377,,,,,,,,,,,,,,,,,,  ,,,,,,,,,,,,,,,  ,,,,,,  ,,  ,,,,,,,,,,,
,,378,,,,,,,,,,,,,,,,,,  ,,,,,,,,,,,,,,,  ,,,,,,  ,,  ,,,,,,,,,,,
,,379,,,,,,,,,,,,,,,,,,  ,,,,,,,,,,,,,,,  ,,,,,,  ,,  ,,,,,,,,,,,
,,380,,,,,,,,,,,,,,,,,,  ,,,,,,,,,,,,,,,  ,,,,,,  ,,  ,,,,,,,,,,,
,,381,,,,,,,,,,,,,,,,,,  ,,,,,,,,,,,,,,,  ,,,,,,  ,,  ,,,,,,,,,,,
,,382,,,,,,,,,,,,,,,,,,  ,,,,,,,,,,,,,,,  ,,,,,,  ,,  ,,,,,,,,,,,
,,383,,,,,,,,,,,,,,,,,,  ,,,,,,,,,,,,,,,  ,,,,,,  ,,  ,,,,,,,,,,,
,,384,,,,,,,,,,,,,,,,,,  ,,,,,,,,,,,,,,,  ,,,,,,  ,,  ,,,,,,,,,,,
,,385,,,,,,,,,,,,,,,,,,  ,,,,,,,,,,,,,,,  ,,,,,,  ,,  ,,,,,,,,,,,
,,386,,,,,,,,,,,,,,,,,,  ,,,,,,,,,,,,,,,  ,,,,,,  ,,  ,,,,,,,,,,,
,,387,,,,,,,,,,,,,,,,,,  ,,,,,,,,,,,,,,,  ,,,,,,  ,,  ,,,,,,,,,,,
,,388,,,,,,,,,,,,,,,,,,  ,,,,,,,,,,,,,,,  ,,,,,,  ,,  ,,,,,,,,,,,
,,389,,,,,,,,,,,,,,,,,,  ,,,,,,,,,,,,,,,  ,,,,,,  ,,  ,,,,,,,,,,,
,,390,,,,,,,,,,,,,,,,,,  ,,,,,,,,,,,,,,,  ,,,,,,  ,,  ,,,,,,,,,,,
,,391,,,,,,,,,,,,,,,,,,  ,,,,,,,,,,,,,,,  ,,,,,,  ,,  ,,,,,,,,,,,
,,392,,,,,,,,,,,,,,,,,,  ,,,,,,,,,,,,,,,  ,,,,,,  ,,  ,,,,,,,,,,,
,,393,,,,,,,,,,,,,,,,,,  ,,,,,,,,,,,,,,,  ,,,,,,  ,,  ,,,,,,,,,,,
,,394,,,,,,,,,,,,,,,,,,  ,,,,,,,,,,,,,,,  ,,,,,,  ,,  ,,,,,,,,,,,
,,395,,,,,,,,,,,,,,,,,,  ,,,,,,,,,,,,,,,  ,,,,,,  ,,  ,,,,,,,,,,,
,,396,,,,,,,,,,,,,,,,,,  ,,,,,,,,,,,,,,,  ,,,,,,  ,,  ,,,,,,,,,,,
,,397,,,,,,,,,,,,,,,,,,  ,,,,,,,,,,,,,,,  ,,,,,,  ,,  ,,,,,,,,,,,
,,398,,,,,,,,,,,,,,,,,,  ,,,,,,,,,,,,,,,  ,,,,,,  ,,  ,,,,,,,,,,,
,,399,,,,,,,,,,,,,,,,,,  ,,,,,,,,,,,,,,,  ,,,,,,  ,,  ,,,,,,,,,,,
,,400,,,,,,,,,,,,,,,,,,  ,,,,,,,,,,,,,,,  ,,,,,,  ,,  ,,,,,,,,,,,
,,401,,,,,,,,,,,,,,,,,,  ,,,,,,,,,,,,,,,  ,,,,,,  ,,  ,,,,,,,,,,,
,,402,,,,,,,,,,,,,,,,,,  ,,,,,,,,,,,,,,,  ,,,,,,  ,,  ,,,,,,,,,,,
,,403,,,,,,,,,,,,,,,,,,  ,,,,,,,,,,,,,,,  ,,,,,,  ,,  ,,,,,,,,,,,
,,404,,,,,,,,,,,,,,,,,,  ,,,,,,,,,,,,,,,  ,,,,,,  ,,  ,,,,,,,,,,,
,,405,,,,,,,,,,,,,,,,,,  ,,,,,,,,,,,,,,,  ,,,,,,  ,,  ,,,,,,,,,,,
,,406,,,,,,,,,,,,,,,,,,  ,,,,,,,,,,,,,,,  ,,,,,,  ,,  ,,,,,,,,,,,
,,407,,,,,,,,,,,,,,,,,,  ,,,,,,,,,,,,,,,  ,,,,,,  ,,  ,,,,,,,,,,,
,,408,,,,,,,,,,,,,,,,,,  ,,,,,,,,,,,,,,,  ,,,,,,  ,,  ,,,,,,,,,,,
,,409,,,,,,,,,,,,,,,,,,  ,,,,,,,,,,,,,,,  ,,,,,,  ,,  ,,,,,,,,,,,
,,410,,,,,,,,,,,,,,,,,,  ,,,,,,,,,,,,,,,  ,,,,,,  ,,  ,,,,,,,,,,,
,,411,,,,,,,,,,,,,,,,,,  ,,,,,,,,,,,,,,,  ,,,,,,  ,,  ,,,,,,,,,,,
,,412,,,,,,,,,,,,,,,,,,  ,,,,,,,,,,,,,,,  ,,,,,,  ,,  ,,,,,,,,,,,
,,413,,,,,,,,,,,,,,,,,,  ,,,,,,,,,,,,,,,  ,,,,,,  ,,  ,,,,,,,,,,,
,,414,,,,,,,,,,,,,,,,,,  ,,,,,,,,,,,,,,,  ,,,,,,  ,,  ,,,,,,,,,,,
,,415,,,,,,,,,,,,,,,,,,  ,,,,,,,,,,,,,,,  ,,,,,,  ,,  ,,,,,,,,,,,
,,416,,,,,,,,,,,,,,,,,,  ,,,,,,,,,,,,,,,  ,,,,,,  ,,  ,,,,,,,,,,,
,,417,,,,,,,,,,,,,,,,,,  ,,,,,,,,,,,,,,,  ,,,,,,  ,,  ,,,,,,,,,,,
,,418,,,,,,,,,,,,,,,,,,  ,,,,,,,,,,,,,,,  ,,,,,,  ,,  ,,,,,,,,,,,
,,419,,,,,,,,,,,,,,,,,,  ,,,,,,,,,,,,,,,  ,,,,,,  ,,  ,,,,,,,,,,,
,,420,,,,,,,,,,,,,,,,,,  ,,,,,,,,,,,,,,,  ,,,,,,  ,,  ,,,,,,,,,,,
,,421,,,,,,,,,,,,,,,,,,  ,,,,,,,,,,,,,,,  ,,,,,,  ,,  ,,,,,,,,,,,
,,422,,,,,,,,,,,,,,,,,,  ,,,,,,,,,,,,,,,  ,,,,,,  ,,  ,,,,,,,,,,,
,,423,,,,,,,,,,,,,,,,,,  ,,,,,,,,,,,,,,,  ,,,,,,  ,,  ,,,,,,,,,,,
,,424,,,,,,,,,,,,,,,,,,  ,,,,,,,,,,,,,,,  ,,,,,,  ,,  ,,,,,,,,,,,
,,425,,,,,,,,,,,,,,,,,,  ,,,,,,,,,,,,,,,  ,,,,,,  ,,  ,,,,,,,,,,,
,,426,,,,,,,,,,,,,,,,,,  ,,,,,,,,,,,,,,,  ,,,,,,  ,,  ,,,,,,,,,,,
,,427,,,,,,,,,,,,,,,,,,  ,,,,,,,,,,,,,,,  ,,,,,,  ,,  ,,,,,,,,,,,
,,428,,,,,,,,,,,,,,,,,,  ,,,,,,,,,,,,,,,  ,,,,,,  ,,  ,,,,,,,,,,,
,,429,,,,,,,,,,,,,,,,,,  ,,,,,,,,,,,,,,,  ,,,,,,  ,,  ,,,,,,,,,,,
,,430,,,,,,,,,,,,,,,,,,  ,,,,,,,,,,,,,,,  ,,,,,,  ,,  ,,,,,,,,,,,
,,431,,,,,,,,,,,,,,,,,,  ,,,,,,,,,,,,,,,  ,,,,,,  ,,  ,,,,,,,,,,,
,,432,,,,,,,,,,,,,,,,,,  ,,,,,,,,,,,,,,,  ,,,,,,  ,,  ,,,,,,,,,,,
,,433,,,,,,,,,,,,,,,,,,  ,,,,,,,,,,,,,,,  ,,,,,,  ,,  ,,,,,,,,,,,
,,434,,,,,,,,,,,,,,,,,,  ,,,,,,,,,,,,,,,  ,,,,,,  ,,  ,,,,,,,,,,,
,,435,,,,,,,,,,,,,,,,,,  ,,,,,,,,,,,,,,,  ,,,,,,  ,,  ,,,,,,,,,,,
,,436,,,,,,,,,,,,,,,,,,  ,,,,,,,,,,,,,,,  ,,,,,,  ,,  ,,,,,,,,,,,
,,437,,,,,,,,,,,,,,,,,,  ,,,,,,,,,,,,,,,  ,,,,,,  ,,  ,,,,,,,,,,,
,,438,,,,,,,,,,,,,,,,,,  ,,,,,,,,,,,,,,,  ,,,,,,  ,,  ,,,,,,,,,,,
,,439,,,,,,,,,,,,,,,,,,  ,,,,,,,,,,,,,,,  ,,,,,,  ,,  ,,,,,,,,,,,
,,440,,,,,,,,,,,,,,,,,,  ,,,,,,,,,,,,,,,  ,,,,,,  ,,  ,,,,,,,,,,,
,,441,,,,,,,,,,,,,,,,,,  ,,,,,,,,,,,,,,,  ,,,,,,  ,,  ,,,,,,,,,,,
,,442,,,,,,,,,,,,,,,,,,  ,,,,,,,,,,,,,,,  ,,,,,,  ,,  ,,,,,,,,,,,
,,443,,,,,,,,,,,,,,,,,,  ,,,,,,,,,,,,,,,  ,,,,,,  ,,  ,,,,,,,,,,,
,,444,,,,,,,,,,,,,,,,,,  ,,,,,,,,,,,,,,,  ,,,,,,  ,,  ,,,,,,,,,,,
,,445,,,,,,,,,,,,,,,,,,  ,,,,,,,,,,,,,,,  ,,,,,,  ,,  ,,,,,,,,,,,
,,446,,,,,,,,,,,,,,,,,,  ,,,,,,,,,,,,,,,  ,,,,,,  ,,  ,,,,,,,,,,,
,,447,,,,,,,,,,,,,,,,,,  ,,,,,,,,,,,,,,,  ,,,,,,  ,,  ,,,,,,,,,,,
,,448,,,,,,,,,,,,,,,,,,  ,,,,,,,,,,,,,,,  ,,,,,,  ,,  ,,,,,,,,,,,
,,449,,,,,,,,,,,,,,,,,,  ,,,,,,,,,,,,,,,  ,,,,,,  ,,  ,,,,,,,,,,,
,,450,,,,,,,,,,,,,,,,,,  ,,,,,,,,,,,,,,,  ,,,,,,  ,,  ,,,,,,,,,,,
,,451,,,,,,,,,,,,,,,,,,  ,,,,,,,,,,,,,,,  ,,,,,,  ,,  ,,,,,,,,,,,
,,452,,,,,,,,,,,,,,,,,,  ,,,,,,,,,,,,,,,  ,,,,,,  ,,  ,,,,,,,,,,,
,,453,,,,,,,,,,,,,,,,,,  ,,,,,,,,,,,,,,,  ,,,,,,  ,,  ,,,,,,,,,,,
,,454,,,,,,,,,,,,,,,,,,  ,,,,,,,,,,,,,,,  ,,,,,,  ,,  ,,,,,,,,,,,
,,455,,,,,,,,,,,,,,,,,,  ,,,,,,,,,,,,,,,  ,,,,,,  ,,  ,,,,,,,,,,,
,,456,,,,,,,,,,,,,,,,,,  ,,,,,,,,,,,,,,,  ,,,,,,  ,,  ,,,,,,,,,,,
,,457,,,,,,,,,,,,,,,,,,  ,,,,,,,,,,,,,,,  ,,,,,,  ,,  ,,,,,,,,,,,
,,458,,,,,,,,,,,,,,,,,,  ,,,,,,,,,,,,,,,  ,,,,,,  ,,  ,,,,,,,,,,,
,,459,,,,,,,,,,,,,,,,,,  ,,,,,,,,,,,,,,,  ,,,,,,  ,,  ,,,,,,,,,,,
,,460,,,,,,,,,,,,,,,,,,  ,,,,,,,,,,,,,,,  ,,,,,,  ,,  ,,,,,,,,,,,
,,461,,,,,,,,,,,,,,,,,,  ,,,,,,,,,,,,,,,  ,,,,,,  ,,  ,,,,,,,,,,,
,,462,,,,,,,,,,,,,,,,,,  ,,,,,,,,,,,,,,,  ,,,,,,  ,,  ,,,,,,,,,,,
,,463,,,,,,,,,,,,,,,,,,  ,,,,,,,,,,,,,,,  ,,,,,,  ,,  ,,,,,,,,,,,
,,464,,,,,,,,,,,,,,,,,,  ,,,,,,,,,,,,,,,  ,,,,,,  ,,  ,,,,,,,,,,,
,,465,,,,,,,,,,,,,,,,,,  ,,,,,,,,,,,,,,,  ,,,,,,  ,,  ,,,,,,,,,,,
,,466,,,,,,,,,,,,,,,,,,  ,,,,,,,,,,,,,,,  ,,,,,,  ,,  ,,,,,,,,,,,
,,467,,,,,,,,,,,,,,,,,,  ,,,,,,,,,,,,,,,  ,,,,,,  ,,  ,,,,,,,,,,,
,,468,,,,,,,,,,,,,,,,,,  ,,,,,,,,,,,,,,,  ,,,,,,  ,,  ,,,,,,,,,,,
,,469,,,,,,,,,,,,,,,,,,  ,,,,,,,,,,,,,,,  ,,,,,,  ,,  ,,,,,,,,,,,
,,470,,,,,,,,,,,,,,,,,,  ,,,,,,,,,,,,,,,  ,,,,,,  ,,  ,,,,,,,,,,,
,,471,,,,,,,,,,,,,,,,,,  ,,,,,,,,,,,,,,,  ,,,,,,  ,,  ,,,,,,,,,,,
,,472,,,,,,,,,,,,,,,,,,  ,,,,,,,,,,,,,,,  ,,,,,,  ,,  ,,,,,,,,,,,
,,473,,,,,,,,,,,,,,,,,,  ,,,,,,,,,,,,,,,  ,,,,,,  ,,  ,,,,,,,,,,,
,,474,,,,,,,,,,,,,,,,,,  ,,,,,,,,,,,,,,,  ,,,,,,  ,,  ,,,,,,,,,,,
,,475,,,,,,,,,,,,,,,,,,  ,,,,,,,,,,,,,,,  ,,,,,,  ,,  ,,,,,,,,,,,
,,476,,,,,,,,,,,,,,,,,,  ,,,,,,,,,,,,,,,  ,,,,,,  ,,  ,,,,,,,,,,,
,,477,,,,,,,,,,,,,,,,,,  ,,,,,,,,,,,,,,,  ,,,,,,  ,,  ,,,,,,,,,,,
,,478,,,,,,,,,,,,,,,,,,  ,,,,,,,,,,,,,,,  ,,,,,,  ,,  ,,,,,,,,,,,
,,479,,,,,,,,,,,,,,,,,,  ,,,,,,,,,,,,,,,  ,,,,,,  ,,  ,,,,,,,,,,,
,,480,,,,,,,,,,,,,,,,,,  ,,,,,,,,,,,,,,,  ,,,,,,  ,,  ,,,,,,,,,,,
,,481,,,,,,,,,,,,,,,,,,  ,,,,,,,,,,,,,,,  ,,,,,,  ,,  ,,,,,,,,,,,
,,482,,,,,,,,,,,,,,,,,,  ,,,,,,,,,,,,,,,  ,,,,,,  ,,  ,,,,,,,,,,,
,,483,,,,,,,,,,,,,,,,,,  ,,,,,,,,,,,,,,,  ,,,,,,  ,,  ,,,,,,,,,,,
,,484,,,,,,,,,,,,,,,,,,  ,,,,,,,,,,,,,,,  ,,,,,,  ,,  ,,,,,,,,,,,
,,485,,,,,,,,,,,,,,,,,,  ,,,,,,,,,,,,,,,  ,,,,,,  ,,  ,,,,,,,,,,,
,,486,,,,,,,,,,,,,,,,,,  ,,,,,,,,,,,,,,,  ,,,,,,  ,,  ,,,,,,,,,,,
,,487,,,,,,,,,,,,,,,,,,  ,,,,,,,,,,,,,,,  ,,,,,,  ,,  ,,,,,,,,,,,
,,488,,,,,,,,,,,,,,,,,,  ,,,,,,,,,,,,,,,  ,,,,,,  ,,  ,,,,,,,,,,,
,,489,,,,,,,,,,,,,,,,,,  ,,,,,,,,,,,,,,,  ,,,,,,  ,,  ,,,,,,,,,,,
,,490,,,,,,,,,,,,,,,,,,  ,,,,,,,,,,,,,,,  ,,,,,,  ,,  ,,,,,,,,,,,
,,491,,,,,,,,,,,,,,,,,,  ,,,,,,,,,,,,,,,  ,,,,,,  ,,  ,,,,,,,,,,,
,,492,,,,,,,,,,,,,,,,,,  ,,,,,,,,,,,,,,,  ,,,,,,  ,,  ,,,,,,,,,,,
,,493,,,,,,,,,,,,,,,,,,  ,,,,,,,,,,,,,,,  ,,,,,,  ,,  ,,,,,,,,,,,
,,494,,,,,,,,,,,,,,,,,,  ,,,,,,,,,,,,,,,  ,,,,,,  ,,  ,,,,,,,,,,,
,,495,,,,,,,,,,,,,,,,,,  ,,,,,,,,,,,,,,,  ,,,,,,  ,,  ,,,,,,,,,,,
,,496,,,,,,,,,,,,,,,,,,  ,,,,,,,,,,,,,,,  ,,,,,,  ,,  ,,,,,,,,,,,
,,497,,,,,,,,,,,,,,,,,,  ,,,,,,,,,,,,,,,  ,,,,,,  ,,  ,,,,,,,,,,,
,,498,,,,,,,,,,,,,,,,,,  ,,,,,,,,,,,,,,,  ,,,,,,  ,,  ,,,,,,,,,,,
,,499,,,,,,,,,,,,,,,,,,  ,,,,,,,,,,,,,,,  ,,,,,,  ,,  ,,,,,,,,,,,
,,500,,,,,,,,,,,,,,,,,,  ,,,,,,,,,,,,,,,  ,,,,,,  ,,  ,,,,,,,,,,,
,,501,,,,,,,,,,,,,,,,,,  ,,,,,,,,,,,,,,,  ,,,,,,  ,,  ,,,,,,,,,,,
,,502,,,,,,,,,,,,,,,,,,  ,,,,,,,,,,,,,,,  ,,,,,,  ,,  ,,,,,,,,,,,
,,503,,,,,,,,,,,,,,,,,,  ,,,,,,,,,,,,,,,  ,,,,,,  ,,  ,,,,,,,,,,,
,,504,,,,,,,,,,,,,,,,,,  ,,,,,,,,,,,,,,,  ,,,,,,  ,,  ,,,,,,,,,,,
,,505,,,,,,,,,,,,,,,,,,  ,,,,,,,,,,,,,,,  ,,,,,,  ,,  ,,,,,,,,,,,
,,506,,,,,,,,,,,,,,,,,,  ,,,,,,,,,,,,,,,  ,,,,,,  ,,  ,,,,,,,,,,,
,,507,,,,,,,,,,,,,,,,,,  ,,,,,,,,,,,,,,,  ,,,,,,  ,,  ,,,,,,,,,,,
,,508,,,,,,,,,,,,,,,,,,  ,,,,,,,,,,,,,,,  ,,,,,,  ,,  ,,,,,,,,,,,
,,509,,,,,,,,,,,,,,,,,,  ,,,,,,,,,,,,,,,  ,,,,,,  ,,  ,,,,,,,,,,,
,,510,,,,,,,,,,,,,,,,,,  ,,,,,,,,,,,,,,,  ,,,,,,  ,,  ,,,,,,,,,,,
,,511,,,,,,,,,,,,,,,,,,  ,,,,,,,,,,,,,,,  ,,,,,,  ,,  ,,,,,,,,,,,
,,512,,,,,,,,,,,,,,,,,,  ,,,,,,,,,,,,,,,  ,,,,,,  ,,  ,,,,,,,,,,,
,,513,,,,,,,,,,,,,,,,,,  ,,,,,,,,,,,,,,,  ,,,,,,  ,,  ,,,,,,,,,,,
,,514,,,,,,,,,,,,,,,,,,  ,,,,,,,,,,,,,,,  ,,,,,,  ,,  ,,,,,,,,,,,
,,515,,,,,,,,,,,,,,,,,,  ,,,,,,,,,,,,,,,  ,,,,,,  ,,  ,,,,,,,,,,,
,,516,,,,,,,,,,,,,,,,,,  ,,,,,,,,,,,,,,,  ,,,,,,  ,,  ,,,,,,,,,,,
,,517,,,,,,,,,,,,,,,,,,  ,,,,,,,,,,,,,,,  ,,,,,,  ,,  ,,,,,,,,,,,
,,518,,,,,,,,,,,,,,,,,,  ,,,,,,,,,,,,,,,  ,,,,,,  ,,  ,,,,,,,,,,,
,,519,,,,,,,,,,,,,,,,,,  ,,,,,,,,,,,,,,,  ,,,,,,  ,,  ,,,,,,,,,,,
,,520,,,,,,,,,,,,,,,,,,  ,,,,,,,,,,,,,,,  ,,,,,,  ,,  ,,,,,,,,,,,
,,521,,,,,,,,,,,,,,,,,,  ,,,,,,,,,,,,,,,  ,,,,,,  ,,  ,,,,,,,,,,,
,,522,,,,,,,,,,,,,,,,,,  ,,,,,,,,,,,,,,,  ,,,,,,  ,,  ,,,,,,,,,,,
,,523,,,,,,,,,,,,,,,,,,  ,,,,,,,,,,,,,,,  ,,,,,,  ,,  ,,,,,,,,,,,
,,524,,,,,,,,,,,,,,,,,,  ,,,,,,,,,,,,,,,  ,,,,,,  ,,  ,,,,,,,,,,,
,,525,,,,,,,,,,,,,,,,,,  ,,,,,,,,,,,,,,,  ,,,,,,  ,,  ,,,,,,,,,,,
,,526,,,,,,,,,,,,,,,,,,  ,,,,,,,,,,,,,,,  ,,,,,,  ,,  ,,,,,,,,,,,
,,527,,,,,,,,,,,,,,,,,,  ,,,,,,,,,,,,,,,  ,,,,,,  ,,  ,,,,,,,,,,,
,,528,,,,,,,,,,,,,,,,,,  ,,,,,,,,,,,,,,,  ,,,,,,  ,,  ,,,,,,,,,,,
,,529,,,,,,,,,,,,,,,,,,  ,,,,,,,,,,,,,,,  ,,,,,,  ,,  ,,,,,,,,,,,
,,530,,,,,,,,,,,,,,,,,,  ,,,,,,,,,,,,,,,  ,,,,,,  ,,  ,,,,,,,,,,,
,,531,,,,,,,,,,,,,,,,,,  ,,,,,,,,,,,,,,,  ,,,,,,  ,,  ,,,,,,,,,,,
,,532,,,,,,,,,,,,,,,,,,  ,,,,,,,,,,,,,,,  ,,,,,,  ,,  ,,,,,,,,,,,
,,533,,,,,,,,,,,,,,,,,,  ,,,,,,,,,,,,,,,  ,,,,,,  ,,  ,,,,,,,,,,,
,,534,,,,,,,,,,,,,,,,,,  ,,,,,,,,,,,,,,,  ,,,,,,  ,,  ,,,,,,,,,,,
,,535,,,,,,,,,,,,,,,,,,  ,,,,,,,,,,,,,,,  ,,,,,,  ,,  ,,,,,,,,,,,
,,536,,,,,,,,,,,,,,,,,,  ,,,,,,,,,,,,,,,  ,,,,,,  ,,  ,,,,,,,,,,,
,,537,,,,,,,,,,,,,,,,,,  ,,,,,,,,,,,,,,,  ,,,,,,  ,,  ,,,,,,,,,,,
,,538,,,,,,,,,,,,,,,,,,  ,,,,,,,,,,,,,,,  ,,,,,,  ,,  ,,,,,,,,,,,
,,539,,,,,,,,,,,,,,,,,,  ,,,,,,,,,,,,,,,  ,,,,,,  ,,  ,,,,,,,,,,,
,,540,,,,,,,,,,,,,,,,,,  ,,,,,,,,,,,,,,,  ,,,,,,  ,,  ,,,,,,,,,,,
,,541,,,,,,,,,,,,,,,,,,  ,,,,,,,,,,,,,,,  ,,,,,,  ,,  ,,,,,,,,,,,
,,542,,,,,,,,,,,,,,,,,,  ,,,,,,,,,,,,,,,  ,,,,,,  ,,  ,,,,,,,,,,,
,,543,,,,,,,,,,,,,,,,,,  ,,,,,,,,,,,,,,,  ,,,,,,  ,,  ,,,,,,,,,,,
,,544,,,,,,,,,,,,,,,,,,  ,,,,,,,,,,,,,,,  ,,,,,,  ,,  ,,,,,,,,,,,
,,545,,,,,,,,,,,,,,,,,,  ,,,,,,,,,,,,,,,  ,,,,,,  ,,  ,,,,,,,,,,,
,,546,,,,,,,,,,,,,,,,,,  ,,,,,,,,,,,,,,,  ,,,,,,  ,,  ,,,,,,,,,,,
,,547,,,,,,,,,,,,,,,,,,  ,,,,,,,,,,,,,,,  ,,,,,,  ,,  ,,,,,,,,,,,
,,548,,,,,,,,,,,,,,,,,,  ,,,,,,,,,,,,,,,  ,,,,,,  ,,  ,,,,,,,,,,,
,,549,,,,,,,,,,,,,,,,,,  ,,,,,,,,,,,,,,,  ,,,,,,  ,,  ,,,,,,,,,,,
,,550,,,,,,,,,,,,,,,,,,  ,,,,,,,,,,,,,,,  ,,,,,,  ,,  ,,,,,,,,,,,
,,551,,,,,,,,,,,,,,,,,,  ,,,,,,,,,,,,,,,  ,,,,,,  ,,  ,,,,,,,,,,,
,,552,,,,,,,,,,,,,,,,,,  ,,,,,,,,,,,,,,,  ,,,,,,  ,,  ,,,,,,,,,,,
,,553,,,,,,,,,,,,,,,,,,  ,,,,,,,,,,,,,,,  ,,,,,,  ,,  ,,,,,,,,,,,
,,554,,,,,,,,,,,,,,,,,,  ,,,,,,,,,,,,,,,  ,,,,,,  ,,  ,,,,,,,,,,,
,,555,,,,,,,,,,,,,,,,,,  ,,,,,,,,,,,,,,,  ,,,,,,  ,,  ,,,,,,,,,,,
,,556,,,,,,,,,,,,,,,,,,  ,,,,,,,,,,,,,,,  ,,,,,,  ,,  ,,,,,,,,,,,
,,557,,,,,,,,,,,,,,,,,,  ,,,,,,,,,,,,,,,  ,,,,,,  ,,  ,,,,,,,,,,,
,,558,,,,,,,,,,,,,,,,,,  ,,,,,,,,,,,,,,,  ,,,,,,  ,,  ,,,,,,,,,,,
,,559,,,,,,,,,,,,,,,,,,  ,,,,,,,,,,,,,,,  ,,,,,,  ,,  ,,,,,,,,,,,
,,560,,,,,,,,,,,,,,,,,,  ,,,,,,,,,,,,,,,  ,,,,,,  ,,  ,,,,,,,,,,,
,,561,,,,,,,,,,,,,,,,,,  ,,,,,,,,,,,,,,,  ,,,,,,  ,,  ,,,,,,,,,,,
,,562,,,,,,,,,,,,,,,,,,  ,,,,,,,,,,,,,,,  ,,,,,,  ,,  ,,,,,,,,,,,
,,563,,,,,,,,,,,,,,,,,,  ,,,,,,,,,,,,,,,  ,,,,,,  ,,  ,,,,,,,,,,,
,,564,,,,,,,,,,,,,,,,,,  ,,,,,,,,,,,,,,,  ,,,,,,  ,,  ,,,,,,,,,,,
,,565,,,,,,,,,,,,,,,,,,  ,,,,,,,,,,,,,,,  ,,,,,,  ,,  ,,,,,,,,,,,
,,566,,,,,,,,,,,,,,,,,,  ,,,,,,,,,,,,,,,  ,,,,,,  ,,  ,,,,,,,,,,,
,,567,,,,,,,,,,,,,,,,,,  ,,,,,,,,,,,,,,,  ,,,,,,  ,,  ,,,,,,,,,,,
,,568,,,,,,,,,,,,,,,,,,  ,,,,,,,,,,,,,,,  ,,,,,,  ,,  ,,,,,,,,,,,
,,569,,,,,,,,,,,,,,,,,,  ,,,,,,,,,,,,,,,  ,,,,,,  ,,  ,,,,,,,,,,,
,,570,,,,,,,,,,,,,,,,,,  ,,,,,,,,,,,,,,,  ,,,,,,  ,,  ,,,,,,,,,,,
,,571,,,,,,,,,,,,,,,,,,  ,,,,,,,,,,,,,,,  ,,,,,,  ,,  ,,,,,,,,,,,
,,572,,,,,,,,,,,,,,,,,,  ,,,,,,,,,,,,,,,  ,,,,,,  ,,  ,,,,,,,,,,,
,,573,,,,,,,,,,,,,,,,,,  ,,,,,,,,,,,,,,,  ,,,,,,  ,,  ,,,,,,,,,,,
,,574,,,,,,,,,,,,,,,,,,  ,,,,,,,,,,,,,,,  ,,,,,,  ,,  ,,,,,,,,,,,
,,575,,,,,,,,,,,,,,,,,,  ,,,,,,,,,,,,,,,  ,,,,,,  ,,  ,,,,,,,,,,,
,,576,,,,,,,,,,,,,,,,,,  ,,,,,,,,,,,,,,,  ,,,,,,  ,,  ,,,,,,,,,,,
,,577,,,,,,,,,,,,,,,,,,  ,,,,,,,,,,,,,,,  ,,,,,,  ,,  ,,,,,,,,,,,
,,578,,,,,,,,,,,,,,,,,,  ,,,,,,,,,,,,,,,  ,,,,,,  ,,  ,,,,,,,,,,,
,,579,,,,,,,,,,,,,,,,,,  ,,,,,,,,,,,,,,,  ,,,,,,  ,,  ,,,,,,,,,,,
,,580,,,,,,,,,,,,,,,,,,  ,,,,,,,,,,,,,,,  ,,,,,,  ,,  ,,,,,,,,,,,
,,581,,,,,,,,,,,,,,,,,,  ,,,,,,,,,,,,,,,  ,,,,,,  ,,  ,,,,,,,,,,,
,,582,,,,,,,,,,,,,,,,,,  ,,,,,,,,,,,,,,,  ,,,,,,  ,,  ,,,,,,,,,,,
,,583,,,,,,,,,,,,,,,,,,  ,,,,,,,,,,,,,,,  ,,,,,,  ,,  ,,,,,,,,,,,
,,584,,,,,,,,,,,,,,,,,,  ,,,,,,,,,,,,,,,  ,,,,,,  ,,  ,,,,,,,,,,,
,,585,,,,,,,,,,,,,,,,,,  ,,,,,,,,,,,,,,,  ,,,,,,  ,,  ,,,,,,,,,,,
,,586,,,,,,,,,,,,,,,,,,  ,,,,,,,,,,,,,,,  ,,,,,,  ,,  ,,,,,,,,,,,
,,587,,,,,,,,,,,,,,,,,,  ,,,,,,,,,,,,,,,  ,,,,,,  ,,  ,,,,,,,,,,,
,,588,,,,,,,,,,,,,,,,,,  ,,,,,,,,,,,,,,,  ,,,,,,  ,,  ,,,,,,,,,,,
,,589,,,,,,,,,,,,,,,,,,  ,,,,,,,,,,,,,,,  ,,,,,,  ,,  ,,,,,,,,,,,
,,590,,,,,,,,,,,,,,,,,,  ,,,,,,,,,,,,,,,  ,,,,,,  ,,  ,,,,,,,,,,,
,,591,,,,,,,,,,,,,,,,,,  ,,,,,,,,,,,,,,,  ,,,,,,  ,,  ,,,,,,,,,,,
,,592,,,,,,,,,,,,,,,,,,  ,,,,,,,,,,,,,,,  ,,,,,,  ,,  ,,,,,,,,,,,
,,593,,,,,,,,,,,,,,,,,,  ,,,,,,,,,,,,,,,  ,,,,,,  ,,  ,,,,,,,,,,,
,,594,,,,,,,,,,,,,,,,,,  ,,,,,,,,,,,,,,,  ,,,,,,  ,,  ,,,,,,,,,,,
,,595,,,,,,,,,,,,,,,,,,  ,,,,,,,,,,,,,,,  ,,,,,,  ,,  ,,,,,,,,,,,
,,596,,,,,,,,,,,,,,,,,,  ,,,,,,,,,,,,,,,  ,,,,,,  ,,  ,,,,,,,,,,,
,,597,,,,,,,,,,,,,,,,,,  ,,,,,,,,,,,,,,,  ,,,,,,  ,,  ,,,,,,,,,,,
,,598,,,,,,,,,,,,,,,,,,  ,,,,,,,,,,,,,,,  ,,,,,,  ,,  ,,,,,,,,,,,
,,599,,,,,,,,,,,,,,,,,,  ,,,,,,,,,,,,,,,  ,,,,,,  ,,  ,,,,,,,,,,,
,,600,,,,,,,,,,,,,,,,,,  ,,,,,,,,,,,,,,,  ,,,,,,  ,,  ,,,,,,,,,,,
,,601,,,,,,,,,,,,,,,,,,  ,,,,,,,,,,,,,,,  ,,,,,,  ,,  ,,,,,,,,,,,
,,602,,,,,,,,,,,,,,,,,,  ,,,,,,,,,,,,,,,  ,,,,,,  ,,  ,,,,,,,,,,,
,,603,,,,,,,,,,,,,,,,,,  ,,,,,,,,,,,,,,,  ,,,,,,  ,,  ,,,,,,,,,,,
,,604,,,,,,,,,,,,,,,,,,  ,,,,,,,,,,,,,,,  ,,,,,,  ,,  ,,,,,,,,,,,
,,605,,,,,,,,,,,,,,,,,,  ,,,,,,,,,,,,,,,  ,,,,,,  ,,  ,,,,,,,,,,,
,,606,,,,,,,,,,,,,,,,,,  ,,,,,,,,,,,,,,,  ,,,,,,  ,,  ,,,,,,,,,,,
,,607,,,,,,,,,,,,,,,,,,  ,,,,,,,,,,,,,,,  ,,,,,,  ,,  ,,,,,,,,,,,
,,608,,,,,,,,,,,,,,,,,,  ,,,,,,,,,,,,,,,  ,,,,,,  ,,  ,,,,,,,,,,,
,,609,,,,,,,,,,,,,,,,,,  ,,,,,,,,,,,,,,,  ,,,,,,  ,,  ,,,,,,,,,,,
,,610,,,,,,,,,,,,,,,,,,  ,,,,,,,,,,,,,,,  ,,,,,,  ,,  ,,,,,,,,,,,
,,611,,,,,,,,,,,,,,,,,,  ,,,,,,,,,,,,,,,  ,,,,,,  ,,  ,,,,,,,,,,,
,,612,,,,,,,,,,,,,,,,,,  ,,,,,,,,,,,,,,,  ,,,,,,  ,,  ,,,,,,,,,,,
,,613,,,,,,,,,,,,,,,,,,  ,,,,,,,,,,,,,,,  ,,,,,,  ,,  ,,,,,,,,,,,
,,614,,,,,,,,,,,,,,,,,,  ,,,,,,,,,,,,,,,  ,,,,,,  ,,  ,,,,,,,,,,,
,,615,,,,,,,,,,,,,,,,,,  ,,,,,,,,,,,,,,,  ,,,,,,  ,,  ,,,,,,,,,,,
,,616,,,,,,,,,,,,,,,,,,  ,,,,,,,,,,,,,,,  ,,,,,,  ,,  ,,,,,,,,,,,
,,617,,,,,,,,,,,,,,,,,,  ,,,,,,,,,,,,,,,  ,,,,,,  ,,  ,,,,,,,,,,,
,,618,,,,,,,,,,,,,,,,,,  ,,,,,,,,,,,,,,,  ,,,,,,  ,,  ,,,,,,,,,,,
,,619,,,,,,,,,,,,,,,,,,  ,,,,,,,,,,,,,,,  ,,,,,,  ,,  ,,,,,,,,,,,
,,620,,,,,,,,,,,,,,,,,,  ,,,,,,,,,,,,,,,  ,,,,,,  ,,  ,,,,,,,,,,,
,,621,,,,,,,,,,,,,,,,,,  ,,,,,,,,,,,,,,,  ,,,,,,  ,,  ,,,,,,,,,,,
,,622,,,,,,,,,,,,,,,,,,  ,,,,,,,,,,,,,,,  ,,,,,,  ,,  ,,,,,,,,,,,
,,623,,,,,,,,,,,,,,,,,,  ,,,,,,,,,,,,,,,  ,,,,,,  ,,  ,,,,,,,,,,,
,,624,,,,,,,,,,,,,,,,,,  ,,,,,,,,,,,,,,,  ,,,,,,  ,,  ,,,,,,,,,,,
,,625,,,,,,,,,,,,,,,,,,  ,,,,,,,,,,,,,,,  ,,,,,,  ,,  ,,,,,,,,,,,
,,626,,,,,,,,,,,,,,,,,,  ,,,,,,,,,,,,,,,  ,,,,,,  ,,  ,,,,,,,,,,,
,,627,,,,,,,,,,,,,,,,,,  ,,,,,,,,,,,,,,,  ,,,,,,  ,,  ,,,,,,,,,,,
,,628,,,,,,,,,,,,,,,,,,  ,,,,,,,,,,,,,,,  ,,,,,,  ,,  ,,,,,,,,,,,
,,629,,,,,,,,,,,,,,,,,,  ,,,,,,,,,,,,,,,  ,,,,,,  ,,  ,,,,,,,,,,,
,,630,,,,,,,,,,,,,,,,,,  ,,,,,,,,,,,,,,,  ,,,,,,  ,,  ,,,,,,,,,,,
,,631,,,,,,,,,,,,,,,,,,  ,,,,,,,,,,,,,,,  ,,,,,,  ,,  ,,,,,,,,,,,
,,632,,,,,,,,,,,,,,,,,,  ,,,,,,,,,,,,,,,  ,,,,,,  ,,  ,,,,,,,,,,,
,,633,,,,,,,,,,,,,,,,,,  ,,,,,,,,,,,,,,,  ,,,,,,  ,,  ,,,,,,,,,,,
,,634,,,,,,,,,,,,,,,,,,  ,,,,,,,,,,,,,,,  ,,,,,,  ,,  ,,,,,,,,,,,
,,635,,,,,,,,,,,,,,,,,,  ,,,,,,,,,,,,,,,  ,,,,,,  ,,  ,,,,,,,,,,,
,,636,,,,,,,,,,,,,,,,,,  ,,,,,,,,,,,,,,,  ,,,,,,  ,,  ,,,,,,,,,,,
,,637,,,,,,,,,,,,,,,,,,  ,,,,,,,,,,,,,,,  ,,,,,,  ,,  ,,,,,,,,,,,
,,638,,,,,,,,,,,,,,,,,,  ,,,,,,,,,,,,,,,  ,,,,,,  ,,  ,,,,,,,,,,,
,,639,,,,,,,,,,,,,,,,,,  ,,,,,,,,,,,,,,,  ,,,,,,  ,,  ,,,,,,,,,,,
,,640,,,,,,,,,,,,,,,,,,  ,,,,,,,,,,,,,,,  ,,,,,,  ,,  ,,,,,,,,,,,
,,641,,,,,,,,,,,,,,,,,,  ,,,,,,,,,,,,,,,  ,,,,,,  ,,  ,,,,,,,,,,,
,,642,,,,,,,,,,,,,,,,,,  ,,,,,,,,,,,,,,,  ,,,,,,  ,,  ,,,,,,,,,,,
,,643,,,,,,,,,,,,,,,,,,  ,,,,,,,,,,,,,,,  ,,,,,,  ,,  ,,,,,,,,,,,
,,644,,,,,,,,,,,,,,,,,,  ,,,,,,,,,,,,,,,  ,,,,,,  ,,  ,,,,,,,,,,,
,,645,,,,,,,,,,,,,,,,,,  ,,,,,,,,,,,,,,,  ,,,,,,  ,,  ,,,,,,,,,,,
,,646,,,,,,,,,,,,,,,,,,  ,,,,,,,,,,,,,,,  ,,,,,,  ,,  ,,,,,,,,,,,
,,647,,,,,,,,,,,,,,,,,,  ,,,,,,,,,,,,,,,  ,,,,,,  ,,  ,,,,,,,,,,,
,,648,,,,,,,,,,,,,,,,,,  ,,,,,,,,,,,,,,,  ,,,,,,  ,,  ,,,,,,,,,,,
,,649,,,,,,,,,,,,,,,,,,  ,,,,,,,,,,,,,,,  ,,,,,,  ,,  ,,,,,,,,,,,
,,650,,,,,,,,,,,,,,,,,,  ,,,,,,,,,,,,,,,  ,,,,,,  ,,  ,,,,,,,,,,,
,,651,,,,,,,,,,,,,,,,,,  ,,,,,,,,,,,,,,,  ,,,,,,  ,,  ,,,,,,,,,,,
,,652,,,,,,,,,,,,,,,,,,  ,,,,,,,,,,,,,,,  ,,,,,,  ,,  ,,,,,,,,,,,
,,653,,,,,,,,,,,,,,,,,,  ,,,,,,,,,,,,,,,  ,,,,,,  ,,  ,,,,,,,,,,,
,,654,,,,,,,,,,,,,,,,,,  ,,,,,,,,,,,,,,,  ,,,,,,  ,,  ,,,,,,,,,,,
,,655,,,,,,,,,,,,,,,,,,  ,,,,,,,,,,,,,,,  ,,,,,,  ,,  ,,,,,,,,,,,
,,656,,,,,,,,,,,,,,,,,,  ,,,,,,,,,,,,,,,  ,,,,,,  ,,  ,,,,,,,,,,,
,,657,,,,,,,,,,,,,,,,,,  ,,,,,,,,,,,,,,,  ,,,,,,  ,,  ,,,,,,,,,,,
,,658,,,,,,,,,,,,,,,,,,  ,,,,,,,,,,,,,,,  ,,,,,,  ,,  ,,,,,,,,,,,
,,659,,,,,,,,,,,,,,,,,,  ,,,,,,,,,,,,,,,  ,,,,,,  ,,  ,,,,,,,,,,,
,,660,,,,,,,,,,,,,,,,,,  ,,,,,,,,,,,,,,,  ,,,,,,  ,,  ,,,,,,,,,,,
,,661,,,,,,,,,,,,,,,,,,  ,,,,,,,,,,,,,,,  ,,,,,,  ,,  ,,,,,,,,,,,
,,662,,,,,,,,,,,,,,,,,,  ,,,,,,,,,,,,,,,  ,,,,,,  ,,  ,,,,,,,,,,,
,,663,,,,,,,,,,,,,,,,,,  ,,,,,,,,,,,,,,,  ,,,,,,  ,,  ,,,,,,,,,,,
,,664,,,,,,,,,,,,,,,,,,  ,,,,,,,,,,,,,,,  ,,,,,,  ,,  ,,,,,,,,,,,
,,665,,,,,,,,,,,,,,,,,,  ,,,,,,,,,,,,,,,  ,,,,,,  ,,  ,,,,,,,,,,,
,,666,,,,,,,,,,,,,,,,,,  ,,,,,,,,,,,,,,,  ,,,,,,  ,,  ,,,,,,,,,,,
,,667,,,,,,,,,,,,,,,,,,  ,,,,,,,,,,,,,,,  ,,,,,,  ,,  ,,,,,,,,,,,
,,668,,,,,,,,,,,,,,,,,,  ,,,,,,,,,,,,,,,  ,,,,,,  ,,  ,,,,,,,,,,,
,,669,,,,,,,,,,,,,,,,,,  ,,,,,,,,,,,,,,,  ,,,,,,  ,,  ,,,,,,,,,,,
,,670,,,,,,,,,,,,,,,,,,  ,,,,,,,,,,,,,,,  ,,,,,,  ,,  ,,,,,,,,,,,
,,671,,,,,,,,,,,,,,,,,,  ,,,,,,,,,,,,,,,  ,,,,,,  ,,  ,,,,,,,,,,,
,,672,,,,,,,,,,,,,,,,,,  ,,,,,,,,,,,,,,,  ,,,,,,  ,,  ,,,,,,,,,,,
,,673,,,,,,,,,,,,,,,,,,  ,,,,,,,,,,,,,,,  ,,,,,,  ,,  ,,,,,,,,,,,
,,674,,,,,,,,,,,,,,,,,,  ,,,,,,,,,,,,,,,  ,,,,,,  ,,  ,,,,,,,,,,,
,,675,,,,,,,,,,,,,,,,,,  ,,,,,,,,,,,,,,,  ,,,,,,  ,,  ,,,,,,,,,,,
,,676,,,,,,,,,,,,,,,,,,  ,,,,,,,,,,,,,,,  ,,,,,,  ,,  ,,,,,,,,,,,
,,677,,,,,,,,,,,,,,,,,,  ,,,,,,,,,,,,,,,  ,,,,,,  ,,  ,,,,,,,,,,,
,,678,,,,,,,,,,,,,,,,,,  ,,,,,,,,,,,,,,,  ,,,,,,  ,,  ,,,,,,,,,,,
,,679,,,,,,,,,,,,,,,,,,  ,,,,,,,,,,,,,,,  ,,,,,,  ,,  ,,,,,,,,,,,
,,680,,,,,,,,,,,,,,,,,,  ,,,,,,,,,,,,,,,  ,,,,,,  ,,  ,,,,,,,,,,,
,,681,,,,,,,,,,,,,,,,,,  ,,,,,,,,,,,,,,,  ,,,,,,  ,,  ,,,,,,,,,,,
,,682,,,,,,,,,,,,,,,,,,  ,,,,,,,,,,,,,,,  ,,,,,,  ,,  ,,,,,,,,,,,
,,683,,,,,,,,,,,,,,,,,,  ,,,,,,,,,,,,,,,  ,,,,,,  ,,  ,,,,,,,,,,,
,,684,,,,,,,,,,,,,,,,,,  ,,,,,,,,,,,,,,,  ,,,,,,  ,,  ,,,,,,,,,,,
,,685,,,,,,,,,,,,,,,,,,  ,,,,,,,,,,,,,,,  ,,,,,,  ,,  ,,,,,,,,,,,
,,686,,,,,,,,,,,,,,,,,,  ,,,,,,,,,,,,,,,  ,,,,,,  ,,  ,,,,,,,,,,,
,,687,,,,,,,,,,,,,,,,,,  ,,,,,,,,,,,,,,,  ,,,,,,  ,,  ,,,,,,,,,,,
,,688,,,,,,,,,,,,,,,,,,  ,,,,,,,,,,,,,,,  ,,,,,,  ,,  ,,,,,,,,,,,
,,689,,,,,,,,,,,,,,,,,,  ,,,,,,,,,,,,,,,  ,,,,,,  ,,  ,,,,,,,,,,,
,,690,,,,,,,,,,,,,,,,,,  ,,,,,,,,,,,,,,,  ,,,,,,  ,,  ,,,,,,,,,,,
,,691,,,,,,,,,,,,,,,,,,  ,,,,,,,,,,,,,,,  ,,,,,,  ,,  ,,,,,,,,,,,
,,692,,,,,,,,,,,,,,,,,,  ,,,,,,,,,,,,,,,  ,,,,,,  ,,  ,,,,,,,,,,,
,,693,,,,,,,,,,,,,,,,,,  ,,,,,,,,,,,,,,,  ,,,,,,  ,,  ,,,,,,,,,,,
,,694,,,,,,,,,,,,,,,,,,  ,,,,,,,,,,,,,,,  ,,,,,,  ,,  ,,,,,,,,,,,
,,695,,,,,,,,,,,,,,,,,,  ,,,,,,,,,,,,,,,  ,,,,,,  ,,  ,,,,,,,,,,,
,,696,,,,,,,,,,,,,,,,,,  ,,,,,,,,,,,,,,,  ,,,,,,  ,,  ,,,,,,,,,,,
,,697,,,,,,,,,,,,,,,,,,  ,,,,,,,,,,,,,,,  ,,,,,,  ,,  ,,,,,,,,,,,
,,698,,,,,,,,,,,,,,,,,,  ,,,,,,,,,,,,,,,  ,,,,,,  ,,  ,,,,,,,,,,,
,,699,,,,,,,,,,,,,,,,,,  ,,,,,,,,,,,,,,,  ,,,,,,  ,,  ,,,,,,,,,,,
,,700,,,,,,,,,,,,,,,,,,  ,,,,,,,,,,,,,,,  ,,,,,,  ,,  ,,,,,,,,,,,
,,701,,,,,,,,,,,,,,,,,,  ,,,,,,,,,,,,,,,  ,,,,,,  ,,  ,,,,,,,,,,,
,,702,,,,,,,,,,,,,,,,,,  ,,,,,,,,,,,,,,,  ,,,,,,  ,,  ,,,,,,,,,,,
,,703,,,,,,,,,,,,,,,,,,  ,,,,,,,,,,,,,,,  ,,,,,,  ,,  ,,,,,,,,,,,
,,704,,,,,,,,,,,,,,,,,,  ,,,,,,,,,,,,,,,  ,,,,,,  ,,  ,,,,,,,,,,,
,,705,,,,,,,,,,,,,,,,,,  ,,,,,,,,,,,,,,,  ,,,,,,  ,,  ,,,,,,,,,,,
,,706,,,,,,,,,,,,,,,,,,  ,,,,,,,,,,,,,,,  ,,,,,,  ,,  ,,,,,,,,,,,
,,707,,,,,,,,,,,,,,,,,,  ,,,,,,,,,,,,,,,  ,,,,,,  ,,  ,,,,,,,,,,,
,,708,,,,,,,,,,,,,,,,,,  ,,,,,,,,,,,,,,,  ,,,,,,  ,,  ,,,,,,,,,,,
,,709,,,,,,,,,,,,,,,,,,  ,,,,,,,,,,,,,,,  ,,,,,,  ,,  ,,,,,,,,,,,
,,710,,,,,,,,,,,,,,,,,,  ,,,,,,,,,,,,,,,  ,,,,,,  ,,  ,,,,,,,,,,,
,,711,,,,,,,,,,,,,,,,,,  ,,,,,,,,,,,,,,,  ,,,,,,  ,,  ,,,,,,,,,,,
,,712,,,,,,,,,,,,,,,,,,  ,,,,,,,,,,,,,,,  ,,,,,,  ,,  ,,,,,,,,,,,
,,713,,,,,,,,,,,,,,,,,,  ,,,,,,,,,,,,,,,  ,,,,,,  ,,  ,,,,,,,,,,,
,,714,,,,,,,,,,,,,,,,,,  ,,,,,,,,,,,,,,,  ,,,,,,  ,,  ,,,,,,,,,,,
,,715,,,,,,,,,,,,,,,,,,  ,,,,,,,,,,,,,,,  ,,,,,,  ,,  ,,,,,,,,,,,
,,716,,,,,,,,,,,,,,,,,,  ,,,,,,,,,,,,,,,  ,,,,,,  ,,  ,,,,,,,,,,,
,,717,,,,,,,,,,,,,,,,,,  ,,,,,,,,,,,,,,,  ,,,,,,  ,,  ,,,,,,,,,,,
,,718,,,,,,,,,,,,,,,,,,  ,,,,,,,,,,,,,,,  ,,,,,,  ,,  ,,,,,,,,,,,
,,719,,,,,,,,,,,,,,,,,,  ,,,,,,,,,,,,,,,  ,,,,,,  ,,  ,,,,,,,,,,,
,,720,,,,,,,,,,,,,,,,,,  ,,,,,,,,,,,,,,,  ,,,,,,  ,,  ,,,,,,,,,,,
,,721,,,,,,,,,,,,,,,,,,  ,,,,,,,,,,,,,,,  ,,,,,,  ,,  ,,,,,,,,,,,
,,722,,,,,,,,,,,,,,,,,,  ,,,,,,,,,,,,,,,  ,,,,,,  ,,  ,,,,,,,,,,,
,,723,,,,,,,,,,,,,,,,,,  ,,,,,,,,,,,,,,,  ,,,,,,  ,,  ,,,,,,,,,,,
,,724,,,,,,,,,,,,,,,,,,  ,,,,,,,,,,,,,,,  ,,,,,,  ,,  ,,,,,,,,,,,
,,725,,,,,,,,,,,,,,,,,,  ,,,,,,,,,,,,,,,  ,,,,,,  ,,  ,,,,,,,,,,,
,,726,,,,,,,,,,,,,,,,,,  ,,,,,,,,,,,,,,,  ,,,,,,  ,,  ,,,,,,,,,,,
,,727,,,,,,,,,,,,,,,,,,  ,,,,,,,,,,,,,,,  ,,,,,,  ,,  ,,,,,,,,,,,
,,728,,,,,,,,,,,,,,,,,,  ,,,,,,,,,,,,,,,  ,,,,,,  ,,  ,,,,,,,,,,,
,,729,,,,,,,,,,,,,,,,,,  ,,,,,,,,,,,,,,,  ,,,,,,  ,,  ,,,,,,,,,,,
,,730,,,,,,,,,,,,,,,,,,  ,,,,,,,,,,,,,,,  ,,,,,,  ,,  ,,,,,,,,,,,
,,731,,,,,,,,,,,,,,,,,,  ,,,,,,,,,,,,,,,  ,,,,,,  ,,  ,,,,,,,,,,,
,,732,,,,,,,,,,,,,,,,,,  ,,,,,,,,,,,,,,,  ,,,,,,  ,,  ,,,,,,,,,,,
,,733,,,,,,,,,,,,,,,,,,  ,,,,,,,,,,,,,,,  ,,,,,,  ,,  ,,,,,,,,,,,
,,734,,,,,,,,,,,,,,,,,,  ,,,,,,,,,,,,,,,  ,,,,,,  ,,  ,,,,,,,,,,,
,,735,,,,,,,,,,,,,,,,,,  ,,,,,,,,,,,,,,,  ,,,,,,  ,,  ,,,,,,,,,,,
,,736,,,,,,,,,,,,,,,,,,  ,,,,,,,,,,,,,,,  ,,,,,,  ,,  ,,,,,,,,,,,
,,737,,,,,,,,,,,,,,,,,,  ,,,,,,,,,,,,,,,  ,,,,,,  ,,  ,,,,,,,,,,,
,,738,,,,,,,,,,,,,,,,,,  ,,,,,,,,,,,,,,,  ,,,,,,  ,,  ,,,,,,,,,,,
,,739,,,,,,,,,,,,,,,,,,  ,,,,,,,,,,,,,,,  ,,,,,,  ,,  ,,,,,,,,,,,
,,740,,,,,,,,,,,,,,,,,,  ,,,,,,,,,,,,,,,  ,,,,,,  ,,  ,,,,,,,,,,,
,,741,,,,,,,,,,,,,,,,,,  ,,,,,,,,,,,,,,,  ,,,,,,  ,,  ,,,,,,,,,,,
,,742,,,,,,,,,,,,,,,,,,  ,,,,,,,,,,,,,,,  ,,,,,,  ,,  ,,,,,,,,,,,
,,743,,,,,,,,,,,,,,,,,,  ,,,,,,,,,,,,,,,  ,,,,,,  ,,  ,,,,,,,,,,,
,,744,,,,,,,,,,,,,,,,,,  ,,,,,,,,,,,,,,,  ,,,,,,  ,,  ,,,,,,,,,,,
,,745,,,,,,,,,,,,,,,,,,  ,,,,,,,,,,,,,,,  ,,,,,,  ,,  ,,,,,,,,,,,
,,746,,,,,,,,,,,,,,,,,,  ,,,,,,,,,,,,,,,  ,,,,,,  ,,  ,,,,,,,,,,,
,,747,,,,,,,,,,,,,,,,,,  ,,,,,,,,,,,,,,,  ,,,,,,  ,,  ,,,,,,,,,,,
,,748,,,,,,,,,,,,,,,,,,  ,,,,,,,,,,,,,,,  ,,,,,,  ,,  ,,,,,,,,,,,
,,749,,,,,,,,,,,,,,,,,,  ,,,,,,,,,,,,,,,  ,,,,,,  ,,  ,,,,,,,,,,,
,,750,,,,,,,,,,,,,,,,,,  ,,,,,,,,,,,,,,,  ,,,,,,  ,,  ,,,,,,,,,,,
,,751,,,,,,,,,,,,,,,,,,  ,,,,,,,,,,,,,,,  ,,,,,,  ,,  ,,,,,,,,,,,
,,752,,,,,,,,,,,,,,,,,,  ,,,,,,,,,,,,,,,  ,,,,,,  ,,  ,,,,,,,,,,,
,,753,,,,,,,,,,,,,,,,,,  ,,,,,,,,,,,,,,,  ,,,,,,  ,,  ,,,,,,,,,,,
,,754,,,,,,,,,,,,,,,,,,  ,,,,,,,,,,,,,,,  ,,,,,,  ,,  ,,,,,,,,,,,
,,755,,,,,,,,,,,,,,,,,,  ,,,,,,,,,,,,,,,  ,,,,,,  ,,  ,,,,,,,,,,,
,,756,,,,,,,,,,,,,,,,,,  ,,,,,,,,,,,,,,,  ,,,,,,  ,,  ,,,,,,,,,,,
,,757,,,,,,,,,,,,,,,,,,  ,,,,,,,,,,,,,,,  ,,,,,,  ,,  ,,,,,,,,,,,
,,758,,,,,,,,,,,,,,,,,,  ,,,,,,,,,,,,,,,  ,,,,,,  ,,  ,,,,,,,,,,,
,,759,,,,,,,,,,,,,,,,,,  ,,,,,,,,,,,,,,,  ,,,,,,  ,,  ,,,,,,,,,,,
,,760,,,,,,,,,,,,,,,,,,  ,,,,,,,,,,,,,,,  ,,,,,,  ,,  ,,,,,,,,,,,
,,761,,,,,,,,,,,,,,,,,,  ,,,,,,,,,,,,,,,  ,,,,,,  ,,  ,,,,,,,,,,,
,,762,,,,,,,,,,,,,,,,,,  ,,,,,,,,,,,,,,,  ,,,,,,  ,,  ,,,,,,,,,,,
,,763,,,,,,,,,,,,,,,,,,  ,,,,,,,,,,,,,,,  ,,,,,,  ,,  ,,,,,,,,,,,
,,764,,,,,,,,,,,,,,,,,,  ,,,,,,,,,,,,,,,  ,,,,,,  ,,  ,,,,,,,,,,,
,,765,,,,,,,,,,,,,,,,,,  ,,,,,,,,,,,,,,,  ,,,,,,  ,,  ,,,,,,,,,,,
,,766,,,,,,,,,,,,,,,,,,  ,,,,,,,,,,,,,,,  ,,,,,,  ,,  ,,,,,,,,,,,
,,767,,,,,,,,,,,,,,,,,,  ,,,,,,,,,,,,,,,  ,,,,,,  ,,  ,,,,,,,,,,,
,,768,,,,,,,,,,,,,,,,,,  ,,,,,,,,,,,,,,,  ,,,,,,  ,,  ,,,,,,,,,,,
,,769,,,,,,,,,,,,,,,,,,  ,,,,,,,,,,,,,,,  ,,,,,,  ,,  ,,,,,,,,,,,
,,770,,,,,,,,,,,,,,,,,,  ,,,,,,,,,,,,,,,  ,,,,,,  ,,  ,,,,,,,,,,,
,,771,,,,,,,,,,,,,,,,,,  ,,,,,,,,,,,,,,,  ,,,,,,  ,,  ,,,,,,,,,,,
,,772,,,,,,,,,,,,,,,,,,  ,,,,,,,,,,,,,,,  ,,,,,,  ,,  ,,,,,,,,,,,
,,773,,,,,,,,,,,,,,,,,,  ,,,,,,,,,,,,,,,  ,,,,,,  ,,  ,,,,,,,,,,,
,,774,,,,,,,,,,,,,,,,,,  ,,,,,,,,,,,,,,,  ,,,,,,  ,,  ,,,,,,,,,,,
,,775,,,,,,,,,,,,,,,,,,  ,,,,,,,,,,,,,,,  ,,,,,,  ,,  ,,,,,,,,,,,
,,776,,,,,,,,,,,,,,,,,,  ,,,,,,,,,,,,,,,  ,,,,,,  ,,  ,,,,,,,,,,,
,,777,,,,,,,,,,,,,,,,,,  ,,,,,,,,,,,,,,,  ,,,,,,  ,,  ,,,,,,,,,,,
,,778,,,,,,,,,,,,,,,,,,  ,,,,,,,,,,,,,,,  ,,,,,,  ,,  ,,,,,,,,,,,
,,779,,,,,,,,,,,,,,,,,,  ,,,,,,,,,,,,,,,  ,,,,,,  ,,  ,,,,,,,,,,,
,,780,,,,,,,,,,,,,,,,,,  ,,,,,,,,,,,,,,,  ,,,,,,  ,,  ,,,,,,,,,,,
,,781,,,,,,,,,,,,,,,,,,  ,,,,,,,,,,,,,,,  ,,,,,,  ,,  ,,,,,,,,,,,
,,782,,,,,,,,,,,,,,,,,,  ,,,,,,,,,,,,,,,  ,,,,,,  ,,  ,,,,,,,,,,,
,,783,,,,,,,,,,,,,,,,,,  ,,,,,,,,,,,,,,,  ,,,,,,  ,,  ,,,,,,,,,,,
,,784,,,,,,,,,,,,,,,,,,  ,,,,,,,,,,,,,,,  ,,,,,,  ,,  ,,,,,,,,,,,
,,785,,,,,,,,,,,,,,,,,,  ,,,,,,,,,,,,,,,  ,,,,,,  ,,  ,,,,,,,,,,,
,,786,,,,,,,,,,,,,,,,,,  ,,,,,,,,,,,,,,,  ,,,,,,  ,,  ,,,,,,,,,,,
,,787,,,,,,,,,,,,,,,,,,  ,,,,,,,,,,,,,,,  ,,,,,,  ,,  ,,,,,,,,,,,
,,788,,,,,,,,,,,,,,,,,,  ,,,,,,,,,,,,,,,  ,,,,,,  ,,  ,,,,,,,,,,,
,,789,,,,,,,,,,,,,,,,,,  ,,,,,,,,,,,,,,,  ,,,,,,  ,,  ,,,,,,,,,,,
,,790,,,,,,,,,,,,,,,,,,  ,,,,,,,,,,,,,,,  ,,,,,,  ,,  ,,,,,,,,,,,
,,791,,,,,,,,,,,,,,,,,,  ,,,,,,,,,,,,,,,  ,,,,,,  ,,  ,,,,,,,,,,,
,,792,,,,,,,,,,,,,,,,,,  ,,,,,,,,,,,,,,,  ,,,,,,  ,,  ,,,,,,,,,,,
,,793,,,,,,,,,,,,,,,,,,  ,,,,,,,,,,,,,,,  ,,,,,,  ,,  ,,,,,,,,,,,
,,794,,,,,,,,,,,,,,,,,,  ,,,,,,,,,,,,,,,  ,,,,,,  ,,  ,,,,,,,,,,,
,,795,,,,,,,,,,,,,,,,,,  ,,,,,,,,,,,,,,,  ,,,,,,  ,,  ,,,,,,,,,,,
,,796,,,,,,,,,,,,,,,,,,  ,,,,,,,,,,,,,,,  ,,,,,,  ,,  ,,,,,,,,,,,
,,797,,,,,,,,,,,,,,,,,,  ,,,,,,,,,,,,,,,  ,,,,,,  ,,  ,,,,,,,,,,,
,,798,,,,,,,,,,,,,,,,,,  ,,,,,,,,,,,,,,,  ,,,,,,  ,,  ,,,,,,,,,,,
,,799,,,,,,,,,,,,,,,,,,  ,,,,,,,,,,,,,,,  ,,,,,,  ,,  ,,,,,,,,,,,
,,800,,,,,,,,,,,,,,,,,,  ,,,,,,,,,,,,,,,  ,,,,,,  ,,  ,,,,,,,,,,,
,,801,,,,,,,,,,,,,,,,,,  ,,,,,,,,,,,,,,,  ,,,,,,  ,,  ,,,,,,,,,,,
,,802,,,,,,,,,,,,,,,,,,  ,,,,,,,,,,,,,,,  ,,,,,,  ,,  ,,,,,,,,,,,
,,803,,,,,,,,,,,,,,,,,,  ,,,,,,,,,,,,,,,  ,,,,,,  ,,  ,,,,,,,,,,,
,,804,,,,,,,,,,,,,,,,,,  ,,,,,,,,,,,,,,,  ,,,,,,  ,,  ,,,,,,,,,,,
,,805,,,,,,,,,,,,,,,,,,  ,,,,,,,,,,,,,,,  ,,,,,,  ,,  ,,,,,,,,,,,
,,806,,,,,,,,,,,,,,,,,,  ,,,,,,,,,,,,,,,  ,,,,,,  ,,  ,,,,,,,,,,,
,,807,,,,,,,,,,,,,,,,,,  ,,,,,,,,,,,,,,,  ,,,,,,  ,,  ,,,,,,,,,,,
,,808,,,,,,,,,,,,,,,,,,  ,,,,,,,,,,,,,,,  ,,,,,,  ,,  ,,,,,,,,,,,
,,809,,,,,,,,,,,,,,,,,,  ,,,,,,,,,,,,,,,  ,,,,,,  ,,  ,,,,,,,,,,,
,,810,,,,,,,,,,,,,,,,,,  ,,,,,,,,,,,,,,,  ,,,,,,  ,,  ,,,,,,,,,,,
,,811,,,,,,,,,,,,,,,,,,  ,,,,,,,,,,,,,,,  ,,,,,,  ,,  ,,,,,,,,,,,
,,812,,,,,,,,,,,,,,,,,,  ,,,,,,,,,,,,,,,  ,,,,,,  ,,  ,,,,,,,,,,,
,,813,,,,,,,,,,,,,,,,,,  ,,,,,,,,,,,,,,,  ,,,,,,  ,,  ,,,,,,,,,,,
,,814,,,,,,,,,,,,,,,,,,  ,,,,,,,,,,,,,,,  ,,,,,,  ,,  ,,,,,,,,,,,
,,815,,,,,,,,,,,,,,,,,,  ,,,,,,,,,,,,,,,  ,,,,,,  ,,  ,,,,,,,,,,,
,,816,,,,,,,,,,,,,,,,,,  ,,,,,,,,,,,,,,,  ,,,,,,  ,,  ,,,,,,,,,,,
,,817,,,,,,,,,,,,,,,,,,  ,,,,,,,,,,,,,,,  ,,,,,,  ,,  ,,,,,,,,,,,
,,818,,,,,,,,,,,,,,,,,,  ,,,,,,,,,,,,,,,  ,,,,,,  ,,  ,,,,,,,,,,,
,,819,,,,,,,,,,,,,,,,,,  ,,,,,,,,,,,,,,,  ,,,,,,  ,,  ,,,,,,,,,,,
,,820,,,,,,,,,,,,,,,,,,  ,,,,,,,,,,,,,,,  ,,,,,,  ,,  ,,,,,,,,,,,
,,821,,,,,,,,,,,,,,,,,,  ,,,,,,,,,,,,,,,  ,,,,,,  ,,  ,,,,,,,,,,,
,,822,,,,,,,,,,,,,,,,,,  ,,,,,,,,,,,,,,,  ,,,,,,  ,,  ,,,,,,,,,,,
,,823,,,,,,,,,,,,,,,,,,  ,,,,,,,,,,,,,,,  ,,,,,,  ,,  ,,,,,,,,,,,
,,824,,,,,,,,,,,,,,,,,,  ,,,,,,,,,,,,,,,  ,,,,,,  ,,  ,,,,,,,,,,,
,,825,,,,,,,,,,,,,,,,,,  ,,,,,,,,,,,,,,,  ,,,,,,  ,,  ,,,,,,,,,,,
,,826,,,,,,,,,,,,,,,,,,  ,,,,,,,,,,,,,,,  ,,,,,,  ,,  ,,,,,,,,,,,
,,827,,,,,,,,,,,,,,,,,,  ,,,,,,,,,,,,,,,  ,,,,,,  ,,  ,,,,,,,,,,,
,,828,,,,,,,,,,,,,,,,,,  ,,,,,,,,,,,,,,,  ,,,,,,  ,,  ,,,,,,,,,,,
,,829,,,,,,,,,,,,,,,,,,  ,,,,,,,,,,,,,,,  ,,,,,,  ,,  ,,,,,,,,,,,
,,830,,,,,,,,,,,,,,,,,,  ,,,,,,,,,,,,,,,  ,,,,,,  ,,  ,,,,,,,,,,,
,,831,,,,,,,,,,,,,,,,,,  ,,,,,,,,,,,,,,,  ,,,,,,  ,,  ,,,,,,,,,,,
,,832,,,,,,,,,,,,,,,,,,  ,,,,,,,,,,,,,,,  ,,,,,,  ,,  ,,,,,,,,,,,
,,833,,,,,,,,,,,,,,,,,,  ,,,,,,,,,,,,,,,  ,,,,,,  ,,  ,,,,,,,,,,,
,,834,,,,,,,,,,,,,,,,,,  ,,,,,,,,,,,,,,,  ,,,,,,  ,,  ,,,,,,,,,,,
,,835,,,,,,,,,,,,,,,,,,  ,,,,,,,,,,,,,,,  ,,,,,,  ,,  ,,,,,,,,,,,
,,836,,,,,,,,,,,,,,,,,,  ,,,,,,,,,,,,,,,  ,,,,,,  ,,  ,,,,,,,,,,,
,,837,,,,,,,,,,,,,,,,,,  ,,,,,,,,,,,,,,,  ,,,,,,  ,,  ,,,,,,,,,,,
,,838,,,,,,,,,,,,,,,,,,  ,,,,,,,,,,,,,,,  ,,,,,,  ,,  ,,,,,,,,,,,
,,839,,,,,,,,,,,,,,,,,,  ,,,,,,,,,,,,,,,  ,,,,,,  ,,  ,,,,,,,,,,,
,,840,,,,,,,,,,,,,,,,,,  ,,,,,,,,,,,,,,,  ,,,,,,  ,,  ,,,,,,,,,,,
,,841,,,,,,,,,,,,,,,,,,  ,,,,,,,,,,,,,,,  ,,,,,,  ,,  ,,,,,,,,,,,
,,842,,,,,,,,,,,,,,,,,,  ,,,,,,,,,,,,,,,  ,,,,,,  ,,  ,,,,,,,,,,,
,,843,,,,,,,,,,,,,,,,,,  ,,,,,,,,,,,,,,,  ,,,,,,  ,,  ,,,,,,,,,,,
,,844,,,,,,,,,,,,,,,,,,  ,,,,,,,,,,,,,,,  ,,,,,,  ,,  ,,,,,,,,,,,
,,845,,,,,,,,,,,,,,,,,,  ,,,,,,,,,,,,,,,  ,,,,,,  ,,  ,,,,,,,,,,,
,,846,,,,,,,,,,,,,,,,,,  ,,,,,,,,,,,,,,,  ,,,,,,  ,,  ,,,,,,,,,,,
,,847,,,,,,,,,,,,,,,,,,  ,,,,,,,,,,,,,,,  ,,,,,,  ,,  ,,,,,,,,,,,
,,848,,,,,,,,,,,,,,,,,,  ,,,,,,,,,,,,,,,  ,,,,,,  ,,  ,,,,,,,,,,,
,,849,,,,,,,,,,,,,,,,,,  ,,,,,,,,,,,,,,,  ,,,,,,  ,,  ,,,,,,,,,,,
,,850,,,,,,,,,,,,,,,,,,  ,,,,,,,,,,,,,,,  ,,,,,,  ,,  ,,,,,,,,,,,
,,851,,,,,,,,,,,,,,,,,,  ,,,,,,,,,,,,,,,  ,,,,,,  ,,  ,,,,,,,,,,,
,,852,,,,,,,,,,,,,,,,,,  ,,,,,,,,,,,,,,,  ,,,,,,  ,,  ,,,,,,,,,,,
,,853,,,,,,,,,,,,,,,,,,  ,,,,,,,,,,,,,,,  ,,,,,,  ,,  ,,,,,,,,,,,
,,854,,,,,,,,,,,,,,,,,,  ,,,,,,,,,,,,,,,  ,,,,,,  ,,  ,,,,,,,,,,,
,,855,,,,,,,,,,,,,,,,,,  ,,,,,,,,,,,,,,,  ,,,,,,  ,,  ,,,,,,,,,,,
,,856,,,,,,,,,,,,,,,,,,  ,,,,,,,,,,,,,,,  ,,,,,,  ,,  ,,,,,,,,,,,
,,857,,,,,,,,,,,,,,,,,,  ,,,,,,,,,,,,,,,  ,,,,,,  ,,  ,,,,,,,,,,,
,,858,,,,,,,,,,,,,,,,,,  ,,,,,,,,,,,,,,,  ,,,,,,  ,,  ,,,,,,,,,,,
,,859,,,,,,,,,,,,,,,,,,  ,,,,,,,,,,,,,,,  ,,,,,,  ,,  ,,,,,,,,,,,
,,860,,,,,,,,,,,,,,,,,,  ,,,,,,,,,,,,,,,  ,,,,,,  ,,  ,,,,,,,,,,,
,,861,,,,,,,,,,,,,,,,,,  ,,,,,,,,,,,,,,,  ,,,,,,  ,,  ,,,,,,,,,,,
,,862,,,,,,,,,,,,,,,,,,  ,,,,,,,,,,,,,,,  ,,,,,,  ,,  ,,,,,,,,,,,
,,863,,,,,,,,,,,,,,,,,,  ,,,,,,,,,,,,,,,  ,,,,,,  ,,  ,,,,,,,,,,,
,,864,,,,,,,,,,,,,,,,,,  ,,,,,,,,,,,,,,,  ,,,,,,  ,,  ,,,,,,,,,,,
,,865,,,,,,,,,,,,,,,,,,  ,,,,,,,,,,,,,,,  ,,,,,,  ,,  ,,,,,,,,,,,
,,866,,,,,,,,,,,,,,,,,,  ,,,,,,,,,,,,,,,  ,,,,,,  ,,  ,,,,,,,,,,,
,,867,,,,,,,,,,,,,,,,,,  ,,,,,,,,,,,,,,,  ,,,,,,  ,,  ,,,,,,,,,,,
,,868,,,,,,,,,,,,,,,,,,  ,,,,,,,,,,,,,,,  ,,,,,,  ,,  ,,,,,,,,,,,
,,869,,,,,,,,,,,,,,,,,,  ,,,,,,,,,,,,,,,  ,,,,,,  ,,  ,,,,,,,,,,,
,,870,,,,,,,,,,,,,,,,,,  ,,,,,,,,,,,,,,,  ,,,,,,  ,,  ,,,,,,,,,,,
,,871,,,,,,,,,,,,,,,,,,  ,,,,,,,,,,,,,,,  ,,,,,,  ,,  ,,,,,,,,,,,
,,872,,,,,,,,,,,,,,,,,,  ,,,,,,,,,,,,,,,  ,,,,,,  ,,  ,,,,,,,,,,,
,,873,,,,,,,,,,,,,,,,,,  ,,,,,,,,,,,,,,,  ,,,,,,  ,,  ,,,,,,,,,,,
,,874,,,,,,,,,,,,,,,,,,  ,,,,,,,,,,,,,,,  ,,,,,,  ,,  ,,,,,,,,,,,
,,875,,,,,,,,,,,,,,,,,,  ,,,,,,,,,,,,,,,  ,,,,,,  ,,  ,,,,,,,,,,,
,,876,,,,,,,,,,,,,,,,,,  ,,,,,,,,,,,,,,,  ,,,,,,  ,,  ,,,,,,,,,,,
,,877,,,,,,,,,,,,,,,,,,  ,,,,,,,,,,,,,,,  ,,,,,,  ,,  ,,,,,,,,,,,
,,878,,,,,,,,,,,,,,,,,,  ,,,,,,,,,,,,,,,  ,,,,,,  ,,  ,,,,,,,,,,,
,,879,,,,,,,,,,,,,,,,,,  ,,,,,,,,,,,,,,,  ,,,,,,  ,,  ,,,,,,,,,,,
,,880,,,,,,,,,,,,,,,,,,  ,,,,,,,,,,,,,,,  ,,,,,,  ,,  ,,,,,,,,,,,
,,881,,,,,,,,,,,,,,,,,,  ,,,,,,,,,,,,,,,  ,,,,,,  ,,  ,,,,,,,,,,,
,,882,,,,,,,,,,,,,,,,,,  ,,,,,,,,,,,,,,,  ,,,,,,  ,,  ,,,,,,,,,,,
,,883,,,,,,,,,,,,,,,,,,  ,,,,,,,,,,,,,,,  ,,,,,,  ,,  ,,,,,,,,,,,
,,884,,,,,,,,,,,,,,,,,,  ,,,,,,,,,,,,,,,  ,,,,,,  ,,  ,,,,,,,,,,,
,,885,,,,,,,,,,,,,,,,,,  ,,,,,,,,,,,,,,,  ,,,,,,  ,,  ,,,,,,,,,,,
,,886,,,,,,,,,,,,,,,,,,  ,,,,,,,,,,,,,,,  ,,,,,,  ,,  ,,,,,,,,,,,
,,887,,,,,,,,,,,,,,,,,,  ,,,,,,,,,,,,,,,  ,,,,,,  ,,  ,,,,,,,,,,,
,,888,,,,,,,,,,,,,,,,,,  ,,,,,,,,,,,,,,,  ,,,,,,  ,,  ,,,,,,,,,,,
,,889,,,,,,,,,,,,,,,,,,  ,,,,,,,,,,,,,,,  ,,,,,,  ,,  ,,,,,,,,,,,
,,890,,,,,,,,,,,,,,,,,,  ,,,,,,,,,,,,,,,  ,,,,,,  ,,  ,,,,,,,,,,,
,,891,,,,,,,,,,,,,,,,,,  ,,,,,,,,,,,,,,,  ,,,,,,  ,,  ,,,,,,,,,,,
,,892,,,,,,,,,,,,,,,,,,  ,,,,,,,,,,,,,,,  ,,,,,,  ,,  ,,,,,,,,,,,
,,893,,,,,,,,,,,,,,,,,,  ,,,,,,,,,,,,,,,  ,,,,,,  ,,  ,,,,,,,,,,,
,,894,,,,,,,,,,,,,,,,,,  ,,,,,,,,,,,,,,,  ,,,,,,  ,,  ,,,,,,,,,,,
,,895,,,,,,,,,,,,,,,,,,  ,,,,,,,,,,,,,,,  ,,,,,,  ,,  ,,,,,,,,,,,
,,896,,,,,,,,,,,,,,,,,,  ,,,,,,,,,,,,,,,  ,,,,,,  ,,  ,,,,,,,,,,,
,,897,,,,,,,,,,,,,,,,,,  ,,,,,,,,,,,,,,,  ,,,,,,  ,,  ,,,,,,,,,,,
,,898,,,,,,,,,,,,,,,,,,  ,,,,,,,,,,,,,,,  ,,,,,,  ,,  ,,,,,,,,,,,
,,899,,,,,,,,,,,,,,,,,,  ,,,,,,,,,,,,,,,  ,,,,,,  ,,  ,,,,,,,,,,,
,,900,,,,,,,,,,,,,,,,,,  ,,,,,,,,,,,,,,,  ,,,,,,  ,,  ,,,,,,,,,,,
,,901,,,,,,,,,,,,,,,,,,  ,,,,,,,,,,,,,,,  ,,,,,,  ,,  ,,,,,,,,,,,
,,902,,,,,,,,,,,,,,,,,,  ,,,,,,,,,,,,,,,  ,,,,,,  ,,  ,,,,,,,,,,,
,,903,,,,,,,,,,,,,,,,,,  ,,,,,,,,,,,,,,,  ,,,,,,  ,,  ,,,,,,,,,,,
,,904,,,,,,,,,,,,,,,,,,  ,,,,,,,,,,,,,,,  ,,,,,,  ,,  ,,,,,,,,,,,
,,905,,,,,,,,,,,,,,,,,,  ,,,,,,,,,,,,,,,  ,,,,,,  ,,  ,,,,,,,,,,,
,,906,,,,,,,,,,,,,,,,,,  ,,,,,,,,,,,,,,,  ,,,,,,  ,,  ,,,,,,,,,,,
,,907,,,,,,,,,,,,,,,,,,  ,,,,,,,,,,,,,,,  ,,,,,,  ,,  ,,,,,,,,,,,
,,908,,,,,,,,,,,,,,,,,,  ,,,,,,,,,,,,,,,  ,,,,,,  ,,  ,,,,,,,,,,,
,,909,,,,,,,,,,,,,,,,,,  ,,,,,,,,,,,,,,,  ,,,,,,  ,,  ,,,,,,,,,,,
,,910,,,,,,,,,,,,,,,,,,  ,,,,,,,,,,,,,,,  ,,,,,,  ,,  ,,,,,,,,,,,
,,911,,,,,,,,,,,,,,,,,,  ,,,,,,,,,,,,,,,  ,,,,,,  ,,  ,,,,,,,,,,,
,,912,,,,,,,,,,,,,,,,,,  ,,,,,,,,,,,,,,,  ,,,,,,  ,,  ,,,,,,,,,,,
,,913,,,,,,,,,,,,,,,,,,  ,,,,,,,,,,,,,,,  ,,,,,,  ,,  ,,,,,,,,,,,
,,914,,,,,,,,,,,,,,,,,,  ,,,,,,,,,,,,,,,  ,,,,,,  ,,  ,,,,,,,,,,,
,,915,,,,,,,,,,,,,,,,,,  ,,,,,,,,,,,,,,,  ,,,,,,  ,,  ,,,,,,,,,,,
,,916,,,,,,,,,,,,,,,,,,  ,,,,,,,,,,,,,,,  ,,,,,,  ,,  ,,,,,,,,,,,
,,917,,,,,,,,,,,,,,,,,,  ,,,,,,,,,,,,,,,  ,,,,,,  ,,  ,,,,,,,,,,,
,,918,,,,,,,,,,,,,,,,,,  ,,,,,,,,,,,,,,,  ,,,,,,  ,,  ,,,,,,,,,,,
,,919,,,,,,,,,,,,,,,,,,  ,,,,,,,,,,,,,,,  ,,,,,,  ,,  ,,,,,,,,,,,
,,920,,,,,,,,,,,,,,,,,,  ,,,,,,,,,,,,,,,  ,,,,,,  ,,  ,,,,,,,,,,,
,,921,,,,,,,,,,,,,,,,,,  ,,,,,,,,,,,,,,,  ,,,,,,  ,,  ,,,,,,,,,,,
,,922,,,,,,,,,,,,,,,,,,  ,,,,,,,,,,,,,,,  ,,,,,,  ,,  ,,,,,,,,,,,
,,923,,,,,,,,,,,,,,,,,,  ,,,,,,,,,,,,,,,  ,,,,,,  ,,  ,,,,,,,,,,,
,,924,,,,,,,,,,,,,,,,,,  ,,,,,,,,,,,,,,,  ,,,,,,  ,,  ,,,,,,,,,,,
,,925,,,,,,,,,,,,,,,,,,  ,,,,,,,,,,,,,,,  ,,,,,,  ,,  ,,,,,,,,,,,
,,926,,,,,,,,,,,,,,,,,,  ,,,,,,,,,,,,,,,  ,,,,,,  ,,  ,,,,,,,,,,,
,,927,,,,,,,,,,,,,,,,,,  ,,,,,,,,,,,,,,,  ,,,,,,  ,,  ,,,,,,,,,,,
,,928,,,,,,,,,,,,,,,,,,  ,,,,,,,,,,,,,,,  ,,,,,,  ,,  ,,,,,,,,,,,
,,929,,,,,,,,,,,,,,,,,,  ,,,,,,,,,,,,,,,  ,,,,,,  ,,  ,,,,,,,,,,,
,,930,,,,,,,,,,,,,,,,,,  ,,,,,,,,,,,,,,,  ,,,,,,  ,,  ,,,,,,,,,,,
,,931,,,,,,,,,,,,,,,,,,  ,,,,,,,,,,,,,,,  ,,,,,,  ,,  ,,,,,,,,,,,
,,932,,,,,,,,,,,,,,,,,,  ,,,,,,,,,,,,,,,  ,,,,,,  ,,  ,,,,,,,,,,,
,,933,,,,,,,,,,,,,,,,,,  ,,,,,,,,,,,,,,,  ,,,,,,  ,,  ,,,,,,,,,,,
,,934,,,,,,,,,,,,,,,,,,  ,,,,,,,,,,,,,,,  ,,,,,,  ,,  ,,,,,,,,,,,
,,935,,,,,,,,,,,,,,,,,,  ,,,,,,,,,,,,,,,  ,,,,,,  ,,  ,,,,,,,,,,,
,,936,,,,,,,,,,,,,,,,,,  ,,,,,,,,,,,,,,,  ,,,,,,  ,,  ,,,,,,,,,,,
,,937,,,,,,,,,,,,,,,,,,  ,,,,,,,,,,,,,,,  ,,,,,,  ,,  ,,,,,,,,,,,
,,938,,,,,,,,,,,,,,,,,,  ,,,,,,,,,,,,,,,  ,,,,,,  ,,  ,,,,,,,,,,,
,,939,,,,,,,,,,,,,,,,,,  ,,,,,,,,,,,,,,,  ,,,,,,  ,,  ,,,,,,,,,,,
,,940,,,,,,,,,,,,,,,,,,  ,,,,,,,,,,,,,,,  ,,,,,,  ,,  ,,,,,,,,,,,
,,941,,,,,,,,,,,,,,,,,,  ,,,,,,,,,,,,,,,  ,,,,,,  ,,  ,,,,,,,,,,,
,,942,,,,,,,,,,,,,,,,,,  ,,,,,,,,,,,,,,,  ,,,,,,  ,,  ,,,,,,,,,,,
,,943,,,,,,,,,,,,,,,,,,  ,,,,,,,,,,,,,,,  ,,,,,,  ,,  ,,,,,,,,,,,
,,944,,,,,,,,,,,,,,,,,,  ,,,,,,,,,,,,,,,  ,,,,,,  ,,  ,,,,,,,,,,,
,,945,,,,,,,,,,,,,,,,,,  ,,,,,,,,,,,,,,,  ,,,,,,  ,,  ,,,,,,,,,,,
,,946,,,,,,,,,,,,,,,,,,  ,,,,,,,,,,,,,,,  ,,,,,,  ,,  ,,,,,,,,,,,
,,947,,,,,,,,,,,,,,,,,,  ,,,,,,,,,,,,,,,  ,,,,,,  ,,  ,,,,,,,,,,,
,,948,,,,,,,,,,,,,,,,,,  ,,,,,,,,,,,,,,,  ,,,,,,  ,,  ,,,,,,,,,,,
,,949,,,,,,,,,,,,,,,,,,  ,,,,,,,,,,,,,,,  ,,,,,,  ,,  ,,,,,,,,,,,
,,950,,,,,,,,,,,,,,,,,,  ,,,,,,,,,,,,,,,  ,,,,,,  ,,  ,,,,,,,,,,,
,,951,,,,,,,,,,,,,,,,,,  ,,,,,,,,,,,,,,,  ,,,,,,  ,,  ,,,,,,,,,,,
,,952,,,,,,,,,,,,,,,,,,  ,,,,,,,,,,,,,,,  ,,,,,,  ,,  ,,,,,,,,,,,
,,953,,,,,,,,,,,,,,,,,,  ,,,,,,,,,,,,,,,  ,,,,,,  ,,  ,,,,,,,,,,,
,,954,,,,,,,,,,,,,,,,,,  ,,,,,,,,,,,,,,,  ,,,,,,  ,,  ,,,,,,,,,,,
,,955,,,,,,,,,,,,,,,,,,  ,,,,,,,,,,,,,,,  ,,,,,,  ,,  ,,,,,,,,,,,
,,956,,,,,,,,,,,,,,,,,,  ,,,,,,,,,,,,,,,  ,,,,,,  ,,  ,,,,,,,,,,,
,,957,,,,,,,,,,,,,,,,,,  ,,,,,,,,,,,,,,,  ,,,,,,  ,,  ,,,,,,,,,,,
,,958,,,,,,,,,,,,,,,,,,  ,,,,,,,,,,,,,,,  ,,,,,,  ,,  ,,,,,,,,,,,
,,959,,,,,,,,,,,,,,,,,,  ,,,,,,,,,,,,,,,  ,,,,,,  ,,  ,,,,,,,,,,,
,,960,,,,,,,,,,,,,,,,,,  ,,,,,,,,,,,,,,,  ,,,,,,  ,,  ,,,,,,,,,,,
,,961,,,,,,,,,,,,,,,,,,  ,,,,,,,,,,,,,,,  ,,,,,,  ,,  ,,,,,,,,,,,
,,962,,,,,,,,,,,,,,,,,,  ,,,,,,,,,,,,,,,  ,,,,,,  ,,  ,,,,,,,,,,,
,,963,,,,,,,,,,,,,,,,,,  ,,,,,,,,,,,,,,,  ,,,,,,  ,,  ,,,,,,,,,,,
,,964,,,,,,,,,,,,,,,,,,  ,,,,,,,,,,,,,,,  ,,,,,,  ,,  ,,,,,,,,,,,
,,965,,,,,,,,,,,,,,,,,,  ,,,,,,,,,,,,,,,  ,,,,,,  ,,  ,,,,,,,,,,,
,,966,,,,,,,,,,,,,,,,,,  ,,,,,,,,,,,,,,,  ,,,,,,  ,,  ,,,,,,,,,,,
,,967,,,,,,,,,,,,,,,,,,  ,,,,,,,,,,,,,,,  ,,,,,,  ,,  ,,,,,,,,,,,
,,968,,,,,,,,,,,,,,,,,,  ,,,,,,,,,,,,,,,  ,,,,,,  ,,  ,,,,,,,,,,,
,,969,,,,,,,,,,,,,,,,,,  ,,,,,,,,,,,,,,,  ,,,,,,  ,,  ,,,,,,,,,,,
,,970,,,,,,,,,,,,,,,,,,  ,,,,,,,,,,,,,,,  ,,,,,,  ,,  ,,,,,,,,,,,
,,971,,,,,,,,,,,,,,,,,,  ,,,,,,,,,,,,,,,  ,,,,,,  ,,  ,,,,,,,,,,,
,,972,,,,,,,,,,,,,,,,,,  ,,,,,,,,,,,,,,,  ,,,,,,  ,,  ,,,,,,,,,,,
,,973,,,,,,,,,,,,,,,,,,  ,,,,,,,,,,,,,,,  ,,,,,,  ,,  ,,,,,,,,,,,
,,974,,,,,,,,,,,,,,,,,,  ,,,,,,,,,,,,,,,  ,,,,,,  ,,  ,,,,,,,,,,,
,,975,,,,,,,,,,,,,,,,,,  ,,,,,,,,,,,,,,,  ,,,,,,  ,,  ,,,,,,,,,,,
,,976,,,,,,,,,,,,,,,,,,  ,,,,,,,,,,,,,,,  ,,,,,,  ,,  ,,,,,,,,,,,
,,977,,,,,,,,,,,,,,,,,,  ,,,,,,,,,,,,,,,  ,,,,,,  ,,  ,,,,,,,,,,,
,,978,,,,,,,,,,,,,,,,,,  ,,,,,,,,,,,,,,,  ,,,,,,  ,,  ,,,,,,,,,,,
,,979,,,,,,,,,,,,,,,,,,  ,,,,,,,,,,,,,,,  ,,,,,,  ,,  ,,,,,,,,,,,
,,980,,,,,,,,,,,,,,,,,,  ,,,,,,,,,,,,,,,  ,,,,,,  ,,  ,,,,,,,,,,,
,,981,,,,,,,,,,,,,,,,,,  ,,,,,,,,,,,,,,,  ,,,,,,  ,,  ,,,,,,,,,,,
,,982,,,,,,,,,,,,,,,,,,  ,,,,,,,,,,,,,,,  ,,,,,,  ,,  ,,,,,,,,,,,
,,983,,,,,,,,,,,,,,,,,,  ,,,,,,,,,,,,,,,  ,,,,,,  ,,  ,,,,,,,,,,,
,,984,,,,,,,,,,,,,,,,,,  ,,,,,,,,,,,,,,,  ,,,,,,  ,,  ,,,,,,,,,,,
,,985,,,,,,,,,,,,,,,,,,  ,,,,,,,,,,,,,,,  ,,,,,,  ,,  ,,,,,,,,,,,
,,986,,,,,,,,,,,,,,,,,,  ,,,,,,,,,,,,,,,  ,,,,,,  ,,  ,,,,,,,,,,,
,,987,,,,,,,,,,,,,,,,,,  ,,,,,,,,,,,,,,,  ,,,,,,  ,,  ,,,,,,,,,,,
,,988,,,,,,,,,,,,,,,,,,  ,,,,,,,,,,,,,,,  ,,,,,,  ,,  ,,,,,,,,,,,
,,989,,,,,,,,,,,,,,,,,,  ,,,,,,,,,,,,,,,  ,,,,,,  ,,  ,,,,,,,,,,,
,,990,,,,,,,,,,,,,,,,,,  ,,,,,,,,,,,,,,,  ,,,,,,  ,,  ,,,,,,,,,,,
,,991,,,,,,,,,,,,,,,,,,  ,,,,,,,,,,,,,,,  ,,,,,,  ,,  ,,,,,,,,,,,
,,992,,,,,,,,,,,,,,,,,,  ,,,,,,,,,,,,,,,  ,,,,,,  ,,  ,,,,,,,,,,,
,,993,,,,,,,,,,,,,,,,,,  ,,,,,,,,,,,,,,,  ,,,,,,  ,,  ,,,,,,,,,,,
,,994,,,,,,,,,,,,,,,,,,  ,,,,,,,,,,,,,,,  ,,,,,,  ,,  ,,,,,,,,,,,
,,995,,,,,,,,,,,,,,,,,,  ,,,,,,,,,,,,,,,  ,,,,,,  ,,  ,,,,,,,,,,,
,,996,,,,,,,,,,,,,,,,,,  ,,,,,,,,,,,,,,,  ,,,,,,  ,,  ,,,,,,,,,,,
,,997,,,,,,,,,,,,,,,,,,  ,,,,,,,,,,,,,,,  ,,,,,,  ,,  ,,,,,,,,,,,
,,998,,,,,,,,,,,,,,,,,,  ,,,,,,,,,,,,,,,  ,,,,,,  ,,  ,,,,,,,,,,,
,,999,,,,,,,,,,,,,,,,,,  ,,,,,,,,,,,,,,,  ,,,,,,  ,,  ,,,,,,,,,,,
,,1000,,,,,,,,,,,,,,,,,,  ,,,,,,,,,,,,,,,  ,,,,,,  ,,  ,,,,,,,,,,,
,,1001,,,,,,,,,,,,,,,,,,  ,,,,,,,,,,,,,,,  ,,,,,,  ,,  ,,,,,,,,,,,
,,1002,,,,,,,,,,,,,,,,,,  ,,,,,,,,,,,,,,,  ,,,,,,  ,,  ,,,,,,,,,,,
,,1003,,,,,,,,,,,,,,,,,,  ,,,,,,,,,,,,,,,  ,,,,,,  ,,  ,,,,,,,,,,,
,,1004,,,,,,,,,,,,,,,,,,  ,,,,,,,,,,,,,,,  ,,,,,,  ,,  ,,,,,,,,,,,
,,1005,,,,,,,,,,,,,,,,,,  ,,,,,,,,,,,,,,,  ,,,,,,  ,,  ,,,,,,,,,,,
,,1006,,,,,,,,,,,,,,,,,,  ,,,,,,,,,,,,,,,  ,,,,,,  ,,  ,,,,,,,,,,,
,,1007,,,,,,,,,,,,,,,,,,  ,,,,,,,,,,,,,,,  ,,,,,,  ,,  ,,,,,,,,,,,
,,1008,,,,,,,,,,,,,,,,,,  ,,,,,,,,,,,,,,,  ,,,,,,  ,,  ,,,,,,,,,,,
,,1009,,,,,,,,,,,,,,,,,,  ,,,,,,,,,,,,,,,  ,,,,,,  ,,  ,,,,,,,,,,,
,,1010,,,,,,,,,,,,,,,,,,  ,,,,,,,,,,,,,,,  ,,,,,,  ,,  ,,,,,,,,,,,
,,1011,,,,,,,,,,,,,,,,,,  ,,,,,,,,,,,,,,,  ,,,,,,  ,,  ,,,,,,,,,,,
,,1012,,,,,,,,,,,,,,,,,,  ,,,,,,,,,,,,,,,  ,,,,,,  ,,  ,,,,,,,,,,,
,,1013,,,,,,,,,,,,,,,,,,  ,,,,,,,,,,,,,,,  ,,,,,,  ,,  ,,,,,,,,,,,
,,1014,,,,,,,,,,,,,,,,,,  ,,,,,,,,,,,,,,,  ,,,,,,  ,,  ,,,,,,,,,,,
,,1015,,,,,,,,,,,,,,,,,,  ,,,,,,,,,,,,,,,  ,,,,,,  ,,  ,,,,,,,,,,,
,,1016,,,,,,,,,,,,,,,,,,  ,,,,,,,,,,,,,,,  ,,,,,,  ,,  ,,,,,,,,,,,
,,1017,,,,,,,,,,,,,,,,,,  ,,,,,,,,,,,,,,,  ,,,,,,  ,,  ,,,,,,,,,,,
,,1018,,,,,,,,,,,,,,,,,,  ,,,,,,,,,,,,,,,  ,,,,,,  ,,  ,,,,,,,,,,,
,,1019,,,,,,,,,,,,,,,,,,  ,,,,,,,,,,,,,,,  ,,,,,,  ,,  ,,,,,,,,,,,
,,1020,,,,,,,,,,,,,,,,,,  ,,,,,,,,,,,,,,,  ,,,,,,  ,,  ,,,,,,,,,,,
,,1021,,,,,,,,,,,,,,,,,,  ,,,,,,,,,,,,,,,  ,,,,,,  ,,  ,,,,,,,,,,,
,,1022,,,,,,,,,,,,,,,,,,  ,,,,,,,,,,,,,,,  ,,,,,,  ,,  ,,,,,,,,,,,
,,1023,,,,,,,,,,,,,,,,,,  ,,,,,,,,,,,,,,,  ,,,,,,  ,,  ,,,,,,,,,,,
,,1024,,,,,,,,,,,,,,,,,,  ,,,,,,,,,,,,,,,  ,,,,,,  ,,  ,,,,,,,,,,,
,,1025,,,,,,,,,,,,,,,,,,  ,,,,,,,,,,,,,,,  ,,,,,,  ,,  ,,,,,,,,,,,
,,1026,,,,,,,,,,,,,,,,,,  ,,,,,,,,,,,,,,,  ,,,,,,  ,,  ,,,,,,,,,,,
,,1027,,,,,,,,,,,,,,,,,,  ,,,,,,,,,,,,,,,  ,,,,,,  ,,  ,,,,,,,,,,,
,,1028,,,,,,,,,,,,,,,,,,  ,,,,,,,,,,,,,,,  ,,,,,,  ,,  ,,,,,,,,,,,
,,1029,,,,,,,,,,,,,,,,,,  ,,,,,,,,,,,,,,,  ,,,,,,  ,,  ,,,,,,,,,,,
,,1030,,,,,,,,,,,,,,,,,,  ,,,,,,,,,,,,,,,  ,,,,,,  ,,  ,,,,,,,,,,,
,,1031,,,,,,,,,,,,,,,,,,  ,,,,,,,,,,,,,,,  ,,,,,,  ,,  ,,,,,,,,,,,
,,1032,,,,,,,,,,,,,,,,,,  ,,,,,,,,,,,,,,,  ,,,,,,  ,,  ,,,,,,,,,,,
,,1033,,,,,,,,,,,,,,,,,,  ,,,,,,,,,,,,,,,  ,,,,,,  ,,  ,,,,,,,,,,,
,,1034,,,,,,,,,,,,,,,,,,  ,,,,,,,,,,,,,,,  ,,,,,,  ,,  ,,,,,,,,,,,
,,1035,,,,,,,,,,,,,,,,,,  ,,,,,,,,,,,,,,,  ,,,,,,  ,,  ,,,,,,,,,,,
,,1036,,,,,,,,,,,,,,,,,,  ,,,,,,,,,,,,,,,  ,,,,,,  ,,  ,,,,,,,,,,,
,,1037,,,,,,,,,,,,,,,,,,  ,,,,,,,,,,,,,,,  ,,,,,,  ,,  ,,,,,,,,,,,
,,1038,,,,,,,,,,,,,,,,,,  ,,,,,,,,,,,,,,,  ,,,,,,  ,,  ,,,,,,,,,,,
,,1039,,,,,,,,,,,,,,,,,,  ,,,,,,,,,,,,,,,  ,,,,,,  ,,  ,,,,,,,,,,,
,,1040,,,,,,,,,,,,,,,,,,  ,,,,,,,,,,,,,,,  ,,,,,,  ,,  ,,,,,,,,,,,
,,1041,,,,,,,,,,,,,,,,,,  ,,,,,,,,,,,,,,,  ,,,,,,  ,,  ,,,,,,,,,,,
,,1042,,,,,,,,,,,,,,,,,,  ,,,,,,,,,,,,,,,  ,,,,,,  ,,  ,,,,,,,,,,,
,,1043,,,,,,,,,,,,,,,,,,  ,,,,,,,,,,,,,,,  ,,,,,,  ,,  ,,,,,,,,,,,
,,1044,,,,,,,,,,,,,,,,,,  ,,,,,,,,,,,,,,,  ,,,,,,  ,,  ,,,,,,,,,,,
,,1045,,,,,,,,,,,,,,,,,,  ,,,,,,,,,,,,,,,  ,,,,,,  ,,  ,,,,,,,,,,,
,,1046,,,,,,,,,,,,,,,,,,  ,,,,,,,,,,,,,,,  ,,,,,,  ,,  ,,,,,,,,,,,
,,1047,,,,,,,,,,,,,,,,,,  ,,,,,,,,,,,,,,,  ,,,,,,  ,,  ,,,,,,,,,,,
,,1048,,,,,,,,,,,,,,,,,,  ,,,,,,,,,,,,,,,  ,,,,,,  ,,  ,,,,,,,,,,,
,,1049,,,,,,,,,,,,,,,,,,  ,,,,,,,,,,,,,,,  ,,,,,,  ,,  ,,,,,,,,,,,
,,1050,,,,,,,,,,,,,,,,,,  ,,,,,,,,,,,,,,,  ,,,,,,  ,,  ,,,,,,,,,,,
,,1051,,,,,,,,,,,,,,,,,,  ,,,,,,,,,,,,,,,  ,,,,,,  ,,  ,,,,,,,,,,,
,,1052,,,,,,,,,,,,,,,,,,  ,,,,,,,,,,,,,,,  ,,,,,,  ,,  ,,,,,,,,,,,
,,1053,,,,,,,,,,,,,,,,,,  ,,,,,,,,,,,,,,,  ,,,,,,  ,,  ,,,,,,,,,,,
,,1054,,,,,,,,,,,,,,,,,,  ,,,,,,,,,,,,,,,  ,,,,,,  ,,  ,,,,,,,,,,,
,,1055,,,,,,,,,,,,,,,,,,  ,,,,,,,,,,,,,,,  ,,,,,,  ,,  ,,,,,,,,,,,
,,1056,,,,,,,,,,,,,,,,,,  ,,,,,,,,,,,,,,,  ,,,,,,  ,,  ,,,,,,,,,,,
,,1057,,,,,,,,,,,,,,,,,,  ,,,,,,,,,,,,,,,  ,,,,,,  ,,  ,,,,,,,,,,,
,,1058,,,,,,,,,,,,,,,,,,  ,,,,,,,,,,,,,,,  ,,,,,,  ,,  ,,,,,,,,,,,
,,1059,,,,,,,,,,,,,,,,,,  ,,,,,,,,,,,,,,,  ,,,,,,  ,,  ,,,,,,,,,,,
,,1060,,,,,,,,,,,,,,,,,,  ,,,,,,,,,,,,,,,  ,,,,,,  ,,  ,,,,,,,,,,,
,,1061,,,,,,,,,,,,,,,,,,  ,,,,,,,,,,,,,,,  ,,,,,,  ,,  ,,,,,,,,,,,
,,1062,,,,,,,,,,,,,,,,,,  ,,,,,,,,,,,,,,,  ,,,,,,  ,,  ,,,,,,,,,,,
,,1063,,,,,,,,,,,,,,,,,,  ,,,,,,,,,,,,,,,  ,,,,,,  ,,  ,,,,,,,,,,,
,,1064,,,,,,,,,,,,,,,,,,  ,,,,,,,,,,,,,,,  ,,,,,,  ,,  ,,,,,,,,,,,
,,1065,,,,,,,,,,,,,,,,,,  ,,,,,,,,,,,,,,,  ,,,,,,  ,,  ,,,,,,,,,,,
,,1066,,,,,,,,,,,,,,,,,,  ,,,,,,,,,,,,,,,  ,,,,,,  ,,  ,,,,,,,,,,,
,,1067,,,,,,,,,,,,,,,,,,  ,,,,,,,,,,,,,,,  ,,,,,,  ,,  ,,,,,,,,,,,
,,1068,,,,,,,,,,,,,,,,,,  ,,,,,,,,,,,,,,,  ,,,,,,  ,,  ,,,,,,,,,,,
,,1069,,,,,,,,,,,,,,,,,,  ,,,,,,,,,,,,,,,  ,,,,,,  ,,  ,,,,,,,,,,,
,,1070,,,,,,,,,,,,,,,,,,  ,,,,,,,,,,,,,,,  ,,,,,,  ,,  ,,,,,,,,,,,
,,1071,,,,,,,,,,,,,,,,,,  ,,,,,,,,,,,,,,,  ,,,,,,  ,,  ,,,,,,,,,,,
,,1072,,,,,,,,,,,,,,,,,,  ,,,,,,,,,,,,,,,  ,,,,,,  ,,  ,,,,,,,,,,,
,,1073,,,,,,,,,,,,,,,,,,  ,,,,,,,,,,,,,,,  ,,,,,,  ,,  ,,,,,,,,,,,
,,1074,,,,,,,,,,,,,,,,,,  ,,,,,,,,,,,,,,,  ,,,,,,  ,,  ,,,,,,,,,,,
,,1075,,,,,,,,,,,,,,,,,,  ,,,,,,,,,,,,,,,  ,,,,,,  ,,  ,,,,,,,,,,,
,,1076,,,,,,,,,,,,,,,,,,  ,,,,,,,,,,,,,,,  ,,,,,,  ,,  ,,,,,,,,,,,
,,1077,,,,,,,,,,,,,,,,,,  ,,,,,,,,,,,,,,,  ,,,,,,  ,,  ,,,,,,,,,,,
,,1078,,,,,,,,,,,,,,,,,,  ,,,,,,,,,,,,,,,  ,,,,,,  ,,  ,,,,,,,,,,,
,,1079,,,,,,,,,,,,,,,,,,  ,,,,,,,,,,,,,,,  ,,,,,,  ,,  ,,,,,,,,,,,
,,1080,,,,,,,,,,,,,,,,,,  ,,,,,,,,,,,,,,,  ,,,,,,  ,,  ,,,,,,,,,,,
,,1081,,,,,,,,,,,,,,,,,,  ,,,,,,,,,,,,,,,  ,,,,,,  ,,  ,,,,,,,,,,,
,,1082,,,,,,,,,,,,,,,,,,  ,,,,,,,,,,,,,,,  ,,,,,,  ,,  ,,,,,,,,,,,
,,1083,,,,,,,,,,,,,,,,,,  ,,,,,,,,,,,,,,,  ,,,,,,  ,,  ,,,,,,,,,,,
,,1084,,,,,,,,,,,,,,,,,,  ,,,,,,,,,,,,,,,  ,,,,,,  ,,  ,,,,,,,,,,,
,,1085,,,,,,,,,,,,,,,,,,  ,,,,,,,,,,,,,,,  ,,,,,,  ,,  ,,,,,,,,,,,
,,1086,,,,,,,,,,,,,,,,,,  ,,,,,,,,,,,,,,,  ,,,,,,  ,,  ,,,,,,,,,,,
,,1087,,,,,,,,,,,,,,,,,,  ,,,,,,,,,,,,,,,  ,,,,,,  ,,  ,,,,,,,,,,,
,,1088,,,,,,,,,,,,,,,,,,  ,,,,,,,,,,,,,,,  ,,,,,,  ,,  ,,,,,,,,,,,
,,1089,,,,,,,,,,,,,,,,,,  ,,,,,,,,,,,,,,,  ,,,,,,  ,,  ,,,,,,,,,,,
,,1090,,,,,,,,,,,,,,,,,,  ,,,,,,,,,,,,,,,  ,,,,,,  ,,  ,,,,,,,,,,,
,,1091,,,,,,,,,,,,,,,,,,  ,,,,,,,,,,,,,,,  ,,,,,,  ,,  ,,,,,,,,,,,
,,1092,,,,,,,,,,,,,,,,,,  ,,,,,,,,,,,,,,,  ,,,,,,  ,,  ,,,,,,,,,,,
,,1093,,,,,,,,,,,,,,,,,,  ,,,,,,,,,,,,,,,  ,,,,,,  ,,  ,,,,,,,,,,,
,,1094,,,,,,,,,,,,,,,,,,  ,,,,,,,,,,,,,,,  ,,,,,,  ,,  ,,,,,,,,,,,
,,1095,,,,,,,,,,,,,,,,,,  ,,,,,,,,,,,,,,,  ,,,,,,  ,,  ,,,,,,,,,,,
,,1096,,,,,,,,,,,,,,,,,,  ,,,,,,,,,,,,,,,  ,,,,,,  ,,  ,,,,,,,,,,,
,,1097,,,,,,,,,,,,,,,,,,  ,,,,,,,,,,,,,,,  ,,,,,,  ,,  ,,,,,,,,,,,
,,1098,,,,,,,,,,,,,,,,,,  ,,,,,,,,,,,,,,,  ,,,,,,  ,,  ,,,,,,,,,,,
,,1099,,,,,,,,,,,,,,,,,,  ,,,,,,,,,,,,,,,  ,,,,,,  ,,  ,,,,,,,,,,,
,,1100,,,,,,,,,,,,,,,,,,  ,,,,,,,,,,,,,,,  ,,,,,,  ,,  ,,,,,,,,,,,
,,1101,,,,,,,,,,,,,,,,,,  ,,,,,,,,,,,,,,,  ,,,,,,  ,,  ,,,,,,,,,,,
,,1102,,,,,,,,,,,,,,,,,,  ,,,,,,,,,,,,,,,  ,,,,,,  ,,  ,,,,,,,,,,,
,,1103,,,,,,,,,,,,,,,,,,  ,,,,,,,,,,,,,,,  ,,,,,,  ,,  ,,,,,,,,,,,
,,1104,,,,,,,,,,,,,,,,,,  ,,,,,,,,,,,,,,,  ,,,,,,  ,,  ,,,,,,,,,,,
,,1105,,,,,,,,,,,,,,,,,,  ,,,,,,,,,,,,,,,  ,,,,,,  ,,  ,,,,,,,,,,,
,,1106,,,,,,,,,,,,,,,,,,  ,,,,,,,,,,,,,,,  ,,,,,,  ,,  ,,,,,,,,,,,
,,1107,,,,,,,,,,,,,,,,,,  ,,,,,,,,,,,,,,,  ,,,,,,  ,,  ,,,,,,,,,,,
,,1108,,,,,,,,,,,,,,,,,,  ,,,,,,,,,,,,,,,  ,,,,,,  ,,  ,,,,,,,,,,,
,,1109,,,,,,,,,,,,,,,,,,  ,,,,,,,,,,,,,,,  ,,,,,,  ,,  ,,,,,,,,,,,
,,1110,,,,,,,,,,,,,,,,,,  ,,,,,,,,,,,,,,,  ,,,,,,  ,,  ,,,,,,,,,,,
,,1111,,,,,,,,,,,,,,,,,,  ,,,,,,,,,,,,,,,  ,,,,,,  ,,  ,,,,,,,,,,,
,,1112,,,,,,,,,,,,,,,,,,  ,,,,,,,,,,,,,,,  ,,,,,,  ,,  ,,,,,,,,,,,
,,1113,,,,,,,,,,,,,,,,,,  ,,,,,,,,,,,,,,,  ,,,,,,  ,,  ,,,,,,,,,,,
,,1114,,,,,,,,,,,,,,,,,,  ,,,,,,,,,,,,,,,  ,,,,,,  ,,  ,,,,,,,,,,,
,,1115,,,,,,,,,,,,,,,,,,  ,,,,,,,,,,,,,,,  ,,,,,,  ,,  ,,,,,,,,,,,
,,1116,,,,,,,,,,,,,,,,,,  ,,,,,,,,,,,,,,,  ,,,,,,  ,,  ,,,,,,,,,,,
,,1117,,,,,,,,,,,,,,,,,,  ,,,,,,,,,,,,,,,  ,,,,,,  ,,  ,,,,,,,,,,,
,,1118,,,,,,,,,,,,,,,,,,  ,,,,,,,,,,,,,,,  ,,,,,,  ,,  ,,,,,,,,,,,
,,1119,,,,,,,,,,,,,,,,,,  ,,,,,,,,,,,,,,,  ,,,,,,  ,,  ,,,,,,,,,,,
,,1120,,,,,,,,,,,,,,,,,,  ,,,,,,,,,,,,,,,  ,,,,,,  ,,  ,,,,,,,,,,,
,,1121,,,,,,,,,,,,,,,,,,  ,,,,,,,,,,,,,,,  ,,,,,,  ,,  ,,,,,,,,,,,
,,1122,,,,,,,,,,,,,,,,,,  ,,,,,,,,,,,,,,,  ,,,,,,  ,,  ,,,,,,,,,,,
,,1123,,,,,,,,,,,,,,,,,,  ,,,,,,,,,,,,,,,  ,,,,,,  ,,  ,,,,,,,,,,,
,,1124,,,,,,,,,,,,,,,,,,  ,,,,,,,,,,,,,,,  ,,,,,,  ,,  ,,,,,,,,,,,
,,1125,,,,,,,,,,,,,,,,,,  ,,,,,,,,,,,,,,,  ,,,,,,  ,,  ,,,,,,,,,,,
,,1126,,,,,,,,,,,,,,,,,,  ,,,,,,,,,,,,,,,  ,,,,,,  ,,  ,,,,,,,,,,,
,,1127,,,,,,,,,,,,,,,,,,  ,,,,,,,,,,,,,,,  ,,,,,,  ,,  ,,,,,,,,,,,
,,1128,,,,,,,,,,,,,,,,,,  ,,,,,,,,,,,,,,,  ,,,,,,  ,,  ,,,,,,,,,,,
,,1129,,,,,,,,,,,,,,,,,,  ,,,,,,,,,,,,,,,  ,,,,,,  ,,  ,,,,,,,,,,,
,,1130,,,,,,,,,,,,,,,,,,  ,,,,,,,,,,,,,,,  ,,,,,,  ,,  ,,,,,,,,,,,
,,1131,,,,,,,,,,,,,,,,,,  ,,,,,,,,,,,,,,,  ,,,,,,  ,,  ,,,,,,,,,,,
,,1132,,,,,,,,,,,,,,,,,,  ,,,,,,,,,,,,,,,  ,,,,,,  ,,  ,,,,,,,,,,,
,,1133,,,,,,,,,,,,,,,,,,  ,,,,,,,,,,,,,,,  ,,,,,,  ,,  ,,,,,,,,,,,
,,1134,,,,,,,,,,,,,,,,,,  ,,,,,,,,,,,,,,,  ,,,,,,  ,,  ,,,,,,,,,,,
,,1135,,,,,,,,,,,,,,,,,,  ,,,,,,,,,,,,,,,  ,,,,,,  ,,  ,,,,,,,,,,,
,,1136,,,,,,,,,,,,,,,,,,  ,,,,,,,,,,,,,,,  ,,,,,,  ,,  ,,,,,,,,,,,
,,1137,,,,,,,,,,,,,,,,,,  ,,,,,,,,,,,,,,,  ,,,,,,  ,,  ,,,,,,,,,,,
,,1138,,,,,,,,,,,,,,,,,,  ,,,,,,,,,,,,,,,  ,,,,,,  ,,  ,,,,,,,,,,,
,,1139,,,,,,,,,,,,,,,,,,  ,,,,,,,,,,,,,,,  ,,,,,,  ,,  ,,,,,,,,,,,
,,1140,,,,,,,,,,,,,,,,,,  ,,,,,,,,,,,,,,,  ,,,,,,  ,,  ,,,,,,,,,,,
,,1141,,,,,,,,,,,,,,,,,,  ,,,,,,,,,,,,,,,  ,,,,,,  ,,  ,,,,,,,,,,,
,,1142,,,,,,,,,,,,,,,,,,  ,,,,,,,,,,,,,,,  ,,,,,,  ,,  ,,,,,,,,,,,
,,1143,,,,,,,,,,,,,,,,,,  ,,,,,,,,,,,,,,,  ,,,,,,  ,,  ,,,,,,,,,,,
,,1144,,,,,,,,,,,,,,,,,,  ,,,,,,,,,,,,,,,  ,,,,,,  ,,  ,,,,,,,,,,,
,,1145,,,,,,,,,,,,,,,,,,  ,,,,,,,,,,,,,,,  ,,,,,,  ,,  ,,,,,,,,,,,
,,1146,,,,,,,,,,,,,,,,,,  ,,,,,,,,,,,,,,,  ,,,,,,  ,,  ,,,,,,,,,,,
,,1147,,,,,,,,,,,,,,,,,,  ,,,,,,,,,,,,,,,  ,,,,,,  ,,  ,,,,,,,,,,,
,,1148,,,,,,,,,,,,,,,,,,  ,,,,,,,,,,,,,,,  ,,,,,,  ,,  ,,,,,,,,,,,
,,1149,,,,,,,,,,,,,,,,,,  ,,,,,,,,,,,,,,,  ,,,,,,  ,,  ,,,,,,,,,,,
,,1150,,,,,,,,,,,,,,,,,,  ,,,,,,,,,,,,,,,  ,,,,,,  ,,  ,,,,,,,,,,,
,,1151,,,,,,,,,,,,,,,,,,  ,,,,,,,,,,,,,,,  ,,,,,,  ,,  ,,,,,,,,,,,
,,1152,,,,,,,,,,,,,,,,,,  ,,,,,,,,,,,,,,,  ,,,,,,  ,,  ,,,,,,,,,,,
,,1153,,,,,,,,,,,,,,,,,,  ,,,,,,,,,,,,,,,  ,,,,,,  ,,  ,,,,,,,,,,,
,,1154,,,,,,,,,,,,,,,,,,  ,,,,,,,,,,,,,,,  ,,,,,,  ,,  ,,,,,,,,,,,
,,1155,,,,,,,,,,,,,,,,,,  ,,,,,,,,,,,,,,,  ,,,,,,  ,,  ,,,,,,,,,,,
,,1156,,,,,,,,,,,,,,,,,,  ,,,,,,,,,,,,,,,  ,,,,,,  ,,  ,,,,,,,,,,,
,,1157,,,,,,,,,,,,,,,,,,  ,,,,,,,,,,,,,,,  ,,,,,,  ,,  ,,,,,,,,,,,
,,1158,,,,,,,,,,,,,,,,,,  ,,,,,,,,,,,,,,,  ,,,,,,  ,,  ,,,,,,,,,,,
,,1159,,,,,,,,,,,,,,,,,,  ,,,,,,,,,,,,,,,  ,,,,,,  ,,  ,,,,,,,,,,,
,,1160,,,,,,,,,,,,,,,,,,  ,,,,,,,,,,,,,,,  ,,,,,,  ,,  ,,,,,,,,,,,
,,1161,,,,,,,,,,,,,,,,,,  ,,,,,,,,,,,,,,,  ,,,,,,  ,,  ,,,,,,,,,,,
,,1162,,,,,,,,,,,,,,,,,,  ,,,,,,,,,,,,,,,  ,,,,,,  ,,  ,,,,,,,,,,,
,,1163,,,,,,,,,,,,,,,,,,  ,,,,,,,,,,,,,,,  ,,,,,,  ,,  ,,,,,,,,,,,
,,1164,,,,,,,,,,,,,,,,,,  ,,,,,,,,,,,,,,,  ,,,,,,  ,,  ,,,,,,,,,,,
,,1165,,,,,,,,,,,,,,,,,,  ,,,,,,,,,,,,,,,  ,,,,,,  ,,  ,,,,,,,,,,,
,,1166,,,,,,,,,,,,,,,,,,  ,,,,,,,,,,,,,,,  ,,,,,,  ,,  ,,,,,,,,,,,
,,1167,,,,,,,,,,,,,,,,,,  ,,,,,,,,,,,,,,,  ,,,,,,  ,,  ,,,,,,,,,,,
,,1168,,,,,,,,,,,,,,,,,,  ,,,,,,,,,,,,,,,  ,,,,,,  ,,  ,,,,,,,,,,,
,,1169,,,,,,,,,,,,,,,,,,  ,,,,,,,,,,,,,,,  ,,,,,,  ,,  ,,,,,,,,,,,
,,1170,,,,,,,,,,,,,,,,,,  ,,,,,,,,,,,,,,,  ,,,,,,  ,,  ,,,,,,,,,,,
,,1171,,,,,,,,,,,,,,,,,,  ,,,,,,,,,,,,,,,  ,,,,,,  ,,  ,,,,,,,,,,,
,,1172,,,,,,,,,,,,,,,,,,  ,,,,,,,,,,,,,,,  ,,,,,,  ,,  ,,,,,,,,,,,
,,1173,,,,,,,,,,,,,,,,,,  ,,,,,,,,,,,,,,,  ,,,,,,  ,,  ,,,,,,,,,,,
,,1174,,,,,,,,,,,,,,,,,,  ,,,,,,,,,,,,,,,  ,,,,,,  ,,  ,,,,,,,,,,,
,,1175,,,,,,,,,,,,,,,,,,  ,,,,,,,,,,,,,,,  ,,,,,,  ,,  ,,,,,,,,,,,
,,1176,,,,,,,,,,,,,,,,,,  ,,,,,,,,,,,,,,,  ,,,,,,  ,,  ,,,,,,,,,,,
,,1177,,,,,,,,,,,,,,,,,,  ,,,,,,,,,,,,,,,  ,,,,,,  ,,  ,,,,,,,,,,,
,,1178,,,,,,,,,,,,,,,,,,  ,,,,,,,,,,,,,,,  ,,,,,,  ,,  ,,,,,,,,,,,
,,1179,,,,,,,,,,,,,,,,,,  ,,,,,,,,,,,,,,,  ,,,,,,  ,,  ,,,,,,,,,,,
,,1180,,,,,,,,,,,,,,,,,,  ,,,,,,,,,,,,,,,  ,,,,,,  ,,  ,,,,,,,,,,,
,,1181,,,,,,,,,,,,,,,,,,  ,,,,,,,,,,,,,,,  ,,,,,,  ,,  ,,,,,,,,,,,
,,1182,,,,,,,,,,,,,,,,,,  ,,,,,,,,,,,,,,,  ,,,,,,  ,,  ,,,,,,,,,,,
,,1183,,,,,,,,,,,,,,,,,,  ,,,,,,,,,,,,,,,  ,,,,,,  ,,  ,,,,,,,,,,,
,,1184,,,,,,,,,,,,,,,,,,  ,,,,,,,,,,,,,,,  ,,,,,,  ,,  ,,,,,,,,,,,
,,1185,,,,,,,,,,,,,,,,,,  ,,,,,,,,,,,,,,,  ,,,,,,  ,,  ,,,,,,,,,,,
,,1186,,,,,,,,,,,,,,,,,,  ,,,,,,,,,,,,,,,  ,,,,,,  ,,  ,,,,,,,,,,,
,,1187,,,,,,,,,,,,,,,,,,  ,,,,,,,,,,,,,,,  ,,,,,,  ,,  ,,,,,,,,,,,
,,1188,,,,,,,,,,,,,,,,,,  ,,,,,,,,,,,,,,,  ,,,,,,  ,,  ,,,,,,,,,,,
,,1189,,,,,,,,,,,,,,,,,,  ,,,,,,,,,,,,,,,  ,,,,,,  ,,  ,,,,,,,,,,,
,,1190,,,,,,,,,,,,,,,,,,  ,,,,,,,,,,,,,,,  ,,,,,,  ,,  ,,,,,,,,,,,
,,1191,,,,,,,,,,,,,,,,,,  ,,,,,,,,,,,,,,,  ,,,,,,  ,,  ,,,,,,,,,,,
,,1192,,,,,,,,,,,,,,,,,,  ,,,,,,,,,,,,,,,  ,,,,,,  ,,  ,,,,,,,,,,,
,,1193,,,,,,,,,,,,,,,,,,  ,,,,,,,,,,,,,,,  ,,,,,,  ,,  ,,,,,,,,,,,
,,1194,,,,,,,,,,,,,,,,,,  ,,,,,,,,,,,,,,,  ,,,,,,  ,,  ,,,,,,,,,,,
,,1195,,,,,,,,,,,,,,,,,,  ,,,,,,,,,,,,,,,  ,,,,,,  ,,  ,,,,,,,,,,,
,,1196,,,,,,,,,,,,,,,,,,  ,,,,,,,,,,,,,,,  ,,,,,,  ,,  ,,,,,,,,,,,
,,1197,,,,,,,,,,,,,,,,,,  ,,,,,,,,,,,,,,,  ,,,,,,  ,,  ,,,,,,,,,,,
,,1198,,,,,,,,,,,,,,,,,,  ,,,,,,,,,,,,,,,  ,,,,,,  ,,  ,,,,,,,,,,,
,,1199,,,,,,,,,,,,,,,,,,  ,,,,,,,,,,,,,,,  ,,,,,,  ,,  ,,,,,,,,,,,
,,1200,,,,,,,,,,,,,,,,,,  ,,,,,,,,,,,,,,,  ,,,,,,  ,,  ,,,,,,,,,,,
,,1201,,,,,,,,,,,,,,,,,,  ,,,,,,,,,,,,,,,  ,,,,,,  ,,  ,,,,,,,,,,,
,,1202,,,,,,,,,,,,,,,,,,  ,,,,,,,,,,,,,,,  ,,,,,,  ,,  ,,,,,,,,,,,
,,1203,,,,,,,,,,,,,,,,,,  ,,,,,,,,,,,,,,,  ,,,,,,  ,,  ,,,,,,,,,,,
,,1204,,,,,,,,,,,,,,,,,,  ,,,,,,,,,,,,,,,  ,,,,,,  ,,  ,,,,,,,,,,,
,,1205,,,,,,,,,,,,,,,,,,  ,,,,,,,,,,,,,,,  ,,,,,,  ,,  ,,,,,,,,,,,
,,1206,,,,,,,,,,,,,,,,,,  ,,,,,,,,,,,,,,,  ,,,,,,  ,,  ,,,,,,,,,,,
,,1207,,,,,,,,,,,,,,,,,,  ,,,,,,,,,,,,,,,  ,,,,,,  ,,  ,,,,,,,,,,,
,,1208,,,,,,,,,,,,,,,,,,  ,,,,,,,,,,,,,,,  ,,,,,,  ,,  ,,,,,,,,,,,
,,1209,,,,,,,,,,,,,,,,,,  ,,,,,,,,,,,,,,,  ,,,,,,  ,,  ,,,,,,,,,,,
,,1210,,,,,,,,,,,,,,,,,,  ,,,,,,,,,,,,,,,  ,,,,,,  ,,  ,,,,,,,,,,,
,,1211,,,,,,,,,,,,,,,,,,  ,,,,,,,,,,,,,,,  ,,,,,,  ,,  ,,,,,,,,,,,
,,1212,,,,,,,,,,,,,,,,,,  ,,,,,,,,,,,,,,,  ,,,,,,  ,,  ,,,,,,,,,,,
,,1213,,,,,,,,,,,,,,,,,,  ,,,,,,,,,,,,,,,  ,,,,,,  ,,  ,,,,,,,,,,,
,,1214,,,,,,,,,,,,,,,,,,  ,,,,,,,,,,,,,,,  ,,,,,,  ,,  ,,,,,,,,,,,
,,1215,,,,,,,,,,,,,,,,,,  ,,,,,,,,,,,,,,,  ,,,,,,  ,,  ,,,,,,,,,,,
,,1216,,,,,,,,,,,,,,,,,,  ,,,,,,,,,,,,,,,  ,,,,,,  ,,  ,,,,,,,,,,,
,,1217,,,,,,,,,,,,,,,,,,  ,,,,,,,,,,,,,,,  ,,,,,,  ,,  ,,,,,,,,,,,
,,1218,,,,,,,,,,,,,,,,,,  ,,,,,,,,,,,,,,,  ,,,,,,  ,,  ,,,,,,,,,,,
,,1219,,,,,,,,,,,,,,,,,,  ,,,,,,,,,,,,,,,  ,,,,,,  ,,  ,,,,,,,,,,,
,,1220,,,,,,,,,,,,,,,,,,  ,,,,,,,,,,,,,,,  ,,,,,,  ,,  ,,,,,,,,,,,
,,1221,,,,,,,,,,,,,,,,,,  ,,,,,,,,,,,,,,,  ,,,,,,  ,,  ,,,,,,,,,,,
,,1222,,,,,,,,,,,,,,,,,,  ,,,,,,,,,,,,,,,  ,,,,,,  ,,  ,,,,,,,,,,,
,,1223,,,,,,,,,,,,,,,,,,  ,,,,,,,,,,,,,,,  ,,,,,,  ,,  ,,,,,,,,,,,
,,1224,,,,,,,,,,,,,,,,,,  ,,,,,,,,,,,,,,,  ,,,,,,  ,,  ,,,,,,,,,,,
,,1225,,,,,,,,,,,,,,,,,,  ,,,,,,,,,,,,,,,  ,,,,,,  ,,  ,,,,,,,,,,,
,,1226,,,,,,,,,,,,,,,,,,  ,,,,,,,,,,,,,,,  ,,,,,,  ,,  ,,,,,,,,,,,
,,1227,,,,,,,,,,,,,,,,,,  ,,,,,,,,,,,,,,,  ,,,,,,  ,,  ,,,,,,,,,,,
,,1228,,,,,,,,,,,,,,,,,,  ,,,,,,,,,,,,,,,  ,,,,,,  ,,  ,,,,,,,,,,,
,,1229,,,,,,,,,,,,,,,,,,  ,,,,,,,,,,,,,,,  ,,,,,,  ,,  ,,,,,,,,,,,
,,1230,,,,,,,,,,,,,,,,,,  ,,,,,,,,,,,,,,,  ,,,,,,  ,,  ,,,,,,,,,,,
,,1231,,,,,,,,,,,,,,,,,,  ,,,,,,,,,,,,,,,  ,,,,,,  ,,  ,,,,,,,,,,,
,,1232,,,,,,,,,,,,,,,,,,  ,,,,,,,,,,,,,,,  ,,,,,,  ,,  ,,,,,,,,,,,
,,1233,,,,,,,,,,,,,,,,,,  ,,,,,,,,,,,,,,,  ,,,,,,  ,,  ,,,,,,,,,,,
,,1234,,,,,,,,,,,,,,,,,,  ,,,,,,,,,,,,,,,  ,,,,,,  ,,  ,,,,,,,,,,,
,,1235,,,,,,,,,,,,,,,,,,  ,,,,,,,,,,,,,,,  ,,,,,,  ,,  ,,,,,,,,,,,
,,1236,,,,,,,,,,,,,,,,,,  ,,,,,,,,,,,,,,,  ,,,,,,  ,,  ,,,,,,,,,,,
,,1237,,,,,,,,,,,,,,,,,,  ,,,,,,,,,,,,,,,  ,,,,,,  ,,  ,,,,,,,,,,,
,,1238,,,,,,,,,,,,,,,,,,  ,,,,,,,,,,,,,,,  ,,,,,,  ,,  ,,,,,,,,,,,
,,1239,,,,,,,,,,,,,,,,,,  ,,,,,,,,,,,,,,,  ,,,,,,  ,,  ,,,,,,,,,,,
,,1240,,,,,,,,,,,,,,,,,,  ,,,,,,,,,,,,,,,  ,,,,,,  ,,  ,,,,,,,,,,,
,,1241,,,,,,,,,,,,,,,,,,  ,,,,,,,,,,,,,,,  ,,,,,,  ,,  ,,,,,,,,,,,
,,1242,,,,,,,,,,,,,,,,,,  ,,,,,,,,,,,,,,,  ,,,,,,  ,,  ,,,,,,,,,,,
,,1243,,,,,,,,,,,,,,,,,,  ,,,,,,,,,,,,,,,  ,,,,,,  ,,  ,,,,,,,,,,,
,,1244,,,,,,,,,,,,,,,,,,  ,,,,,,,,,,,,,,,  ,,,,,,  ,,  ,,,,,,,,,,,
,,1245,,,,,,,,,,,,,,,,,,  ,,,,,,,,,,,,,,,  ,,,,,,  ,,  ,,,,,,,,,,,
,,1246,,,,,,,,,,,,,,,,,,  ,,,,,,,,,,,,,,,  ,,,,,,  ,,  ,,,,,,,,,,,
,,1247,,,,,,,,,,,,,,,,,,  ,,,,,,,,,,,,,,,  ,,,,,,  ,,  ,,,,,,,,,,,
,,1248,,,,,,,,,,,,,,,,,,  ,,,,,,,,,,,,,,,  ,,,,,,  ,,  ,,,,,,,,,,,
,,1249,,,,,,,,,,,,,,,,,,  ,,,,,,,,,,,,,,,  ,,,,,,  ,,  ,,,,,,,,,,,
,,1250,,,,,,,,,,,,,,,,,,  ,,,,,,,,,,,,,,,  ,,,,,,  ,,  ,,,,,,,,,,,
,,1251,,,,,,,,,,,,,,,,,,  ,,,,,,,,,,,,,,,  ,,,,,,  ,,  ,,,,,,,,,,,
,,1252,,,,,,,,,,,,,,,,,,  ,,,,,,,,,,,,,,,  ,,,,,,  ,,  ,,,,,,,,,,,
,,1253,,,,,,,,,,,,,,,,,,  ,,,,,,,,,,,,,,,  ,,,,,,  ,,  ,,,,,,,,,,,
,,1254,,,,,,,,,,,,,,,,,,  ,,,,,,,,,,,,,,,  ,,,,,,  ,,  ,,,,,,,,,,,
,,1255,,,,,,,,,,,,,,,,,,  ,,,,,,,,,,,,,,,  ,,,,,,  ,,  ,,,,,,,,,,,
,,1256,,,,,,,,,,,,,,,,,,  ,,,,,,,,,,,,,,,  ,,,,,,  ,,  ,,,,,,,,,,,
,,1257,,,,,,,,,,,,,,,,,,  ,,,,,,,,,,,,,,,  ,,,,,,  ,,  ,,,,,,,,,,,
,,1258,,,,,,,,,,,,,,,,,,  ,,,,,,,,,,,,,,,  ,,,,,,  ,,  ,,,,,,,,,,,
,,1259,,,,,,,,,,,,,,,,,,  ,,,,,,,,,,,,,,,  ,,,,,,  ,,  ,,,,,,,,,,,
,,1260,,,,,,,,,,,,,,,,,,  ,,,,,,,,,,,,,,,  ,,,,,,  ,,  ,,,,,,,,,,,
,,1261,,,,,,,,,,,,,,,,,,  ,,,,,,,,,,,,,,,  ,,,,,,  ,,  ,,,,,,,,,,,
,,1262,,,,,,,,,,,,,,,,,,  ,,,,,,,,,,,,,,,  ,,,,,,  ,,  ,,,,,,,,,,,
,,1263,,,,,,,,,,,,,,,,,,  ,,,,,,,,,,,,,,,  ,,,,,,  ,,  ,,,,,,,,,,,
,,1264,,,,,,,,,,,,,,,,,,  ,,,,,,,,,,,,,,,  ,,,,,,  ,,  ,,,,,,,,,,,
,,1265,,,,,,,,,,,,,,,,,,  ,,,,,,,,,,,,,,,  ,,,,,,  ,,  ,,,,,,,,,,,
,,1266,,,,,,,,,,,,,,,,,,  ,,,,,,,,,,,,,,,  ,,,,,,  ,,  ,,,,,,,,,,,
,,1267,,,,,,,,,,,,,,,,,,  ,,,,,,,,,,,,,,,  ,,,,,,  ,,  ,,,,,,,,,,,
,,1268,,,,,,,,,,,,,,,,,,  ,,,,,,,,,,,,,,,  ,,,,,,  ,,  ,,,,,,,,,,,
,,1269,,,,,,,,,,,,,,,,,,  ,,,,,,,,,,,,,,,  ,,,,,,  ,,  ,,,,,,,,,,,
,,1270,,,,,,,,,,,,,,,,,,  ,,,,,,,,,,,,,,,  ,,,,,,  ,,  ,,,,,,,,,,,
,,1271,,,,,,,,,,,,,,,,,,  ,,,,,,,,,,,,,,,  ,,,,,,  ,,  ,,,,,,,,,,,
,,1272,,,,,,,,,,,,,,,,,,  ,,,,,,,,,,,,,,,  ,,,,,,  ,,  ,,,,,,,,,,,
,,1273,,,,,,,,,,,,,,,,,,  ,,,,,,,,,,,,,,,  ,,,,,,  ,,  ,,,,,,,,,,,
,,1274,,,,,,,,,,,,,,,,,,  ,,,,,,,,,,,,,,,  ,,,,,,  ,,  ,,,,,,,,,,,
,,1275,,,,,,,,,,,,,,,,,,  ,,,,,,,,,,,,,,,  ,,,,,,  ,,  ,,,,,,,,,,,
,,1276,,,,,,,,,,,,,,,,,,  ,,,,,,,,,,,,,,,  ,,,,,,  ,,  ,,,,,,,,,,,
,,1277,,,,,,,,,,,,,,,,,,  ,,,,,,,,,,,,,,,  ,,,,,,  ,,  ,,,,,,,,,,,
,,1278,,,,,,,,,,,,,,,,,,  ,,,,,,,,,,,,,,,  ,,,,,,  ,,  ,,,,,,,,,,,
,,1279,,,,,,,,,,,,,,,,,,  ,,,,,,,,,,,,,,,  ,,,,,,  ,,  ,,,,,,,,,,,
,,1280,,,,,,,,,,,,,,,,,,  ,,,,,,,,,,,,,,,  ,,,,,,  ,,  ,,,,,,,,,,,
,,1281,,,,,,,,,,,,,,,,,,  ,,,,,,,,,,,,,,,  ,,,,,,  ,,  ,,,,,,,,,,,
,,1282,,,,,,,,,,,,,,,,,,  ,,,,,,,,,,,,,,,  ,,,,,,  ,,  ,,,,,,,,,,,
,,1283,,,,,,,,,,,,,,,,,,  ,,,,,,,,,,,,,,,  ,,,,,,  ,,  ,,,,,,,,,,,
,,1284,,,,,,,,,,,,,,,,,,  ,,,,,,,,,,,,,,,  ,,,,,,  ,,  ,,,,,,,,,,,
,,1285,,,,,,,,,,,,,,,,,,  ,,,,,,,,,,,,,,,  ,,,,,,  ,,  ,,,,,,,,,,,
,,1286,,,,,,,,,,,,,,,,,,  ,,,,,,,,,,,,,,,  ,,,,,,  ,,  ,,,,,,,,,,,
,,1287,,,,,,,,,,,,,,,,,,  ,,,,,,,,,,,,,,,  ,,,,,,  ,,  ,,,,,,,,,,,
,,1288,,,,,,,,,,,,,,,,,,  ,,,,,,,,,,,,,,,  ,,,,,,  ,,  ,,,,,,,,,,,
,,1289,,,,,,,,,,,,,,,,,,  ,,,,,,,,,,,,,,,  ,,,,,,  ,,  ,,,,,,,,,,,
,,1290,,,,,,,,,,,,,,,,,,  ,,,,,,,,,,,,,,,  ,,,,,,  ,,  ,,,,,,,,,,,
,,1291,,,,,,,,,,,,,,,,,,  ,,,,,,,,,,,,,,,  ,,,,,,  ,,  ,,,,,,,,,,,
,,1292,,,,,,,,,,,,,,,,,,  ,,,,,,,,,,,,,,,  ,,,,,,  ,,  ,,,,,,,,,,,
,,1293,,,,,,,,,,,,,,,,,,  ,,,,,,,,,,,,,,,  ,,,,,,  ,,  ,,,,,,,,,,,
,,1294,,,,,,,,,,,,,,,,,,  ,,,,,,,,,,,,,,,  ,,,,,,  ,,  ,,,,,,,,,,,
,,1295,,,,,,,,,,,,,,,,,,  ,,,,,,,,,,,,,,,  ,,,,,,  ,,  ,,,,,,,,,,,
,,1296,,,,,,,,,,,,,,,,,,  ,,,,,,,,,,,,,,,  ,,,,,,  ,,  ,,,,,,,,,,,
,,1297,,,,,,,,,,,,,,,,,,  ,,,,,,,,,,,,,,,  ,,,,,,  ,,  ,,,,,,,,,,,
,,1298,,,,,,,,,,,,,,,,,,  ,,,,,,,,,,,,,,,  ,,,,,,  ,,  ,,,,,,,,,,,
,,1299,,,,,,,,,,,,,,,,,,  ,,,,,,,,,,,,,,,  ,,,,,,  ,,  ,,,,,,,,,,,
,,1300,,,,,,,,,,,,,,,,,,  ,,,,,,,,,,,,,,,  ,,,,,,  ,,  ,,,,,,,,,,,
,,1301,,,,,,,,,,,,,,,,,,  ,,,,,,,,,,,,,,,  ,,,,,,  ,,  ,,,,,,,,,,,
,,1302,,,,,,,,,,,,,,,,,,  ,,,,,,,,,,,,,,,  ,,,,,,  ,,  ,,,,,,,,,,,
,,1303,,,,,,,,,,,,,,,,,,  ,,,,,,,,,,,,,,,  ,,,,,,  ,,  ,,,,,,,,,,,
,,1304,,,,,,,,,,,,,,,,,,  ,,,,,,,,,,,,,,,  ,,,,,,  ,,  ,,,,,,,,,,,
,,1305,,,,,,,,,,,,,,,,,,  ,,,,,,,,,,,,,,,  ,,,,,,  ,,  ,,,,,,,,,,,
,,1306,,,,,,,,,,,,,,,,,,  ,,,,,,,,,,,,,,,  ,,,,,,  ,,  ,,,,,,,,,,,
,,1307,,,,,,,,,,,,,,,,,,  ,,,,,,,,,,,,,,,  ,,,,,,  ,,  ,,,,,,,,,,,
,,1308,,,,,,,,,,,,,,,,,,  ,,,,,,,,,,,,,,,  ,,,,,,  ,,  ,,,,,,,,,,,
,,1309,,,,,,,,,,,,,,,,,,  ,,,,,,,,,,,,,,,  ,,,,,,  ,,  ,,,,,,,,,,,
,,1310,,,,,,,,,,,,,,,,,,  ,,,,,,,,,,,,,,,  ,,,,,,  ,,  ,,,,,,,,,,,
,,1311,,,,,,,,,,,,,,,,,,  ,,,,,,,,,,,,,,,  ,,,,,,  ,,  ,,,,,,,,,,,
,,1312,,,,,,,,,,,,,,,,,,  ,,,,,,,,,,,,,,,  ,,,,,,  ,,  ,,,,,,,,,,,
,,1313,,,,,,,,,,,,,,,,,,  ,,,,,,,,,,,,,,,  ,,,,,,  ,,  ,,,,,,,,,,,
,,1314,,,,,,,,,,,,,,,,,,  ,,,,,,,,,,,,,,,  ,,,,,,  ,,  ,,,,,,,,,,,
,,1315,,,,,,,,,,,,,,,,,,  ,,,,,,,,,,,,,,,  ,,,,,,  ,,  ,,,,,,,,,,,
,,1316,,,,,,,,,,,,,,,,,,  ,,,,,,,,,,,,,,,  ,,,,,,  ,,  ,,,,,,,,,,,
,,1317,,,,,,,,,,,,,,,,,,  ,,,,,,,,,,,,,,,  ,,,,,,  ,,  ,,,,,,,,,,,
,,1318,,,,,,,,,,,,,,,,,,  ,,,,,,,,,,,,,,,  ,,,,,,  ,,  ,,,,,,,,,,,
,,1319,,,,,,,,,,,,,,,,,,  ,,,,,,,,,,,,,,,  ,,,,,,  ,,  ,,,,,,,,,,,
,,1320,,,,,,,,,,,,,,,,,,  ,,,,,,,,,,,,,,,  ,,,,,,  ,,  ,,,,,,,,,,,
,,1321,,,,,,,,,,,,,,,,,,  ,,,,,,,,,,,,,,,  ,,,,,,  ,,  ,,,,,,,,,,,
,,1322,,,,,,,,,,,,,,,,,,  ,,,,,,,,,,,,,,,  ,,,,,,  ,,  ,,,,,,,,,,,
,,1323,,,,,,,,,,,,,,,,,,  ,,,,,,,,,,,,,,,  ,,,,,,  ,,  ,,,,,,,,,,,
,,1324,,,,,,,,,,,,,,,,,,  ,,,,,,,,,,,,,,,  ,,,,,,  ,,  ,,,,,,,,,,,
,,1325,,,,,,,,,,,,,,,,,,  ,,,,,,,,,,,,,,,  ,,,,,,  ,,  ,,,,,,,,,,,
,,1326,,,,,,,,,,,,,,,,,,  ,,,,,,,,,,,,,,,  ,,,,,,  ,,  ,,,,,,,,,,,
,,1327,,,,,,,,,,,,,,,,,,  ,,,,,,,,,,,,,,,  ,,,,,,  ,,  ,,,,,,,,,,,
,,1328,,,,,,,,,,,,,,,,,,  ,,,,,,,,,,,,,,,  ,,,,,,  ,,  ,,,,,,,,,,,
,,1329,,,,,,,,,,,,,,,,,,  ,,,,,,,,,,,,,,,  ,,,,,,  ,,  ,,,,,,,,,,,
,,1330,,,,,,,,,,,,,,,,,,  ,,,,,,,,,,,,,,,  ,,,,,,  ,,  ,,,,,,,,,,,
,,1331,,,,,,,,,,,,,,,,,,  ,,,,,,,,,,,,,,,  ,,,,,,  ,,  ,,,,,,,,,,,
,,1332,,,,,,,,,,,,,,,,,,  ,,,,,,,,,,,,,,,  ,,,,,,  ,,  ,,,,,,,,,,,
,,1333,,,,,,,,,,,,,,,,,,  ,,,,,,,,,,,,,,,  ,,,,,,  ,,  ,,,,,,,,,,,
,,1334,,,,,,,,,,,,,,,,,,  ,,,,,,,,,,,,,,,  ,,,,,,  ,,  ,,,,,,,,,,,
,,1335,,,,,,,,,,,,,,,,,,  ,,,,,,,,,,,,,,,  ,,,,,,  ,,  ,,,,,,,,,,,
,,1336,,,,,,,,,,,,,,,,,,  ,,,,,,,,,,,,,,,  ,,,,,,  ,,  ,,,,,,,,,,,
,,1337,,,,,,,,,,,,,,,,,,  ,,,,,,,,,,,,,,,  ,,,,,,  ,,  ,,,,,,,,,,,
,,1338,,,,,,,,,,,,,,,,,,  ,,,,,,,,,,,,,,,  ,,,,,,  ,,  ,,,,,,,,,,,
,,1339,,,,,,,,,,,,,,,,,,  ,,,,,,,,,,,,,,,  ,,,,,,  ,,  ,,,,,,,,,,,
,,1340,,,,,,,,,,,,,,,,,,  ,,,,,,,,,,,,,,,  ,,,,,,  ,,  ,,,,,,,,,,,
,,1341,,,,,,,,,,,,,,,,,,  ,,,,,,,,,,,,,,,  ,,,,,,  ,,  ,,,,,,,,,,,
,,1342,,,,,,,,,,,,,,,,,,  ,,,,,,,,,,,,,,,  ,,,,,,  ,,  ,,,,,,,,,,,
,,1343,,,,,,,,,,,,,,,,,,  ,,,,,,,,,,,,,,,  ,,,,,,  ,,  ,,,,,,,,,,,
,,1344,,,,,,,,,,,,,,,,,,  ,,,,,,,,,,,,,,,  ,,,,,,  ,,  ,,,,,,,,,,,
,,1345,,,,,,,,,,,,,,,,,,  ,,,,,,,,,,,,,,,  ,,,,,,  ,,  ,,,,,,,,,,,
,,1346,,,,,,,,,,,,,,,,,,  ,,,,,,,,,,,,,,,  ,,,,,,  ,,  ,,,,,,,,,,,
,,1347,,,,,,,,,,,,,,,,,,  ,,,,,,,,,,,,,,,  ,,,,,,  ,,  ,,,,,,,,,,,
,,1348,,,,,,,,,,,,,,,,,,  ,,,,,,,,,,,,,,,  ,,,,,,  ,,  ,,,,,,,,,,,
,,1349,,,,,,,,,,,,,,,,,,  ,,,,,,,,,,,,,,,  ,,,,,,  ,,  ,,,,,,,,,,,
,,1350,,,,,,,,,,,,,,,,,,  ,,,,,,,,,,,,,,,  ,,,,,,  ,,  ,,,,,,,,,,,
,,1351,,,,,,,,,,,,,,,,,,  ,,,,,,,,,,,,,,,  ,,,,,,  ,,  ,,,,,,,,,,,
,,1352,,,,,,,,,,,,,,,,,,  ,,,,,,,,,,,,,,,  ,,,,,,  ,,  ,,,,,,,,,,,
,,1353,,,,,,,,,,,,,,,,,,  ,,,,,,,,,,,,,,,  ,,,,,,  ,,  ,,,,,,,,,,,
,,1354,,,,,,,,,,,,,,,,,,  ,,,,,,,,,,,,,,,  ,,,,,,  ,,  ,,,,,,,,,,,
,,1355,,,,,,,,,,,,,,,,,,  ,,,,,,,,,,,,,,,  ,,,,,,  ,,  ,,,,,,,,,,,
,,1356,,,,,,,,,,,,,,,,,,  ,,,,,,,,,,,,,,,  ,,,,,,  ,,  ,,,,,,,,,,,
,,1357,,,,,,,,,,,,,,,,,,  ,,,,,,,,,,,,,,,  ,,,,,,  ,,  ,,,,,,,,,,,
,,1358,,,,,,,,,,,,,,,,,,  ,,,,,,,,,,,,,,,  ,,,,,,  ,,  ,,,,,,,,,,,
,,1359,,,,,,,,,,,,,,,,,,  ,,,,,,,,,,,,,,,  ,,,,,,  ,,  ,,,,,,,,,,,
,,1360,,,,,,,,,,,,,,,,,,  ,,,,,,,,,,,,,,,  ,,,,,,  ,,  ,,,,,,,,,,,
,,1361,,,,,,,,,,,,,,,,,,  ,,,,,,,,,,,,,,,  ,,,,,,  ,,  ,,,,,,,,,,,
,,1362,,,,,,,,,,,,,,,,,,  ,,,,,,,,,,,,,,,  ,,,,,,  ,,  ,,,,,,,,,,,
,,1363,,,,,,,,,,,,,,,,,,  ,,,,,,,,,,,,,,,  ,,,,,,  ,,  ,,,,,,,,,,,
,,1364,,,,,,,,,,,,,,,,,,  ,,,,,,,,,,,,,,,  ,,,,,,  ,,  ,,,,,,,,,,,
,,1365,,,,,,,,,,,,,,,,,,  ,,,,,,,,,,,,,,,  ,,,,,,  ,,  ,,,,,,,,,,,
,,1366,,,,,,,,,,,,,,,,,,  ,,,,,,,,,,,,,,,  ,,,,,,  ,,  ,,,,,,,,,,,
,,1367,,,,,,,,,,,,,,,,,,  ,,,,,,,,,,,,,,,  ,,,,,,  ,,  ,,,,,,,,,,,
,,1368,,,,,,,,,,,,,,,,,,  ,,,,,,,,,,,,,,,  ,,,,,,  ,,  ,,,,,,,,,,,
,,1369,,,,,,,,,,,,,,,,,,  ,,,,,,,,,,,,,,,  ,,,,,,  ,,  ,,,,,,,,,,,
,,1370,,,,,,,,,,,,,,,,,,  ,,,,,,,,,,,,,,,  ,,,,,,  ,,  ,,,,,,,,,,,
,,1371,,,,,,,,,,,,,,,,,,  ,,,,,,,,,,,,,,,  ,,,,,,  ,,  ,,,,,,,,,,,
,,1372,,,,,,,,,,,,,,,,,,  ,,,,,,,,,,,,,,,  ,,,,,,  ,,  ,,,,,,,,,,,
,,1373,,,,,,,,,,,,,,,,,,  ,,,,,,,,,,,,,,,  ,,,,,,  ,,  ,,,,,,,,,,,
,,1374,,,,,,,,,,,,,,,,,,  ,,,,,,,,,,,,,,,  ,,,,,,  ,,  ,,,,,,,,,,,
,,1375,,,,,,,,,,,,,,,,,,  ,,,,,,,,,,,,,,,  ,,,,,,  ,,  ,,,,,,,,,,,
,,1376,,,,,,,,,,,,,,,,,,  ,,,,,,,,,,,,,,,  ,,,,,,  ,,  ,,,,,,,,,,,
,,1377,,,,,,,,,,,,,,,,,,  ,,,,,,,,,,,,,,,  ,,,,,,  ,,  ,,,,,,,,,,,
,,1378,,,,,,,,,,,,,,,,,,  ,,,,,,,,,,,,,,,  ,,,,,,  ,,  ,,,,,,,,,,,
,,1379,,,,,,,,,,,,,,,,,,  ,,,,,,,,,,,,,,,  ,,,,,,  ,,  ,,,,,,,,,,,
,,1380,,,,,,,,,,,,,,,,,,  ,,,,,,,,,,,,,,,  ,,,,,,  ,,  ,,,,,,,,,,,
,,1381,,,,,,,,,,,,,,,,,,  ,,,,,,,,,,,,,,,  ,,,,,,  ,,  ,,,,,,,,,,,
,,1382,,,,,,,,,,,,,,,,,,  ,,,,,,,,,,,,,,,  ,,,,,,  ,,  ,,,,,,,,,,,
,,1383,,,,,,,,,,,,,,,,,,  ,,,,,,,,,,,,,,,  ,,,,,,  ,,  ,,,,,,,,,,,
,,1384,,,,,,,,,,,,,,,,,,  ,,,,,,,,,,,,,,,  ,,,,,,  ,,  ,,,,,,,,,,,
,,1385,,,,,,,,,,,,,,,,,,  ,,,,,,,,,,,,,,,  ,,,,,,  ,,  ,,,,,,,,,,,
,,1386,,,,,,,,,,,,,,,,,,  ,,,,,,,,,,,,,,,  ,,,,,,  ,,  ,,,,,,,,,,,
,,1387,,,,,,,,,,,,,,,,,,  ,,,,,,,,,,,,,,,  ,,,,,,  ,,  ,,,,,,,,,,,
,,1388,,,,,,,,,,,,,,,,,,  ,,,,,,,,,,,,,,,  ,,,,,,  ,,  ,,,,,,,,,,,
,,1389,,,,,,,,,,,,,,,,,,  ,,,,,,,,,,,,,,,  ,,,,,,  ,,  ,,,,,,,,,,,
,,1390,,,,,,,,,,,,,,,,,,  ,,,,,,,,,,,,,,,  ,,,,,,  ,,  ,,,,,,,,,,,
,,1391,,,,,,,,,,,,,,,,,,  ,,,,,,,,,,,,,,,  ,,,,,,  ,,  ,,,,,,,,,,,
,,1392,,,,,,,,,,,,,,,,,,  ,,,,,,,,,,,,,,,  ,,,,,,  ,,  ,,,,,,,,,,,
,,1393,,,,,,,,,,,,,,,,,,  ,,,,,,,,,,,,,,,  ,,,,,,  ,,  ,,,,,,,,,,,
,,1394,,,,,,,,,,,,,,,,,,  ,,,,,,,,,,,,,,,  ,,,,,,  ,,  ,,,,,,,,,,,
,,1395,,,,,,,,,,,,,,,,,,  ,,,,,,,,,,,,,,,  ,,,,,,  ,,  ,,,,,,,,,,,
,,1396,,,,,,,,,,,,,,,,,,  ,,,,,,,,,,,,,,,  ,,,,,,  ,,  ,,,,,,,,,,,
,,1397,,,,,,,,,,,,,,,,,,  ,,,,,,,,,,,,,,,  ,,,,,,  ,,  ,,,,,,,,,,,
,,1398,,,,,,,,,,,,,,,,,,  ,,,,,,,,,,,,,,,  ,,,,,,  ,,  ,,,,,,,,,,,
,,1399,,,,,,,,,,,,,,,,,,  ,,,,,,,,,,,,,,,  ,,,,,,  ,,  ,,,,,,,,,,,
,,1400,,,,,,,,,,,,,,,,,,  ,,,,,,,,,,,,,,,  ,,,,,,  ,,  ,,,,,,,,,,,
,,1401,,,,,,,,,,,,,,,,,,  ,,,,,,,,,,,,,,,  ,,,,,,  ,,  ,,,,,,,,,,,
,,1402,,,,,,,,,,,,,,,,,,  ,,,,,,,,,,,,,,,  ,,,,,,  ,,  ,,,,,,,,,,,
,,1403,,,,,,,,,,,,,,,,,,  ,,,,,,,,,,,,,,,  ,,,,,,  ,,  ,,,,,,,,,,,
,,1404,,,,,,,,,,,,,,,,,,  ,,,,,,,,,,,,,,,  ,,,,,,  ,,  ,,,,,,,,,,,
,,1405,,,,,,,,,,,,,,,,,,  ,,,,,,,,,,,,,,,  ,,,,,,  ,,  ,,,,,,,,,,,
,,1406,,,,,,,,,,,,,,,,,,  ,,,,,,,,,,,,,,,  ,,,,,,  ,,  ,,,,,,,,,,,
,,1407,,,,,,,,,,,,,,,,,,  ,,,,,,,,,,,,,,,  ,,,,,,  ,,  ,,,,,,,,,,,
,,1408,,,,,,,,,,,,,,,,,,  ,,,,,,,,,,,,,,,  ,,,,,,  ,,  ,,,,,,,,,,,
,,1409,,,,,,,,,,,,,,,,,,  ,,,,,,,,,,,,,,,  ,,,,,,  ,,  ,,,,,,,,,,,
,,1410,,,,,,,,,,,,,,,,,,  ,,,,,,,,,,,,,,,  ,,,,,,  ,,  ,,,,,,,,,,,
,,1411,,,,,,,,,,,,,,,,,,  ,,,,,,,,,,,,,,,  ,,,,,,  ,,  ,,,,,,,,,,,
,,1412,,,,,,,,,,,,,,,,,,  ,,,,,,,,,,,,,,,  ,,,,,,  ,,  ,,,,,,,,,,,
,,1413,,,,,,,,,,,,,,,,,,  ,,,,,,,,,,,,,,,  ,,,,,,  ,,  ,,,,,,,,,,,
,,1414,,,,,,,,,,,,,,,,,,  ,,,,,,,,,,,,,,,  ,,,,,,  ,,  ,,,,,,,,,,,
,,1415,,,,,,,,,,,,,,,,,,  ,,,,,,,,,,,,,,,  ,,,,,,  ,,  ,,,,,,,,,,,
,,1416,,,,,,,,,,,,,,,,,,  ,,,,,,,,,,,,,,,  ,,,,,,  ,,  ,,,,,,,,,,,
,,1417,,,,,,,,,,,,,,,,,,  ,,,,,,,,,,,,,,,  ,,,,,,  ,,  ,,,,,,,,,,,
,,1418,,,,,,,,,,,,,,,,,,  ,,,,,,,,,,,,,,,  ,,,,,,  ,,  ,,,,,,,,,,,
,,1419,,,,,,,,,,,,,,,,,,  ,,,,,,,,,,,,,,,  ,,,,,,  ,,  ,,,,,,,,,,,
,,1420,,,,,,,,,,,,,,,,,,  ,,,,,,,,,,,,,,,  ,,,,,,  ,,  ,,,,,,,,,,,
,,1421,,,,,,,,,,,,,,,,,,  ,,,,,,,,,,,,,,,  ,,,,,,  ,,  ,,,,,,,,,,,
,,1422,,,,,,,,,,,,,,,,,,  ,,,,,,,,,,,,,,,  ,,,,,,  ,,  ,,,,,,,,,,,
,,1423,,,,,,,,,,,,,,,,,,  ,,,,,,,,,,,,,,,  ,,,,,,  ,,  ,,,,,,,,,,,
,,1424,,,,,,,,,,,,,,,,,,  ,,,,,,,,,,,,,,,  ,,,,,,  ,,  ,,,,,,,,,,,
,,1425,,,,,,,,,,,,,,,,,,  ,,,,,,,,,,,,,,,  ,,,,,,  ,,  ,,,,,,,,,,,
,,1426,,,,,,,,,,,,,,,,,,  ,,,,,,,,,,,,,,,  ,,,,,,  ,,  ,,,,,,,,,,,
,,1427,,,,,,,,,,,,,,,,,,  ,,,,,,,,,,,,,,,  ,,,,,,  ,,  ,,,,,,,,,,,
,,1428,,,,,,,,,,,,,,,,,,  ,,,,,,,,,,,,,,,  ,,,,,,  ,,  ,,,,,,,,,,,
,,1429,,,,,,,,,,,,,,,,,,  ,,,,,,,,,,,,,,,  ,,,,,,  ,,  ,,,,,,,,,,,
,,1430,,,,,,,,,,,,,,,,,,  ,,,,,,,,,,,,,,,  ,,,,,,  ,,  ,,,,,,,,,,,
,,1431,,,,,,,,,,,,,,,,,,  ,,,,,,,,,,,,,,,  ,,,,,,  ,,  ,,,,,,,,,,,
,,1432,,,,,,,,,,,,,,,,,,  ,,,,,,,,,,,,,,,  ,,,,,,  ,,  ,,,,,,,,,,,
,,1433,,,,,,,,,,,,,,,,,,  ,,,,,,,,,,,,,,,  ,,,,,,  ,,  ,,,,,,,,,,,
,,1434,,,,,,,,,,,,,,,,,,  ,,,,,,,,,,,,,,,  ,,,,,,  ,,  ,,,,,,,,,,,
,,1435,,,,,,,,,,,,,,,,,,  ,,,,,,,,,,,,,,,  ,,,,,,  ,,  ,,,,,,,,,,,
,,1436,,,,,,,,,,,,,,,,,,  ,,,,,,,,,,,,,,,  ,,,,,,  ,,  ,,,,,,,,,,,
,,1437,,,,,,,,,,,,,,,,,,  ,,,,,,,,,,,,,,,  ,,,,,,  ,,  ,,,,,,,,,,,
,,1438,,,,,,,,,,,,,,,,,,  ,,,,,,,,,,,,,,,  ,,,,,,  ,,  ,,,,,,,,,,,
,,1439,,,,,,,,,,,,,,,,,,  ,,,,,,,,,,,,,,,  ,,,,,,  ,,  ,,,,,,,,,,,
,,1440,,,,,,,,,,,,,,,,,,  ,,,,,,,,,,,,,,,  ,,,,,,  ,,  ,,,,,,,,,,,
,,1441,,,,,,,,,,,,,,,,,,  ,,,,,,,,,,,,,,,  ,,,,,,  ,,  ,,,,,,,,,,,
,,1442,,,,,,,,,,,,,,,,,,  ,,,,,,,,,,,,,,,  ,,,,,,  ,,  ,,,,,,,,,,,
,,1443,,,,,,,,,,,,,,,,,,  ,,,,,,,,,,,,,,,  ,,,,,,  ,,  ,,,,,,,,,,,
,,1444,,,,,,,,,,,,,,,,,,  ,,,,,,,,,,,,,,,  ,,,,,,  ,,  ,,,,,,,,,,,
,,1445,,,,,,,,,,,,,,,,,,  ,,,,,,,,,,,,,,,  ,,,,,,  ,,  ,,,,,,,,,,,
,,1446,,,,,,,,,,,,,,,,,,  ,,,,,,,,,,,,,,,  ,,,,,,  ,,  ,,,,,,,,,,,
,,1447,,,,,,,,,,,,,,,,,,  ,,,,,,,,,,,,,,,  ,,,,,,  ,,  ,,,,,,,,,,,
,,1448,,,,,,,,,,,,,,,,,,  ,,,,,,,,,,,,,,,  ,,,,,,  ,,  ,,,,,,,,,,,
,,1449,,,,,,,,,,,,,,,,,,  ,,,,,,,,,,,,,,,  ,,,,,,  ,,  ,,,,,,,,,,,
,,1450,,,,,,,,,,,,,,,,,,  ,,,,,,,,,,,,,,,  ,,,,,,  ,,  ,,,,,,,,,,,
,,1451,,,,,,,,,,,,,,,,,,  ,,,,,,,,,,,,,,,  ,,,,,,  ,,  ,,,,,,,,,,,
,,1452,,,,,,,,,,,,,,,,,,  ,,,,,,,,,,,,,,,  ,,,,,,  ,,  ,,,,,,,,,,,
,,1453,,,,,,,,,,,,,,,,,,  ,,,,,,,,,,,,,,,  ,,,,,,  ,,  ,,,,,,,,,,,
,,1454,,,,,,,,,,,,,,,,,,  ,,,,,,,,,,,,,,,  ,,,,,,  ,,  ,,,,,,,,,,,
,,1455,,,,,,,,,,,,,,,,,,  ,,,,,,,,,,,,,,,  ,,,,,,  ,,  ,,,,,,,,,,,
,,1456,,,,,,,,,,,,,,,,,,  ,,,,,,,,,,,,,,,  ,,,,,,  ,,  ,,,,,,,,,,,
,,1457,,,,,,,,,,,,,,,,,,  ,,,,,,,,,,,,,,,  ,,,,,,  ,,  ,,,,,,,,,,,
,,1458,,,,,,,,,,,,,,,,,,  ,,,,,,,,,,,,,,,  ,,,,,,  ,,  ,,,,,,,,,,,
,,1459,,,,,,,,,,,,,,,,,,  ,,,,,,,,,,,,,,,  ,,,,,,  ,,  ,,,,,,,,,,,
,,1460,,,,,,,,,,,,,,,,,,  ,,,,,,,,,,,,,,,  ,,,,,,  ,,  ,,,,,,,,,,,
,,1461,,,,,,,,,,,,,,,,,,  ,,,,,,,,,,,,,,,  ,,,,,,  ,,  ,,,,,,,,,,,
,,1462,,,,,,,,,,,,,,,,,,  ,,,,,,,,,,,,,,,  ,,,,,,  ,,  ,,,,,,,,,,,
,,1463,,,,,,,,,,,,,,,,,,  ,,,,,,,,,,,,,,,  ,,,,,,  ,,  ,,,,,,,,,,,
,,1464,,,,,,,,,,,,,,,,,,  ,,,,,,,,,,,,,,,  ,,,,,,  ,,  ,,,,,,,,,,,
,,1465,,,,,,,,,,,,,,,,,,  ,,,,,,,,,,,,,,,  ,,,,,,  ,,  ,,,,,,,,,,,
,,1466,,,,,,,,,,,,,,,,,,  ,,,,,,,,,,,,,,,  ,,,,,,  ,,  ,,,,,,,,,,,
,,1467,,,,,,,,,,,,,,,,,,  ,,,,,,,,,,,,,,,  ,,,,,,  ,,  ,,,,,,,,,,,
,,1468,,,,,,,,,,,,,,,,,,  ,,,,,,,,,,,,,,,  ,,,,,,  ,,  ,,,,,,,,,,,
,,1469,,,,,,,,,,,,,,,,,,  ,,,,,,,,,,,,,,,  ,,,,,,  ,,  ,,,,,,,,,,,
,,1470,,,,,,,,,,,,,,,,,,  ,,,,,,,,,,,,,,,  ,,,,,,  ,,  ,,,,,,,,,,,
,,1471,,,,,,,,,,,,,,,,,,  ,,,,,,,,,,,,,,,  ,,,,,,  ,,  ,,,,,,,,,,,
,,1472,,,,,,,,,,,,,,,,,,  ,,,,,,,,,,,,,,,  ,,,,,,  ,,  ,,,,,,,,,,,
,,1473,,,,,,,,,,,,,,,,,,  ,,,,,,,,,,,,,,,  ,,,,,,  ,,  ,,,,,,,,,,,
,,1474,,,,,,,,,,,,,,,,,,  ,,,,,,,,,,,,,,,  ,,,,,,  ,,  ,,,,,,,,,,,
,,1475,,,,,,,,,,,,,,,,,,  ,,,,,,,,,,,,,,,  ,,,,,,  ,,  ,,,,,,,,,,,
,,1476,,,,,,,,,,,,,,,,,,  ,,,,,,,,,,,,,,,  ,,,,,,  ,,  ,,,,,,,,,,,
,,1477,,,,,,,,,,,,,,,,,,  ,,,,,,,,,,,,,,,  ,,,,,,  ,,  ,,,,,,,,,,,
,,1478,,,,,,,,,,,,,,,,,,  ,,,,,,,,,,,,,,,  ,,,,,,  ,,  ,,,,,,,,,,,
,,1479,,,,,,,,,,,,,,,,,,  ,,,,,,,,,,,,,,,  ,,,,,,  ,,  ,,,,,,,,,,,
,,1480,,,,,,,,,,,,,,,,,,  ,,,,,,,,,,,,,,,  ,,,,,,  ,,  ,,,,,,,,,,,
,,1481,,,,,,,,,,,,,,,,,,  ,,,,,,,,,,,,,,,  ,,,,,,  ,,  ,,,,,,,,,,,
,,1482,,,,,,,,,,,,,,,,,,  ,,,,,,,,,,,,,,,  ,,,,,,  ,,  ,,,,,,,,,,,
,,1483,,,,,,,,,,,,,,,,,,  ,,,,,,,,,,,,,,,  ,,,,,,  ,,  ,,,,,,,,,,,
,,1484,,,,,,,,,,,,,,,,,,  ,,,,,,,,,,,,,,,  ,,,,,,  ,,  ,,,,,,,,,,,
,,1485,,,,,,,,,,,,,,,,,,  ,,,,,,,,,,,,,,,  ,,,,,,  ,,  ,,,,,,,,,,,
,,1486,,,,,,,,,,,,,,,,,,  ,,,,,,,,,,,,,,,  ,,,,,,  ,,  ,,,,,,,,,,,
,,1487,,,,,,,,,,,,,,,,,,  ,,,,,,,,,,,,,,,  ,,,,,,  ,,  ,,,,,,,,,,,
,,1488,,,,,,,,,,,,,,,,,,  ,,,,,,,,,,,,,,,  ,,,,,,  ,,  ,,,,,,,,,,,
,,1489,,,,,,,,,,,,,,,,,,  ,,,,,,,,,,,,,,,  ,,,,,,  ,,  ,,,,,,,,,,,
,,1490,,,,,,,,,,,,,,,,,,  ,,,,,,,,,,,,,,,  ,,,,,,  ,,  ,,,,,,,,,,,
,,1491,,,,,,,,,,,,,,,,,,  ,,,,,,,,,,,,,,,  ,,,,,,  ,,  ,,,,,,,,,,,
,,1492,,,,,,,,,,,,,,,,,,  ,,,,,,,,,,,,,,,  ,,,,,,  ,,  ,,,,,,,,,,,
,,1493,,,,,,,,,,,,,,,,,,  ,,,,,,,,,,,,,,,  ,,,,,,  ,,  ,,,,,,,,,,,
,,1494,,,,,,,,,,,,,,,,,,  ,,,,,,,,,,,,,,,  ,,,,,,  ,,  ,,,,,,,,,,,
,,1495,,,,,,,,,,,,,,,,,,  ,,,,,,,,,,,,,,,  ,,,,,,  ,,  ,,,,,,,,,,,
,,1496,,,,,,,,,,,,,,,,,,  ,,,,,,,,,,,,,,,  ,,,,,,  ,,  ,,,,,,,,,,,
,,1497,,,,,,,,,,,,,,,,,,  ,,,,,,,,,,,,,,,  ,,,,,,  ,,  ,,,,,,,,,,,
,,1498,,,,,,,,,,,,,,,,,,  ,,,,,,,,,,,,,,,  ,,,,,,  ,,  ,,,,,,,,,,,
,,1499,,,,,,,,,,,,,,,,,,  ,,,,,,,,,,,,,,,  ,,,,,,  ,,  ,,,,,,,,,,,
,,1500,,,,,,,,,,,,,,,,,,  ,,,,,,,,,,,,,,,  ,,,,,,  ,,  ,,,,,,,,,,,
,,1501,,,,,,,,,,,,,,,,,,  ,,,,,,,,,,,,,,,  ,,,,,,  ,,  ,,,,,,,,,,,
,,1502,,,,,,,,,,,,,,,,,,  ,,,,,,,,,,,,,,,  ,,,,,,  ,,  ,,,,,,,,,,,
,,1503,,,,,,,,,,,,,,,,,,  ,,,,,,,,,,,,,,,  ,,,,,,  ,,  ,,,,,,,,,,,
,,1504,,,,,,,,,,,,,,,,,,  ,,,,,,,,,,,,,,,  ,,,,,,  ,,  ,,,,,,,,,,,
,,1505,,,,,,,,,,,,,,,,,,  ,,,,,,,,,,,,,,,  ,,,,,,  ,,  ,,,,,,,,,,,
,,1506,,,,,,,,,,,,,,,,,,  ,,,,,,,,,,,,,,,  ,,,,,,  ,,  ,,,,,,,,,,,
,,1507,,,,,,,,,,,,,,,,,,  ,,,,,,,,,,,,,,,  ,,,,,,  ,,  ,,,,,,,,,,,
,,1508,,,,,,,,,,,,,,,,,,  ,,,,,,,,,,,,,,,  ,,,,,,  ,,  ,,,,,,,,,,,
,,1509,,,,,,,,,,,,,,,,,,  ,,,,,,,,,,,,,,,  ,,,,,,  ,,  ,,,,,,,,,,,
,,1510,,,,,,,,,,,,,,,,,,  ,,,,,,,,,,,,,,,  ,,,,,,  ,,  ,,,,,,,,,,,
,,1511,,,,,,,,,,,,,,,,,,  ,,,,,,,,,,,,,,,  ,,,,,,  ,,  ,,,,,,,,,,,
,,1512,,,,,,,,,,,,,,,,,,  ,,,,,,,,,,,,,,,  ,,,,,,  ,,  ,,,,,,,,,,,
,,1513,,,,,,,,,,,,,,,,,,  ,,,,,,,,,,,,,,,  ,,,,,,  ,,  ,,,,,,,,,,,
,,1514,,,,,,,,,,,,,,,,,,  ,,,,,,,,,,,,,,,  ,,,,,,  ,,  ,,,,,,,,,,,
,,1515,,,,,,,,,,,,,,,,,,  ,,,,,,,,,,,,,,,  ,,,,,,  ,,  ,,,,,,,,,,,
,,1516,,,,,,,,,,,,,,,,,,  ,,,,,,,,,,,,,,,  ,,,,,,  ,,  ,,,,,,,,,,,
,,1517,,,,,,,,,,,,,,,,,,  ,,,,,,,,,,,,,,,  ,,,,,,  ,,  ,,,,,,,,,,,
,,1518,,,,,,,,,,,,,,,,,,  ,,,,,,,,,,,,,,,  ,,,,,,  ,,  ,,,,,,,,,,,
,,1519,,,,,,,,,,,,,,,,,,  ,,,,,,,,,,,,,,,  ,,,,,,  ,,  ,,,,,,,,,,,
,,1520,,,,,,,,,,,,,,,,,,  ,,,,,,,,,,,,,,,  ,,,,,,  ,,  ,,,,,,,,,,,
,,1521,,,,,,,,,,,,,,,,,,  ,,,,,,,,,,,,,,,  ,,,,,,  ,,  ,,,,,,,,,,,
,,1522,,,,,,,,,,,,,,,,,,  ,,,,,,,,,,,,,,,  ,,,,,,  ,,  ,,,,,,,,,,,
,,1523,,,,,,,,,,,,,,,,,,  ,,,,,,,,,,,,,,,  ,,,,,,  ,,  ,,,,,,,,,,,
,,1524,,,,,,,,,,,,,,,,,,  ,,,,,,,,,,,,,,,  ,,,,,,  ,,  ,,,,,,,,,,,
,,1525,,,,,,,,,,,,,,,,,,  ,,,,,,,,,,,,,,,  ,,,,,,  ,,  ,,,,,,,,,,,
,,1526,,,,,,,,,,,,,,,,,,  ,,,,,,,,,,,,,,,  ,,,,,,  ,,  ,,,,,,,,,,,
,,1527,,,,,,,,,,,,,,,,,,  ,,,,,,,,,,,,,,,  ,,,,,,  ,,  ,,,,,,,,,,,
,,1528,,,,,,,,,,,,,,,,,,  ,,,,,,,,,,,,,,,  ,,,,,,  ,,  ,,,,,,,,,,,
,,1529,,,,,,,,,,,,,,,,,,  ,,,,,,,,,,,,,,,  ,,,,,,  ,,  ,,,,,,,,,,,
,,1530,,,,,,,,,,,,,,,,,,  ,,,,,,,,,,,,,,,  ,,,,,,  ,,  ,,,,,,,,,,,
,,1531,,,,,,,,,,,,,,,,,,  ,,,,,,,,,,,,,,,  ,,,,,,  ,,  ,,,,,,,,,,,
,,1532,,,,,,,,,,,,,,,,,,  ,,,,,,,,,,,,,,,  ,,,,,,  ,,  ,,,,,,,,,,,
,,1533,,,,,,,,,,,,,,,,,,  ,,,,,,,,,,,,,,,  ,,,,,,  ,,  ,,,,,,,,,,,
,,1534,,,,,,,,,,,,,,,,,,  ,,,,,,,,,,,,,,,  ,,,,,,  ,,  ,,,,,,,,,,,
,,1535,,,,,,,,,,,,,,,,,,  ,,,,,,,,,,,,,,,  ,,,,,,  ,,  ,,,,,,,,,,,
,,1536,,,,,,,,,,,,,,,,,,  ,,,,,,,,,,,,,,,  ,,,,,,  ,,  ,,,,,,,,,,,
,,1537,,,,,,,,,,,,,,,,,,  ,,,,,,,,,,,,,,,  ,,,,,,  ,,  ,,,,,,,,,,,
,,1538,,,,,,,,,,,,,,,,,,  ,,,,,,,,,,,,,,,  ,,,,,,  ,,  ,,,,,,,,,,,
,,1539,,,,,,,,,,,,,,,,,,  ,,,,,,,,,,,,,,,  ,,,,,,  ,,  ,,,,,,,,,,,
,,1540,,,,,,,,,,,,,,,,,,  ,,,,,,,,,,,,,,,  ,,,,,,  ,,  ,,,,,,,,,,,
,,1541,,,,,,,,,,,,,,,,,,  ,,,,,,,,,,,,,,,  ,,,,,,  ,,  ,,,,,,,,,,,
,,1542,,,,,,,,,,,,,,,,,,  ,,,,,,,,,,,,,,,  ,,,,,,  ,,  ,,,,,,,,,,,
,,1543,,,,,,,,,,,,,,,,,,  ,,,,,,,,,,,,,,,  ,,,,,,  ,,  ,,,,,,,,,,,
,,1544,,,,,,,,,,,,,,,,,,  ,,,,,,,,,,,,,,,  ,,,,,,  ,,  ,,,,,,,,,,,
,,1545,,,,,,,,,,,,,,,,,,  ,,,,,,,,,,,,,,,  ,,,,,,  ,,  ,,,,,,,,,,,
,,1546,,,,,,,,,,,,,,,,,,  ,,,,,,,,,,,,,,,  ,,,,,,  ,,  ,,,,,,,,,,,
,,1547,,,,,,,,,,,,,,,,,,  ,,,,,,,,,,,,,,,  ,,,,,,  ,,  ,,,,,,,,,,,
,,1548,,,,,,,,,,,,,,,,,,  ,,,,,,,,,,,,,,,  ,,,,,,  ,,  ,,,,,,,,,,,
,,1549,,,,,,,,,,,,,,,,,,  ,,,,,,,,,,,,,,,  ,,,,,,  ,,  ,,,,,,,,,,,
,,1550,,,,,,,,,,,,,,,,,,  ,,,,,,,,,,,,,,,  ,,,,,,  ,,  ,,,,,,,,,,,
,,1551,,,,,,,,,,,,,,,,,,  ,,,,,,,,,,,,,,,  ,,,,,,  ,,  ,,,,,,,,,,,
,,1552,,,,,,,,,,,,,,,,,,  ,,,,,,,,,,,,,,,  ,,,,,,  ,,  ,,,,,,,,,,,
,,1553,,,,,,,,,,,,,,,,,,  ,,,,,,,,,,,,,,,  ,,,,,,  ,,  ,,,,,,,,,,,
,,1554,,,,,,,,,,,,,,,,,,  ,,,,,,,,,,,,,,,  ,,,,,,  ,,  ,,,,,,,,,,,
,,1555,,,,,,,,,,,,,,,,,,  ,,,,,,,,,,,,,,,  ,,,,,,  ,,  ,,,,,,,,,,,
,,1556,,,,,,,,,,,,,,,,,,  ,,,,,,,,,,,,,,,  ,,,,,,  ,,  ,,,,,,,,,,,
,,1557,,,,,,,,,,,,,,,,,,  ,,,,,,,,,,,,,,,  ,,,,,,  ,,  ,,,,,,,,,,,
,,1558,,,,,,,,,,,,,,,,,,  ,,,,,,,,,,,,,,,  ,,,,,,  ,,  ,,,,,,,,,,,
,,1559,,,,,,,,,,,,,,,,,,  ,,,,,,,,,,,,,,,  ,,,,,,  ,,  ,,,,,,,,,,,
,,1560,,,,,,,,,,,,,,,,,,  ,,,,,,,,,,,,,,,  ,,,,,,  ,,  ,,,,,,,,,,,
,,1561,,,,,,,,,,,,,,,,,,  ,,,,,,,,,,,,,,,  ,,,,,,  ,,  ,,,,,,,,,,,
,,1562,,,,,,,,,,,,,,,,,,  ,,,,,,,,,,,,,,,  ,,,,,,  ,,  ,,,,,,,,,,,
,,1563,,,,,,,,,,,,,,,,,,  ,,,,,,,,,,,,,,,  ,,,,,,  ,,  ,,,,,,,,,,,
,,1564,,,,,,,,,,,,,,,,,,  ,,,,,,,,,,,,,,,  ,,,,,,  ,,  ,,,,,,,,,,,
,,1565,,,,,,,,,,,,,,,,,,  ,,,,,,,,,,,,,,,  ,,,,,,  ,,  ,,,,,,,,,,,
,,1566,,,,,,,,,,,,,,,,,,  ,,,,,,,,,,,,,,,  ,,,,,,  ,,  ,,,,,,,,,,,
,,1567,,,,,,,,,,,,,,,,,,  ,,,,,,,,,,,,,,,  ,,,,,,  ,,  ,,,,,,,,,,,
,,1568,,,,,,,,,,,,,,,,,,  ,,,,,,,,,,,,,,,  ,,,,,,  ,,  ,,,,,,,,,,,
,,1569,,,,,,,,,,,,,,,,,,  ,,,,,,,,,,,,,,,  ,,,,,,  ,,  ,,,,,,,,,,,
,,1570,,,,,,,,,,,,,,,,,,  ,,,,,,,,,,,,,,,  ,,,,,,  ,,  ,,,,,,,,,,,
,,1571,,,,,,,,,,,,,,,,,,  ,,,,,,,,,,,,,,,  ,,,,,,  ,,  ,,,,,,,,,,,
,,1572,,,,,,,,,,,,,,,,,,  ,,,,,,,,,,,,,,,  ,,,,,,  ,,  ,,,,,,,,,,,
,,1573,,,,,,,,,,,,,,,,,,  ,,,,,,,,,,,,,,,  ,,,,,,  ,,  ,,,,,,,,,,,
,,1574,,,,,,,,,,,,,,,,,,  ,,,,,,,,,,,,,,,  ,,,,,,  ,,  ,,,,,,,,,,,
,,1575,,,,,,,,,,,,,,,,,,  ,,,,,,,,,,,,,,,  ,,,,,,  ,,  ,,,,,,,,,,,
,,1576,,,,,,,,,,,,,,,,,,  ,,,,,,,,,,,,,,,  ,,,,,,  ,,  ,,,,,,,,,,,
,,1577,,,,,,,,,,,,,,,,,,  ,,,,,,,,,,,,,,,  ,,,,,,  ,,  ,,,,,,,,,,,
,,1578,,,,,,,,,,,,,,,,,,  ,,,,,,,,,,,,,,,  ,,,,,,  ,,  ,,,,,,,,,,,
,,1579,,,,,,,,,,,,,,,,,,  ,,,,,,,,,,,,,,,  ,,,,,,  ,,  ,,,,,,,,,,,
,,1580,,,,,,,,,,,,,,,,,,  ,,,,,,,,,,,,,,,  ,,,,,,  ,,  ,,,,,,,,,,,
,,1581,,,,,,,,,,,,,,,,,,  ,,,,,,,,,,,,,,,  ,,,,,,  ,,  ,,,,,,,,,,,
,,1582,,,,,,,,,,,,,,,,,,  ,,,,,,,,,,,,,,,  ,,,,,,  ,,  ,,,,,,,,,,,
,,1583,,,,,,,,,,,,,,,,,,  ,,,,,,,,,,,,,,,  ,,,,,,  ,,  ,,,,,,,,,,,
,,1584,,,,,,,,,,,,,,,,,,  ,,,,,,,,,,,,,,,  ,,,,,,  ,,  ,,,,,,,,,,,
,,1585,,,,,,,,,,,,,,,,,,  ,,,,,,,,,,,,,,,  ,,,,,,  ,,  ,,,,,,,,,,,
,,1586,,,,,,,,,,,,,,,,,,  ,,,,,,,,,,,,,,,  ,,,,,,  ,,  ,,,,,,,,,,,
,,1587,,,,,,,,,,,,,,,,,,  ,,,,,,,,,,,,,,,  ,,,,,,  ,,  ,,,,,,,,,,,
,,1588,,,,,,,,,,,,,,,,,,  ,,,,,,,,,,,,,,,  ,,,,,,  ,,  ,,,,,,,,,,,
,,1589,,,,,,,,,,,,,,,,,,  ,,,,,,,,,,,,,,,  ,,,,,,  ,,  ,,,,,,,,,,,
,,1590,,,,,,,,,,,,,,,,,,  ,,,,,,,,,,,,,,,  ,,,,,,  ,,  ,,,,,,,,,,,
,,1591,,,,,,,,,,,,,,,,,,  ,,,,,,,,,,,,,,,  ,,,,,,  ,,  ,,,,,,,,,,,
,,1592,,,,,,,,,,,,,,,,,,  ,,,,,,,,,,,,,,,  ,,,,,,  ,,  ,,,,,,,,,,,
,,1593,,,,,,,,,,,,,,,,,,  ,,,,,,,,,,,,,,,  ,,,,,,  ,,  ,,,,,,,,,,,
,,1594,,,,,,,,,,,,,,,,,,  ,,,,,,,,,,,,,,,  ,,,,,,  ,,  ,,,,,,,,,,,
,,1595,,,,,,,,,,,,,,,,,,  ,,,,,,,,,,,,,,,  ,,,,,,  ,,  ,,,,,,,,,,,
,,1596,,,,,,,,,,,,,,,,,,  ,,,,,,,,,,,,,,,  ,,,,,,  ,,  ,,,,,,,,,,,
,,1597,,,,,,,,,,,,,,,,,,  ,,,,,,,,,,,,,,,  ,,,,,,  ,,  ,,,,,,,,,,,
,,1598,,,,,,,,,,,,,,,,,,  ,,,,,,,,,,,,,,,  ,,,,,,  ,,  ,,,,,,,,,,,
,,1599,,,,,,,,,,,,,,,,,,  ,,,,,,,,,,,,,,,  ,,,,,,  ,,  ,,,,,,,,,,,
,,1600,,,,,,,,,,,,,,,,,,  ,,,,,,,,,,,,,,,  ,,,,,,  ,,  ,,,,,,,,,,,
,,1601,,,,,,,,,,,,,,,,,,  ,,,,,,,,,,,,,,,  ,,,,,,  ,,  ,,,,,,,,,,,
,,1602,,,,,,,,,,,,,,,,,,  ,,,,,,,,,,,,,,,  ,,,,,,  ,,  ,,,,,,,,,,,
,,1603,,,,,,,,,,,,,,,,,,  ,,,,,,,,,,,,,,,  ,,,,,,  ,,  ,,,,,,,,,,,
,,1604,,,,,,,,,,,,,,,,,,  ,,,,,,,,,,,,,,,  ,,,,,,  ,,  ,,,,,,,,,,,
,,1605,,,,,,,,,,,,,,,,,,  ,,,,,,,,,,,,,,,  ,,,,,,  ,,  ,,,,,,,,,,,
,,1606,,,,,,,,,,,,,,,,,,  ,,,,,,,,,,,,,,,  ,,,,,,  ,,  ,,,,,,,,,,,
,,1607,,,,,,,,,,,,,,,,,,  ,,,,,,,,,,,,,,,  ,,,,,,  ,,  ,,,,,,,,,,,
,,1608,,,,,,,,,,,,,,,,,,  ,,,,,,,,,,,,,,,  ,,,,,,  ,,  ,,,,,,,,,,,
,,1609,,,,,,,,,,,,,,,,,,  ,,,,,,,,,,,,,,,  ,,,,,,  ,,  ,,,,,,,,,,,
,,1610,,,,,,,,,,,,,,,,,,  ,,,,,,,,,,,,,,,  ,,,,,,  ,,  ,,,,,,,,,,,
,,1611,,,,,,,,,,,,,,,,,,  ,,,,,,,,,,,,,,,  ,,,,,,  ,,  ,,,,,,,,,,,
,,1612,,,,,,,,,,,,,,,,,,  ,,,,,,,,,,,,,,,  ,,,,,,  ,,  ,,,,,,,,,,,
,,1613,,,,,,,,,,,,,,,,,,  ,,,,,,,,,,,,,,,  ,,,,,,  ,,  ,,,,,,,,,,,
,,1614,,,,,,,,,,,,,,,,,,  ,,,,,,,,,,,,,,,  ,,,,,,  ,,  ,,,,,,,,,,,
,,1615,,,,,,,,,,,,,,,,,,  ,,,,,,,,,,,,,,,  ,,,,,,  ,,  ,,,,,,,,,,,
,,1616,,,,,,,,,,,,,,,,,,  ,,,,,,,,,,,,,,,  ,,,,,,  ,,  ,,,,,,,,,,,
,,1617,,,,,,,,,,,,,,,,,,  ,,,,,,,,,,,,,,,  ,,,,,,  ,,  ,,,,,,,,,,,
,,1618,,,,,,,,,,,,,,,,,,  ,,,,,,,,,,,,,,,  ,,,,,,  ,,  ,,,,,,,,,,,
,,1619,,,,,,,,,,,,,,,,,,  ,,,,,,,,,,,,,,,  ,,,,,,  ,,  ,,,,,,,,,,,
,,1620,,,,,,,,,,,,,,,,,,  ,,,,,,,,,,,,,,,  ,,,,,,  ,,  ,,,,,,,,,,,
,,1621,,,,,,,,,,,,,,,,,,  ,,,,,,,,,,,,,,,  ,,,,,,  ,,  ,,,,,,,,,,,
,,1622,,,,,,,,,,,,,,,,,,  ,,,,,,,,,,,,,,,  ,,,,,,  ,,  ,,,,,,,,,,,
,,1623,,,,,,,,,,,,,,,,,,  ,,,,,,,,,,,,,,,  ,,,,,,  ,,  ,,,,,,,,,,,
,,1624,,,,,,,,,,,,,,,,,,  ,,,,,,,,,,,,,,,  ,,,,,,  ,,  ,,,,,,,,,,,
,,1625,,,,,,,,,,,,,,,,,,  ,,,,,,,,,,,,,,,  ,,,,,,  ,,  ,,,,,,,,,,,
,,1626,,,,,,,,,,,,,,,,,,  ,,,,,,,,,,,,,,,  ,,,,,,  ,,  ,,,,,,,,,,,
,,1627,,,,,,,,,,,,,,,,,,  ,,,,,,,,,,,,,,,  ,,,,,,  ,,  ,,,,,,,,,,,
,,1628,,,,,,,,,,,,,,,,,,  ,,,,,,,,,,,,,,,  ,,,,,,  ,,  ,,,,,,,,,,,
,,1629,,,,,,,,,,,,,,,,,,  ,,,,,,,,,,,,,,,  ,,,,,,  ,,  ,,,,,,,,,,,
,,1630,,,,,,,,,,,,,,,,,,  ,,,,,,,,,,,,,,,  ,,,,,,  ,,  ,,,,,,,,,,,
,,1631,,,,,,,,,,,,,,,,,,  ,,,,,,,,,,,,,,,  ,,,,,,  ,,  ,,,,,,,,,,,
,,1632,,,,,,,,,,,,,,,,,,  ,,,,,,,,,,,,,,,  ,,,,,,  ,,  ,,,,,,,,,,,
,,1633,,,,,,,,,,,,,,,,,,  ,,,,,,,,,,,,,,,  ,,,,,,  ,,  ,,,,,,,,,,,
,,1634,,,,,,,,,,,,,,,,,,  ,,,,,,,,,,,,,,,  ,,,,,,  ,,  ,,,,,,,,,,,
,,1635,,,,,,,,,,,,,,,,,,  ,,,,,,,,,,,,,,,  ,,,,,,  ,,  ,,,,,,,,,,,
,,1636,,,,,,,,,,,,,,,,,,  ,,,,,,,,,,,,,,,  ,,,,,,  ,,  ,,,,,,,,,,,
,,1637,,,,,,,,,,,,,,,,,,  ,,,,,,,,,,,,,,,  ,,,,,,  ,,  ,,,,,,,,,,,
,,1638,,,,,,,,,,,,,,,,,,  ,,,,,,,,,,,,,,,  ,,,,,,  ,,  ,,,,,,,,,,,
,,1639,,,,,,,,,,,,,,,,,,  ,,,,,,,,,,,,,,,  ,,,,,,  ,,  ,,,,,,,,,,,
,,1640,,,,,,,,,,,,,,,,,,  ,,,,,,,,,,,,,,,  ,,,,,,  ,,  ,,,,,,,,,,,
,,1641,,,,,,,,,,,,,,,,,,  ,,,,,,,,,,,,,,,  ,,,,,,  ,,  ,,,,,,,,,,,
,,1642,,,,,,,,,,,,,,,,,,  ,,,,,,,,,,,,,,,  ,,,,,,  ,,  ,,,,,,,,,,,
,,1643,,,,,,,,,,,,,,,,,,  ,,,,,,,,,,,,,,,  ,,,,,,  ,,  ,,,,,,,,,,,
,,1644,,,,,,,,,,,,,,,,,,  ,,,,,,,,,,,,,,,  ,,,,,,  ,,  ,,,,,,,,,,,
,,1645,,,,,,,,,,,,,,,,,,  ,,,,,,,,,,,,,,,  ,,,,,,  ,,  ,,,,,,,,,,,
,,1646,,,,,,,,,,,,,,,,,,  ,,,,,,,,,,,,,,,  ,,,,,,  ,,  ,,,,,,,,,,,
,,1647,,,,,,,,,,,,,,,,,,  ,,,,,,,,,,,,,,,  ,,,,,,  ,,  ,,,,,,,,,,,
,,1648,,,,,,,,,,,,,,,,,,  ,,,,,,,,,,,,,,,  ,,,,,,  ,,  ,,,,,,,,,,,
,,1649,,,,,,,,,,,,,,,,,,  ,,,,,,,,,,,,,,,  ,,,,,,  ,,  ,,,,,,,,,,,
,,1650,,,,,,,,,,,,,,,,,,  ,,,,,,,,,,,,,,,  ,,,,,,  ,,  ,,,,,,,,,,,
,,1651,,,,,,,,,,,,,,,,,,  ,,,,,,,,,,,,,,,  ,,,,,,  ,,  ,,,,,,,,,,,
,,1652,,,,,,,,,,,,,,,,,,  ,,,,,,,,,,,,,,,  ,,,,,,  ,,  ,,,,,,,,,,,
,,1653,,,,,,,,,,,,,,,,,,  ,,,,,,,,,,,,,,,  ,,,,,,  ,,  ,,,,,,,,,,,
,,1654,,,,,,,,,,,,,,,,,,  ,,,,,,,,,,,,,,,  ,,,,,,  ,,  ,,,,,,,,,,,
,,1655,,,,,,,,,,,,,,,,,,  ,,,,,,,,,,,,,,,  ,,,,,,  ,,  ,,,,,,,,,,,
,,1656,,,,,,,,,,,,,,,,,,  ,,,,,,,,,,,,,,,  ,,,,,,  ,,  ,,,,,,,,,,,
,,1657,,,,,,,,,,,,,,,,,,  ,,,,,,,,,,,,,,,  ,,,,,,  ,,  ,,,,,,,,,,,
,,1658,,,,,,,,,,,,,,,,,,  ,,,,,,,,,,,,,,,  ,,,,,,  ,,  ,,,,,,,,,,,
,,1659,,,,,,,,,,,,,,,,,,  ,,,,,,,,,,,,,,,  ,,,,,,  ,,  ,,,,,,,,,,,
,,1660,,,,,,,,,,,,,,,,,,  ,,,,,,,,,,,,,,,  ,,,,,,  ,,  ,,,,,,,,,,,
,,1661,,,,,,,,,,,,,,,,,,  ,,,,,,,,,,,,,,,  ,,,,,,  ,,  ,,,,,,,,,,,
,,1662,,,,,,,,,,,,,,,,,,  ,,,,,,,,,,,,,,,  ,,,,,,  ,,  ,,,,,,,,,,,
,,1663,,,,,,,,,,,,,,,,,,  ,,,,,,,,,,,,,,,  ,,,,,,  ,,  ,,,,,,,,,,,
,,1664,,,,,,,,,,,,,,,,,,  ,,,,,,,,,,,,,,,  ,,,,,,  ,,  ,,,,,,,,,,,
,,1665,,,,,,,,,,,,,,,,,,  ,,,,,,,,,,,,,,,  ,,,,,,  ,,  ,,,,,,,,,,,
,,1666,,,,,,,,,,,,,,,,,,  ,,,,,,,,,,,,,,,  ,,,,,,  ,,  ,,,,,,,,,,,
,,1667,,,,,,,,,,,,,,,,,,  ,,,,,,,,,,,,,,,  ,,,,,,  ,,  ,,,,,,,,,,,
,,1668,,,,,,,,,,,,,,,,,,  ,,,,,,,,,,,,,,,  ,,,,,,  ,,  ,,,,,,,,,,,
,,1669,,,,,,,,,,,,,,,,,,  ,,,,,,,,,,,,,,,  ,,,,,,  ,,  ,,,,,,,,,,,
,,1670,,,,,,,,,,,,,,,,,,  ,,,,,,,,,,,,,,,  ,,,,,,  ,,  ,,,,,,,,,,,
,,1671,,,,,,,,,,,,,,,,,,  ,,,,,,,,,,,,,,,  ,,,,,,  ,,  ,,,,,,,,,,,
,,1672,,,,,,,,,,,,,,,,,,  ,,,,,,,,,,,,,,,  ,,,,,,  ,,  ,,,,,,,,,,,
,,1673,,,,,,,,,,,,,,,,,,  ,,,,,,,,,,,,,,,  ,,,,,,  ,,  ,,,,,,,,,,,
,,1674,,,,,,,,,,,,,,,,,,  ,,,,,,,,,,,,,,,  ,,,,,,  ,,  ,,,,,,,,,,,
,,1675,,,,,,,,,,,,,,,,,,  ,,,,,,,,,,,,,,,  ,,,,,,  ,,  ,,,,,,,,,,,
,,1676,,,,,,,,,,,,,,,,,,  ,,,,,,,,,,,,,,,  ,,,,,,  ,,  ,,,,,,,,,,,
,,1677,,,,,,,,,,,,,,,,,,  ,,,,,,,,,,,,,,,  ,,,,,,  ,,  ,,,,,,,,,,,
,,1678,,,,,,,,,,,,,,,,,,  ,,,,,,,,,,,,,,,  ,,,,,,  ,,  ,,,,,,,,,,,
,,1679,,,,,,,,,,,,,,,,,,  ,,,,,,,,,,,,,,,  ,,,,,,  ,,  ,,,,,,,,,,,
,,1680,,,,,,,,,,,,,,,,,,  ,,,,,,,,,,,,,,,  ,,,,,,  ,,  ,,,,,,,,,,,
,,1681,,,,,,,,,,,,,,,,,,  ,,,,,,,,,,,,,,,  ,,,,,,  ,,  ,,,,,,,,,,,
,,1682,,,,,,,,,,,,,,,,,,  ,,,,,,,,,,,,,,,  ,,,,,,  ,,  ,,,,,,,,,,,
,,1683,,,,,,,,,,,,,,,,,,  ,,,,,,,,,,,,,,,  ,,,,,,  ,,  ,,,,,,,,,,,
,,1684,,,,,,,,,,,,,,,,,,  ,,,,,,,,,,,,,,,  ,,,,,,  ,,  ,,,,,,,,,,,
,,1685,,,,,,,,,,,,,,,,,,  ,,,,,,,,,,,,,,,  ,,,,,,  ,,  ,,,,,,,,,,,
,,1686,,,,,,,,,,,,,,,,,,  ,,,,,,,,,,,,,,,  ,,,,,,  ,,  ,,,,,,,,,,,
,,1687,,,,,,,,,,,,,,,,,,  ,,,,,,,,,,,,,,,  ,,,,,,  ,,  ,,,,,,,,,,,
,,1688,,,,,,,,,,,,,,,,,,  ,,,,,,,,,,,,,,,  ,,,,,,  ,,  ,,,,,,,,,,,
,,1689,,,,,,,,,,,,,,,,,,  ,,,,,,,,,,,,,,,  ,,,,,,  ,,  ,,,,,,,,,,,
,,1690,,,,,,,,,,,,,,,,,,  ,,,,,,,,,,,,,,,  ,,,,,,  ,,  ,,,,,,,,,,,
,,1691,,,,,,,,,,,,,,,,,,  ,,,,,,,,,,,,,,,  ,,,,,,  ,,  ,,,,,,,,,,,
,,1692,,,,,,,,,,,,,,,,,,  ,,,,,,,,,,,,,,,  ,,,,,,  ,,  ,,,,,,,,,,,
,,1693,,,,,,,,,,,,,,,,,,  ,,,,,,,,,,,,,,,  ,,,,,,  ,,  ,,,,,,,,,,,
,,1694,,,,,,,,,,,,,,,,,,  ,,,,,,,,,,,,,,,  ,,,,,,  ,,  ,,,,,,,,,,,
,,1695,,,,,,,,,,,,,,,,,,  ,,,,,,,,,,,,,,,  ,,,,,,  ,,  ,,,,,,,,,,,
,,1696,,,,,,,,,,,,,,,,,,  ,,,,,,,,,,,,,,,  ,,,,,,  ,,  ,,,,,,,,,,,
,,1697,,,,,,,,,,,,,,,,,,  ,,,,,,,,,,,,,,,  ,,,,,,  ,,  ,,,,,,,,,,,
,,1698,,,,,,,,,,,,,,,,,,  ,,,,,,,,,,,,,,,  ,,,,,,  ,,  ,,,,,,,,,,,
,,1699,,,,,,,,,,,,,,,,,,  ,,,,,,,,,,,,,,,  ,,,,,,  ,,  ,,,,,,,,,,,
,,1700,,,,,,,,,,,,,,,,,,  ,,,,,,,,,,,,,,,  ,,,,,,  ,,  ,,,,,,,,,,,
,,1701,,,,,,,,,,,,,,,,,,  ,,,,,,,,,,,,,,,  ,,,,,,  ,,  ,,,,,,,,,,,
,,1702,,,,,,,,,,,,,,,,,,  ,,,,,,,,,,,,,,,  ,,,,,,  ,,  ,,,,,,,,,,,
,,1703,,,,,,,,,,,,,,,,,,  ,,,,,,,,,,,,,,,  ,,,,,,  ,,  ,,,,,,,,,,,
,,1704,,,,,,,,,,,,,,,,,,  ,,,,,,,,,,,,,,,  ,,,,,,  ,,  ,,,,,,,,,,,
,,1705,,,,,,,,,,,,,,,,,,  ,,,,,,,,,,,,,,,  ,,,,,,  ,,  ,,,,,,,,,,,
,,1706,,,,,,,,,,,,,,,,,,  ,,,,,,,,,,,,,,,  ,,,,,,  ,,  ,,,,,,,,,,,
,,1707,,,,,,,,,,,,,,,,,,  ,,,,,,,,,,,,,,,  ,,,,,,  ,,  ,,,,,,,,,,,
,,1708,,,,,,,,,,,,,,,,,,  ,,,,,,,,,,,,,,,  ,,,,,,  ,,  ,,,,,,,,,,,
,,1709,,,,,,,,,,,,,,,,,,  ,,,,,,,,,,,,,,,  ,,,,,,  ,,  ,,,,,,,,,,,
,,1710,,,,,,,,,,,,,,,,,,  ,,,,,,,,,,,,,,,  ,,,,,,  ,,  ,,,,,,,,,,,
,,1711,,,,,,,,,,,,,,,,,,  ,,,,,,,,,,,,,,,  ,,,,,,  ,,  ,,,,,,,,,,,
,,1712,,,,,,,,,,,,,,,,,,  ,,,,,,,,,,,,,,,  ,,,,,,  ,,  ,,,,,,,,,,,
,,1713,,,,,,,,,,,,,,,,,,  ,,,,,,,,,,,,,,,  ,,,,,,  ,,  ,,,,,,,,,,,
,,1714,,,,,,,,,,,,,,,,,,  ,,,,,,,,,,,,,,,  ,,,,,,  ,,  ,,,,,,,,,,,
,,1715,,,,,,,,,,,,,,,,,,  ,,,,,,,,,,,,,,,  ,,,,,,  ,,  ,,,,,,,,,,,
,,1716,,,,,,,,,,,,,,,,,,  ,,,,,,,,,,,,,,,  ,,,,,,  ,,  ,,,,,,,,,,,
,,1717,,,,,,,,,,,,,,,,,,  ,,,,,,,,,,,,,,,  ,,,,,,  ,,  ,,,,,,,,,,,
,,1718,,,,,,,,,,,,,,,,,,  ,,,,,,,,,,,,,,,  ,,,,,,  ,,  ,,,,,,,,,,,
,,1719,,,,,,,,,,,,,,,,,,  ,,,,,,,,,,,,,,,  ,,,,,,  ,,  ,,,,,,,,,,,
,,1720,,,,,,,,,,,,,,,,,,  ,,,,,,,,,,,,,,,  ,,,,,,  ,,  ,,,,,,,,,,,
,,1721,,,,,,,,,,,,,,,,,,  ,,,,,,,,,,,,,,,  ,,,,,,  ,,  ,,,,,,,,,,,
,,1722,,,,,,,,,,,,,,,,,,  ,,,,,,,,,,,,,,,  ,,,,,,  ,,  ,,,,,,,,,,,
,,1723,,,,,,,,,,,,,,,,,,  ,,,,,,,,,,,,,,,  ,,,,,,  ,,  ,,,,,,,,,,,
,,1724,,,,,,,,,,,,,,,,,,  ,,,,,,,,,,,,,,,  ,,,,,,  ,,  ,,,,,,,,,,,
,,1725,,,,,,,,,,,,,,,,,,  ,,,,,,,,,,,,,,,  ,,,,,,  ,,  ,,,,,,,,,,,
,,1726,,,,,,,,,,,,,,,,,,  ,,,,,,,,,,,,,,,  ,,,,,,  ,,  ,,,,,,,,,,,
,,1727,,,,,,,,,,,,,,,,,,  ,,,,,,,,,,,,,,,  ,,,,,,  ,,  ,,,,,,,,,,,
,,1728,,,,,,,,,,,,,,,,,,  ,,,,,,,,,,,,,,,  ,,,,,,  ,,  ,,,,,,,,,,,
,,1729,,,,,,,,,,,,,,,,,,  ,,,,,,,,,,,,,,,  ,,,,,,  ,,  ,,,,,,,,,,,
,,1730,,,,,,,,,,,,,,,,,,  ,,,,,,,,,,,,,,,  ,,,,,,  ,,  ,,,,,,,,,,,
,,1731,,,,,,,,,,,,,,,,,,  ,,,,,,,,,,,,,,,  ,,,,,,  ,,  ,,,,,,,,,,,
,,1732,,,,,,,,,,,,,,,,,,  ,,,,,,,,,,,,,,,  ,,,,,,  ,,  ,,,,,,,,,,,
,,1733,,,,,,,,,,,,,,,,,,  ,,,,,,,,,,,,,,,  ,,,,,,  ,,  ,,,,,,,,,,,
,,1734,,,,,,,,,,,,,,,,,,  ,,,,,,,,,,,,,,,  ,,,,,,  ,,  ,,,,,,,,,,,
,,1735,,,,,,,,,,,,,,,,,,  ,,,,,,,,,,,,,,,  ,,,,,,  ,,  ,,,,,,,,,,,
,,1736,,,,,,,,,,,,,,,,,,  ,,,,,,,,,,,,,,,  ,,,,,,  ,,  ,,,,,,,,,,,
,,1737,,,,,,,,,,,,,,,,,,  ,,,,,,,,,,,,,,,  ,,,,,,  ,,  ,,,,,,,,,,,
,,1738,,,,,,,,,,,,,,,,,,  ,,,,,,,,,,,,,,,  ,,,,,,  ,,  ,,,,,,,,,,,
,,1739,,,,,,,,,,,,,,,,,,  ,,,,,,,,,,,,,,,  ,,,,,,  ,,  ,,,,,,,,,,,
,,1740,,,,,,,,,,,,,,,,,,  ,,,,,,,,,,,,,,,  ,,,,,,  ,,  ,,,,,,,,,,,
,,1741,,,,,,,,,,,,,,,,,,  ,,,,,,,,,,,,,,,  ,,,,,,  ,,  ,,,,,,,,,,,
,,1742,,,,,,,,,,,,,,,,,,  ,,,,,,,,,,,,,,,  ,,,,,,  ,,  ,,,,,,,,,,,
,,1743,,,,,,,,,,,,,,,,,,  ,,,,,,,,,,,,,,,  ,,,,,,  ,,  ,,,,,,,,,,,
,,1744,,,,,,,,,,,,,,,,,,  ,,,,,,,,,,,,,,,  ,,,,,,  ,,  ,,,,,,,,,,,
,,1745,,,,,,,,,,,,,,,,,,  ,,,,,,,,,,,,,,,  ,,,,,,  ,,  ,,,,,,,,,,,
,,1746,,,,,,,,,,,,,,,,,,  ,,,,,,,,,,,,,,,  ,,,,,,  ,,  ,,,,,,,,,,,
,,1747,,,,,,,,,,,,,,,,,,  ,,,,,,,,,,,,,,,  ,,,,,,  ,,  ,,,,,,,,,,,
,,1748,,,,,,,,,,,,,,,,,,  ,,,,,,,,,,,,,,,  ,,,,,,  ,,  ,,,,,,,,,,,
,,1749,,,,,,,,,,,,,,,,,,  ,,,,,,,,,,,,,,,  ,,,,,,  ,,  ,,,,,,,,,,,
,,1750,,,,,,,,,,,,,,,,,,  ,,,,,,,,,,,,,,,  ,,,,,,  ,,  ,,,,,,,,,,,
,,1751,,,,,,,,,,,,,,,,,,  ,,,,,,,,,,,,,,,  ,,,,,,  ,,  ,,,,,,,,,,,
,,1752,,,,,,,,,,,,,,,,,,  ,,,,,,,,,,,,,,,  ,,,,,,  ,,  ,,,,,,,,,,,
,,1753,,,,,,,,,,,,,,,,,,  ,,,,,,,,,,,,,,,  ,,,,,,  ,,  ,,,,,,,,,,,
,,1754,,,,,,,,,,,,,,,,,,  ,,,,,,,,,,,,,,,  ,,,,,,  ,,  ,,,,,,,,,,,
,,1755,,,,,,,,,,,,,,,,,,  ,,,,,,,,,,,,,,,  ,,,,,,  ,,  ,,,,,,,,,,,
,,1756,,,,,,,,,,,,,,,,,,  ,,,,,,,,,,,,,,,  ,,,,,,  ,,  ,,,,,,,,,,,
,,1757,,,,,,,,,,,,,,,,,,  ,,,,,,,,,,,,,,,  ,,,,,,  ,,  ,,,,,,,,,,,
,,1758,,,,,,,,,,,,,,,,,,  ,,,,,,,,,,,,,,,  ,,,,,,  ,,  ,,,,,,,,,,,
,,1759,,,,,,,,,,,,,,,,,,  ,,,,,,,,,,,,,,,  ,,,,,,  ,,  ,,,,,,,,,,,
,,1760,,,,,,,,,,,,,,,,,,  ,,,,,,,,,,,,,,,  ,,,,,,  ,,  ,,,,,,,,,,,
,,1761,,,,,,,,,,,,,,,,,,  ,,,,,,,,,,,,,,,  ,,,,,,  ,,  ,,,,,,,,,,,
,,1762,,,,,,,,,,,,,,,,,,  ,,,,,,,,,,,,,,,  ,,,,,,  ,,  ,,,,,,,,,,,
,,1763,,,,,,,,,,,,,,,,,,  ,,,,,,,,,,,,,,,  ,,,,,,  ,,  ,,,,,,,,,,,
,,1764,,,,,,,,,,,,,,,,,,  ,,,,,,,,,,,,,,,  ,,,,,,  ,,  ,,,,,,,,,,,
,,1765,,,,,,,,,,,,,,,,,,  ,,,,,,,,,,,,,,,  ,,,,,,  ,,  ,,,,,,,,,,,
,,1766,,,,,,,,,,,,,,,,,,  ,,,,,,,,,,,,,,,  ,,,,,,  ,,  ,,,,,,,,,,,
,,1767,,,,,,,,,,,,,,,,,,  ,,,,,,,,,,,,,,,  ,,,,,,  ,,  ,,,,,,,,,,,
,,1768,,,,,,,,,,,,,,,,,,  ,,,,,,,,,,,,,,,  ,,,,,,  ,,  ,,,,,,,,,,,
,,1769,,,,,,,,,,,,,,,,,,  ,,,,,,,,,,,,,,,  ,,,,,,  ,,  ,,,,,,,,,,,
,,1770,,,,,,,,,,,,,,,,,,  ,,,,,,,,,,,,,,,  ,,,,,,  ,,  ,,,,,,,,,,,
,,1771,,,,,,,,,,,,,,,,,,  ,,,,,,,,,,,,,,,  ,,,,,,  ,,  ,,,,,,,,,,,
,,1772,,,,,,,,,,,,,,,,,,  ,,,,,,,,,,,,,,,  ,,,,,,  ,,  ,,,,,,,,,,,
,,1773,,,,,,,,,,,,,,,,,,  ,,,,,,,,,,,,,,,  ,,,,,,  ,,  ,,,,,,,,,,,
,,1774,,,,,,,,,,,,,,,,,,  ,,,,,,,,,,,,,,,  ,,,,,,  ,,  ,,,,,,,,,,,
,,1775,,,,,,,,,,,,,,,,,,  ,,,,,,,,,,,,,,,  ,,,,,,  ,,  ,,,,,,,,,,,
,,1776,,,,,,,,,,,,,,,,,,  ,,,,,,,,,,,,,,,  ,,,,,,  ,,  ,,,,,,,,,,,
,,1777,,,,,,,,,,,,,,,,,,  ,,,,,,,,,,,,,,,  ,,,,,,  ,,  ,,,,,,,,,,,
,,1778,,,,,,,,,,,,,,,,,,  ,,,,,,,,,,,,,,,  ,,,,,,  ,,  ,,,,,,,,,,,
,,1779,,,,,,,,,,,,,,,,,,  ,,,,,,,,,,,,,,,  ,,,,,,  ,,  ,,,,,,,,,,,
,,1780,,,,,,,,,,,,,,,,,,  ,,,,,,,,,,,,,,,  ,,,,,,  ,,  ,,,,,,,,,,,
,,1781,,,,,,,,,,,,,,,,,,  ,,,,,,,,,,,,,,,  ,,,,,,  ,,  ,,,,,,,,,,,
,,1782,,,,,,,,,,,,,,,,,,  ,,,,,,,,,,,,,,,  ,,,,,,  ,,  ,,,,,,,,,,,
,,1783,,,,,,,,,,,,,,,,,,  ,,,,,,,,,,,,,,,  ,,,,,,  ,,  ,,,,,,,,,,,
,,1784,,,,,,,,,,,,,,,,,,  ,,,,,,,,,,,,,,,  ,,,,,,  ,,  ,,,,,,,,,,,
,,1785,,,,,,,,,,,,,,,,,,  ,,,,,,,,,,,,,,,  ,,,,,,  ,,  ,,,,,,,,,,,
,,1786,,,,,,,,,,,,,,,,,,  ,,,,,,,,,,,,,,,  ,,,,,,  ,,  ,,,,,,,,,,,
,,1787,,,,,,,,,,,,,,,,,,  ,,,,,,,,,,,,,,,  ,,,,,,  ,,  ,,,,,,,,,,,
,,1788,,,,,,,,,,,,,,,,,,  ,,,,,,,,,,,,,,,  ,,,,,,  ,,  ,,,,,,,,,,,
,,1789,,,,,,,,,,,,,,,,,,  ,,,,,,,,,,,,,,,  ,,,,,,  ,,  ,,,,,,,,,,,
,,1790,,,,,,,,,,,,,,,,,,  ,,,,,,,,,,,,,,,  ,,,,,,  ,,  ,,,,,,,,,,,
,,1791,,,,,,,,,,,,,,,,,,  ,,,,,,,,,,,,,,,  ,,,,,,  ,,  ,,,,,,,,,,,
,,1792,,,,,,,,,,,,,,,,,,  ,,,,,,,,,,,,,,,  ,,,,,,  ,,  ,,,,,,,,,,,
,,1793,,,,,,,,,,,,,,,,,,  ,,,,,,,,,,,,,,,  ,,,,,,  ,,  ,,,,,,,,,,,
,,1794,,,,,,,,,,,,,,,,,,  ,,,,,,,,,,,,,,,  ,,,,,,  ,,  ,,,,,,,,,,,
,,1795,,,,,,,,,,,,,,,,,,  ,,,,,,,,,,,,,,,  ,,,,,,  ,,  ,,,,,,,,,,,
,,1796,,,,,,,,,,,,,,,,,,  ,,,,,,,,,,,,,,,  ,,,,,,  ,,  ,,,,,,,,,,,
,,1797,,,,,,,,,,,,,,,,,,  ,,,,,,,,,,,,,,,  ,,,,,,  ,,  ,,,,,,,,,,,
,,1798,,,,,,,,,,,,,,,,,,  ,,,,,,,,,,,,,,,  ,,,,,,  ,,  ,,,,,,,,,,,
,,1799,,,,,,,,,,,,,,,,,,  ,,,,,,,,,,,,,,,  ,,,,,,  ,,  ,,,,,,,,,,,
,,1800,,,,,,,,,,,,,,,,,,  ,,,,,,,,,,,,,,,  ,,,,,,  ,,  ,,,,,,,,,,,
,,1801,,,,,,,,,,,,,,,,,,  ,,,,,,,,,,,,,,,  ,,,,,,  ,,  ,,,,,,,,,,,
,,1802,,,,,,,,,,,,,,,,,,  ,,,,,,,,,,,,,,,  ,,,,,,  ,,  ,,,,,,,,,,,
,,1803,,,,,,,,,,,,,,,,,,  ,,,,,,,,,,,,,,,  ,,,,,,  ,,  ,,,,,,,,,,,
,,1804,,,,,,,,,,,,,,,,,,  ,,,,,,,,,,,,,,,  ,,,,,,  ,,  ,,,,,,,,,,,
,,1805,,,,,,,,,,,,,,,,,,  ,,,,,,,,,,,,,,,  ,,,,,,  ,,  ,,,,,,,,,,,
,,1806,,,,,,,,,,,,,,,,,,  ,,,,,,,,,,,,,,,  ,,,,,,  ,,  ,,,,,,,,,,,
,,1807,,,,,,,,,,,,,,,,,,  ,,,,,,,,,,,,,,,  ,,,,,,  ,,  ,,,,,,,,,,,
,,1808,,,,,,,,,,,,,,,,,,  ,,,,,,,,,,,,,,,  ,,,,,,  ,,  ,,,,,,,,,,,
,,1809,,,,,,,,,,,,,,,,,,  ,,,,,,,,,,,,,,,  ,,,,,,  ,,  ,,,,,,,,,,,
,,1810,,,,,,,,,,,,,,,,,,  ,,,,,,,,,,,,,,,  ,,,,,,  ,,  ,,,,,,,,,,,
,,1811,,,,,,,,,,,,,,,,,,  ,,,,,,,,,,,,,,,  ,,,,,,  ,,  ,,,,,,,,,,,
,,1812,,,,,,,,,,,,,,,,,,  ,,,,,,,,,,,,,,,  ,,,,,,  ,,  ,,,,,,,,,,,
,,1813,,,,,,,,,,,,,,,,,,  ,,,,,,,,,,,,,,,  ,,,,,,  ,,  ,,,,,,,,,,,
,,1814,,,,,,,,,,,,,,,,,,  ,,,,,,,,,,,,,,,  ,,,,,,  ,,  ,,,,,,,,,,,
,,1815,,,,,,,,,,,,,,,,,,  ,,,,,,,,,,,,,,,  ,,,,,,  ,,  ,,,,,,,,,,,
,,1816,,,,,,,,,,,,,,,,,,  ,,,,,,,,,,,,,,,  ,,,,,,  ,,  ,,,,,,,,,,,
,,1817,,,,,,,,,,,,,,,,,,  ,,,,,,,,,,,,,,,  ,,,,,,  ,,  ,,,,,,,,,,,
,,1818,,,,,,,,,,,,,,,,,,  ,,,,,,,,,,,,,,,  ,,,,,,  ,,  ,,,,,,,,,,,
,,1819,,,,,,,,,,,,,,,,,,  ,,,,,,,,,,,,,,,  ,,,,,,  ,,  ,,,,,,,,,,,
,,1820,,,,,,,,,,,,,,,,,,  ,,,,,,,,,,,,,,,  ,,,,,,  ,,  ,,,,,,,,,,,
,,1821,,,,,,,,,,,,,,,,,,  ,,,,,,,,,,,,,,,  ,,,,,,  ,,  ,,,,,,,,,,,
,,1822,,,,,,,,,,,,,,,,,,  ,,,,,,,,,,,,,,,  ,,,,,,  ,,  ,,,,,,,,,,,
,,1823,,,,,,,,,,,,,,,,,,  ,,,,,,,,,,,,,,,  ,,,,,,  ,,  ,,,,,,,,,,,
,,1824,,,,,,,,,,,,,,,,,,  ,,,,,,,,,,,,,,,  ,,,,,,  ,,  ,,,,,,,,,,,
,,1825,,,,,,,,,,,,,,,,,,  ,,,,,,,,,,,,,,,  ,,,,,,  ,,  ,,,,,,,,,,,
,,1826,,,,,,,,,,,,,,,,,,  ,,,,,,,,,,,,,,,  ,,,,,,  ,,  ,,,,,,,,,,,
,,1827,,,,,,,,,,,,,,,,,,  ,,,,,,,,,,,,,,,  ,,,,,,  ,,  ,,,,,,,,,,,
,,1828,,,,,,,,,,,,,,,,,,  ,,,,,,,,,,,,,,,  ,,,,,,  ,,  ,,,,,,,,,,,
,,1829,,,,,,,,,,,,,,,,,,  ,,,,,,,,,,,,,,,  ,,,,,,  ,,  ,,,,,,,,,,,
,,1830,,,,,,,,,,,,,,,,,,  ,,,,,,,,,,,,,,,  ,,,,,,  ,,  ,,,,,,,,,,,
,,1831,,,,,,,,,,,,,,,,,,  ,,,,,,,,,,,,,,,  ,,,,,,  ,,  ,,,,,,,,,,,
,,1832,,,,,,,,,,,,,,,,,,  ,,,,,,,,,,,,,,,  ,,,,,,  ,,  ,,,,,,,,,,,
,,1833,,,,,,,,,,,,,,,,,,  ,,,,,,,,,,,,,,,  ,,,,,,  ,,  ,,,,,,,,,,,
,,1834,,,,,,,,,,,,,,,,,,  ,,,,,,,,,,,,,,,  ,,,,,,  ,,  ,,,,,,,,,,,
,,1835,,,,,,,,,,,,,,,,,,  ,,,,,,,,,,,,,,,  ,,,,,,  ,,  ,,,,,,,,,,,
,,1836,,,,,,,,,,,,,,,,,,  ,,,,,,,,,,,,,,,  ,,,,,,  ,,  ,,,,,,,,,,,
,,1837,,,,,,,,,,,,,,,,,,  ,,,,,,,,,,,,,,,  ,,,,,,  ,,  ,,,,,,,,,,,
,,1838,,,,,,,,,,,,,,,,,,  ,,,,,,,,,,,,,,,  ,,,,,,  ,,  ,,,,,,,,,,,
,,1839,,,,,,,,,,,,,,,,,,  ,,,,,,,,,,,,,,,  ,,,,,,  ,,  ,,,,,,,,,,,
,,1840,,,,,,,,,,,,,,,,,,  ,,,,,,,,,,,,,,,  ,,,,,,  ,,  ,,,,,,,,,,,
,,1841,,,,,,,,,,,,,,,,,,  ,,,,,,,,,,,,,,,  ,,,,,,  ,,  ,,,,,,,,,,,
,,1842,,,,,,,,,,,,,,,,,,  ,,,,,,,,,,,,,,,  ,,,,,,  ,,  ,,,,,,,,,,,
,,1843,,,,,,,,,,,,,,,,,,  ,,,,,,,,,,,,,,,  ,,,,,,  ,,  ,,,,,,,,,,,
,,1844,,,,,,,,,,,,,,,,,,  ,,,,,,,,,,,,,,,  ,,,,,,  ,,  ,,,,,,,,,,,
,,1845,,,,,,,,,,,,,,,,,,  ,,,,,,,,,,,,,,,  ,,,,,,  ,,  ,,,,,,,,,,,
,,1846,,,,,,,,,,,,,,,,,,  ,,,,,,,,,,,,,,,  ,,,,,,  ,,  ,,,,,,,,,,,
,,1847,,,,,,,,,,,,,,,,,,  ,,,,,,,,,,,,,,,  ,,,,,,  ,,  ,,,,,,,,,,,
,,1848,,,,,,,,,,,,,,,,,,  ,,,,,,,,,,,,,,,  ,,,,,,  ,,  ,,,,,,,,,,,
,,1849,,,,,,,,,,,,,,,,,,  ,,,,,,,,,,,,,,,  ,,,,,,  ,,  ,,,,,,,,,,,
,,1850,,,,,,,,,,,,,,,,,,  ,,,,,,,,,,,,,,,  ,,,,,,  ,,  ,,,,,,,,,,,
,,1851,,,,,,,,,,,,,,,,,,  ,,,,,,,,,,,,,,,  ,,,,,,  ,,  ,,,,,,,,,,,
,,1852,,,,,,,,,,,,,,,,,,  ,,,,,,,,,,,,,,,  ,,,,,,  ,,  ,,,,,,,,,,,
,,1853,,,,,,,,,,,,,,,,,,  ,,,,,,,,,,,,,,,  ,,,,,,  ,,  ,,,,,,,,,,,
,,1854,,,,,,,,,,,,,,,,,,  ,,,,,,,,,,,,,,,  ,,,,,,  ,,  ,,,,,,,,,,,
,,1855,,,,,,,,,,,,,,,,,,  ,,,,,,,,,,,,,,,  ,,,,,,  ,,  ,,,,,,,,,,,
,,1856,,,,,,,,,,,,,,,,,,  ,,,,,,,,,,,,,,,  ,,,,,,  ,,  ,,,,,,,,,,,
,,1857,,,,,,,,,,,,,,,,,,  ,,,,,,,,,,,,,,,  ,,,,,,  ,,  ,,,,,,,,,,,
,,1858,,,,,,,,,,,,,,,,,,  ,,,,,,,,,,,,,,,  ,,,,,,  ,,  ,,,,,,,,,,,
,,1859,,,,,,,,,,,,,,,,,,  ,,,,,,,,,,,,,,,  ,,,,,,  ,,  ,,,,,,,,,,,
,,1860,,,,,,,,,,,,,,,,,,  ,,,,,,,,,,,,,,,  ,,,,,,  ,,  ,,,,,,,,,,,
,,1861,,,,,,,,,,,,,,,,,,  ,,,,,,,,,,,,,,,  ,,,,,,  ,,  ,,,,,,,,,,,
,,1862,,,,,,,,,,,,,,,,,,  ,,,,,,,,,,,,,,,  ,,,,,,  ,,  ,,,,,,,,,,,
,,1863,,,,,,,,,,,,,,,,,,  ,,,,,,,,,,,,,,,  ,,,,,,  ,,  ,,,,,,,,,,,
,,1864,,,,,,,,,,,,,,,,,,  ,,,,,,,,,,,,,,,  ,,,,,,  ,,  ,,,,,,,,,,,
,,1865,,,,,,,,,,,,,,,,,,  ,,,,,,,,,,,,,,,  ,,,,,,  ,,  ,,,,,,,,,,,
,,1866,,,,,,,,,,,,,,,,,,  ,,,,,,,,,,,,,,,  ,,,,,,  ,,  ,,,,,,,,,,,
,,1867,,,,,,,,,,,,,,,,,,  ,,,,,,,,,,,,,,,  ,,,,,,  ,,  ,,,,,,,,,,,
,,1868,,,,,,,,,,,,,,,,,,  ,,,,,,,,,,,,,,,  ,,,,,,  ,,  ,,,,,,,,,,,
,,1869,,,,,,,,,,,,,,,,,,  ,,,,,,,,,,,,,,,  ,,,,,,  ,,  ,,,,,,,,,,,
,,1870,,,,,,,,,,,,,,,,,,  ,,,,,,,,,,,,,,,  ,,,,,,  ,,  ,,,,,,,,,,,
,,1871,,,,,,,,,,,,,,,,,,  ,,,,,,,,,,,,,,,  ,,,,,,  ,,  ,,,,,,,,,,,
,,1872,,,,,,,,,,,,,,,,,,  ,,,,,,,,,,,,,,,  ,,,,,,  ,,  ,,,,,,,,,,,
,,1873,,,,,,,,,,,,,,,,,,  ,,,,,,,,,,,,,,,  ,,,,,,  ,,  ,,,,,,,,,,,
,,1874,,,,,,,,,,,,,,,,,,  ,,,,,,,,,,,,,,,  ,,,,,,  ,,  ,,,,,,,,,,,
,,1875,,,,,,,,,,,,,,,,,,  ,,,,,,,,,,,,,,,  ,,,,,,  ,,  ,,,,,,,,,,,
,,1876,,,,,,,,,,,,,,,,,,  ,,,,,,,,,,,,,,,  ,,,,,,  ,,  ,,,,,,,,,,,
,,1877,,,,,,,,,,,,,,,,,,  ,,,,,,,,,,,,,,,  ,,,,,,  ,,  ,,,,,,,,,,,
,,1878,,,,,,,,,,,,,,,,,,  ,,,,,,,,,,,,,,,  ,,,,,,  ,,  ,,,,,,,,,,,
,,1879,,,,,,,,,,,,,,,,,,  ,,,,,,,,,,,,,,,  ,,,,,,  ,,  ,,,,,,,,,,,
,,1880,,,,,,,,,,,,,,,,,,  ,,,,,,,,,,,,,,,  ,,,,,,  ,,  ,,,,,,,,,,,
,,1881,,,,,,,,,,,,,,,,,,  ,,,,,,,,,,,,,,,  ,,,,,,  ,,  ,,,,,,,,,,,
,,1882,,,,,,,,,,,,,,,,,,  ,,,,,,,,,,,,,,,  ,,,,,,  ,,  ,,,,,,,,,,,
,,1883,,,,,,,,,,,,,,,,,,  ,,,,,,,,,,,,,,,  ,,,,,,  ,,  ,,,,,,,,,,,
,,1884,,,,,,,,,,,,,,,,,,  ,,,,,,,,,,,,,,,  ,,,,,,  ,,  ,,,,,,,,,,,
,,1885,,,,,,,,,,,,,,,,,,  ,,,,,,,,,,,,,,,  ,,,,,,  ,,  ,,,,,,,,,,,
,,1886,,,,,,,,,,,,,,,,,,  ,,,,,,,,,,,,,,,  ,,,,,,  ,,  ,,,,,,,,,,,
,,1887,,,,,,,,,,,,,,,,,,  ,,,,,,,,,,,,,,,  ,,,,,,  ,,  ,,,,,,,,,,,
,,1888,,,,,,,,,,,,,,,,,,  ,,,,,,,,,,,,,,,  ,,,,,,  ,,  ,,,,,,,,,,,
,,1889,,,,,,,,,,,,,,,,,,  ,,,,,,,,,,,,,,,  ,,,,,,  ,,  ,,,,,,,,,,,
,,1890,,,,,,,,,,,,,,,,,,  ,,,,,,,,,,,,,,,  ,,,,,,  ,,  ,,,,,,,,,,,
,,1891,,,,,,,,,,,,,,,,,,  ,,,,,,,,,,,,,,,  ,,,,,,  ,,  ,,,,,,,,,,,
,,1892,,,,,,,,,,,,,,,,,,  ,,,,,,,,,,,,,,,  ,,,,,,  ,,  ,,,,,,,,,,,
,,1893,,,,,,,,,,,,,,,,,,  ,,,,,,,,,,,,,,,  ,,,,,,  ,,  ,,,,,,,,,,,
,,1894,,,,,,,,,,,,,,,,,,  ,,,,,,,,,,,,,,,  ,,,,,,  ,,  ,,,,,,,,,,,
,,1895,,,,,,,,,,,,,,,,,,  ,,,,,,,,,,,,,,,  ,,,,,,  ,,  ,,,,,,,,,,,
,,1896,,,,,,,,,,,,,,,,,,  ,,,,,,,,,,,,,,,  ,,,,,,  ,,  ,,,,,,,,,,,
,,1897,,,,,,,,,,,,,,,,,,  ,,,,,,,,,,,,,,,  ,,,,,,  ,,  ,,,,,,,,,,,
,,1898,,,,,,,,,,,,,,,,,,  ,,,,,,,,,,,,,,,  ,,,,,,  ,,  ,,,,,,,,,,,
,,1899,,,,,,,,,,,,,,,,,,  ,,,,,,,,,,,,,,,  ,,,,,,  ,,  ,,,,,,,,,,,
,,1900,,,,,,,,,,,,,,,,,,  ,,,,,,,,,,,,,,,  ,,,,,,  ,,  ,,,,,,,,,,,
,,1901,,,,,,,,,,,,,,,,,,  ,,,,,,,,,,,,,,,  ,,,,,,  ,,  ,,,,,,,,,,,
,,1902,,,,,,,,,,,,,,,,,,  ,,,,,,,,,,,,,,,  ,,,,,,  ,,  ,,,,,,,,,,,
,,1903,,,,,,,,,,,,,,,,,,  ,,,,,,,,,,,,,,,  ,,,,,,  ,,  ,,,,,,,,,,,
,,1904,,,,,,,,,,,,,,,,,,  ,,,,,,,,,,,,,,,  ,,,,,,  ,,  ,,,,,,,,,,,
,,1905,,,,,,,,,,,,,,,,,,  ,,,,,,,,,,,,,,,  ,,,,,,  ,,  ,,,,,,,,,,,
,,1906,,,,,,,,,,,,,,,,,,  ,,,,,,,,,,,,,,,  ,,,,,,  ,,  ,,,,,,,,,,,
,,1907,,,,,,,,,,,,,,,,,,  ,,,,,,,,,,,,,,,  ,,,,,,  ,,  ,,,,,,,,,,,
,,1908,,,,,,,,,,,,,,,,,,  ,,,,,,,,,,,,,,,  ,,,,,,  ,,  ,,,,,,,,,,,
,,1909,,,,,,,,,,,,,,,,,,  ,,,,,,,,,,,,,,,  ,,,,,,  ,,  ,,,,,,,,,,,
,,1910,,,,,,,,,,,,,,,,,,  ,,,,,,,,,,,,,,,  ,,,,,,  ,,  ,,,,,,,,,,,
,,1911,,,,,,,,,,,,,,,,,,  ,,,,,,,,,,,,,,,  ,,,,,,  ,,  ,,,,,,,,,,,
,,1912,,,,,,,,,,,,,,,,,,  ,,,,,,,,,,,,,,,  ,,,,,,  ,,  ,,,,,,,,,,,
,,1913,,,,,,,,,,,,,,,,,,  ,,,,,,,,,,,,,,,  ,,,,,,  ,,  ,,,,,,,,,,,
,,1914,,,,,,,,,,,,,,,,,,  ,,,,,,,,,,,,,,,  ,,,,,,  ,,  ,,,,,,,,,,,
,,1915,,,,,,,,,,,,,,,,,,  ,,,,,,,,,,,,,,,  ,,,,,,  ,,  ,,,,,,,,,,,
,,1916,,,,,,,,,,,,,,,,,,  ,,,,,,,,,,,,,,,  ,,,,,,  ,,  ,,,,,,,,,,,
,,1917,,,,,,,,,,,,,,,,,,  ,,,,,,,,,,,,,,,  ,,,,,,  ,,  ,,,,,,,,,,,
,,1918,,,,,,,,,,,,,,,,,,  ,,,,,,,,,,,,,,,  ,,,,,,  ,,  ,,,,,,,,,,,
,,1919,,,,,,,,,,,,,,,,,,  ,,,,,,,,,,,,,,,  ,,,,,,  ,,  ,,,,,,,,,,,
,,1920,,,,,,,,,,,,,,,,,,  ,,,,,,,,,,,,,,,  ,,,,,,  ,,  ,,,,,,,,,,,
,,1921,,,,,,,,,,,,,,,,,,  ,,,,,,,,,,,,,,,  ,,,,,,  ,,  ,,,,,,,,,,,
,,1922,,,,,,,,,,,,,,,,,,  ,,,,,,,,,,,,,,,  ,,,,,,  ,,  ,,,,,,,,,,,
,,1923,,,,,,,,,,,,,,,,,,  ,,,,,,,,,,,,,,,  ,,,,,,  ,,  ,,,,,,,,,,,
,,1924,,,,,,,,,,,,,,,,,,  ,,,,,,,,,,,,,,,  ,,,,,,  ,,  ,,,,,,,,,,,
,,1925,,,,,,,,,,,,,,,,,,  ,,,,,,,,,,,,,,,  ,,,,,,  ,,  ,,,,,,,,,,,
,,1926,,,,,,,,,,,,,,,,,,  ,,,,,,,,,,,,,,,  ,,,,,,  ,,  ,,,,,,,,,,,
,,1927,,,,,,,,,,,,,,,,,,  ,,,,,,,,,,,,,,,  ,,,,,,  ,,  ,,,,,,,,,,,
,,1928,,,,,,,,,,,,,,,,,,  ,,,,,,,,,,,,,,,  ,,,,,,  ,,  ,,,,,,,,,,,
,,1929,,,,,,,,,,,,,,,,,,  ,,,,,,,,,,,,,,,  ,,,,,,  ,,  ,,,,,,,,,,,
,,1930,,,,,,,,,,,,,,,,,,  ,,,,,,,,,,,,,,,  ,,,,,,  ,,  ,,,,,,,,,,,
,,1931,,,,,,,,,,,,,,,,,,  ,,,,,,,,,,,,,,,  ,,,,,,  ,,  ,,,,,,,,,,,
,,1932,,,,,,,,,,,,,,,,,,  ,,,,,,,,,,,,,,,  ,,,,,,  ,,  ,,,,,,,,,,,
,,1933,,,,,,,,,,,,,,,,,,  ,,,,,,,,,,,,,,,  ,,,,,,  ,,  ,,,,,,,,,,,
,,1934,,,,,,,,,,,,,,,,,,  ,,,,,,,,,,,,,,,  ,,,,,,  ,,  ,,,,,,,,,,,
,,1935,,,,,,,,,,,,,,,,,,  ,,,,,,,,,,,,,,,  ,,,,,,  ,,  ,,,,,,,,,,,
,,1936,,,,,,,,,,,,,,,,,,  ,,,,,,,,,,,,,,,  ,,,,,,  ,,  ,,,,,,,,,,,
,,1937,,,,,,,,,,,,,,,,,,  ,,,,,,,,,,,,,,,  ,,,,,,  ,,  ,,,,,,,,,,,
,,1938,,,,,,,,,,,,,,,,,,  ,,,,,,,,,,,,,,,  ,,,,,,  ,,  ,,,,,,,,,,,
,,1939,,,,,,,,,,,,,,,,,,  ,,,,,,,,,,,,,,,  ,,,,,,  ,,  ,,,,,,,,,,,
,,1940,,,,,,,,,,,,,,,,,,  ,,,,,,,,,,,,,,,  ,,,,,,  ,,  ,,,,,,,,,,,
,,1941,,,,,,,,,,,,,,,,,,  ,,,,,,,,,,,,,,,  ,,,,,,  ,,  ,,,,,,,,,,,
,,1942,,,,,,,,,,,,,,,,,,  ,,,,,,,,,,,,,,,  ,,,,,,  ,,  ,,,,,,,,,,,
,,1943,,,,,,,,,,,,,,,,,,  ,,,,,,,,,,,,,,,  ,,,,,,  ,,  ,,,,,,,,,,,
,,1944,,,,,,,,,,,,,,,,,,  ,,,,,,,,,,,,,,,  ,,,,,,  ,,  ,,,,,,,,,,,
,,1945,,,,,,,,,,,,,,,,,,  ,,,,,,,,,,,,,,,  ,,,,,,  ,,  ,,,,,,,,,,,
,,1946,,,,,,,,,,,,,,,,,,  ,,,,,,,,,,,,,,,  ,,,,,,  ,,  ,,,,,,,,,,,
,,1947,,,,,,,,,,,,,,,,,,  ,,,,,,,,,,,,,,,  ,,,,,,  ,,  ,,,,,,,,,,,
,,1948,,,,,,,,,,,,,,,,,,  ,,,,,,,,,,,,,,,  ,,,,,,  ,,  ,,,,,,,,,,,
,,1949,,,,,,,,,,,,,,,,,,  ,,,,,,,,,,,,,,,  ,,,,,,  ,,  ,,,,,,,,,,,
,,1950,,,,,,,,,,,,,,,,,,  ,,,,,,,,,,,,,,,  ,,,,,,  ,,  ,,,,,,,,,,,
,,1951,,,,,,,,,,,,,,,,,,  ,,,,,,,,,,,,,,,  ,,,,,,  ,,  ,,,,,,,,,,,
,,1952,,,,,,,,,,,,,,,,,,  ,,,,,,,,,,,,,,,  ,,,,,,  ,,  ,,,,,,,,,,,
,,1953,,,,,,,,,,,,,,,,,,  ,,,,,,,,,,,,,,,  ,,,,,,  ,,  ,,,,,,,,,,,
,,1954,,,,,,,,,,,,,,,,,,  ,,,,,,,,,,,,,,,  ,,,,,,  ,,  ,,,,,,,,,,,
,,1955,,,,,,,,,,,,,,,,,,  ,,,,,,,,,,,,,,,  ,,,,,,  ,,  ,,,,,,,,,,,
,,1956,,,,,,,,,,,,,,,,,,  ,,,,,,,,,,,,,,,  ,,,,,,  ,,  ,,,,,,,,,,,
,,1957,,,,,,,,,,,,,,,,,,  ,,,,,,,,,,,,,,,  ,,,,,,  ,,  ,,,,,,,,,,,
,,1958,,,,,,,,,,,,,,,,,,  ,,,,,,,,,,,,,,,  ,,,,,,  ,,  ,,,,,,,,,,,
,,1959,,,,,,,,,,,,,,,,,,  ,,,,,,,,,,,,,,,  ,,,,,,  ,,  ,,,,,,,,,,,
,,1960,,,,,,,,,,,,,,,,,,  ,,,,,,,,,,,,,,,  ,,,,,,  ,,  ,,,,,,,,,,,
,,1961,,,,,,,,,,,,,,,,,,  ,,,,,,,,,,,,,,,  ,,,,,,  ,,  ,,,,,,,,,,,
,,1962,,,,,,,,,,,,,,,,,,  ,,,,,,,,,,,,,,,  ,,,,,,  ,,  ,,,,,,,,,,,
,,1963,,,,,,,,,,,,,,,,,,  ,,,,,,,,,,,,,,,  ,,,,,,  ,,  ,,,,,,,,,,,
,,1964,,,,,,,,,,,,,,,,,,  ,,,,,,,,,,,,,,,  ,,,,,,  ,,  ,,,,,,,,,,,
,,1965,,,,,,,,,,,,,,,,,,  ,,,,,,,,,,,,,,,  ,,,,,,  ,,  ,,,,,,,,,,,
,,1966,,,,,,,,,,,,,,,,,,  ,,,,,,,,,,,,,,,  ,,,,,,  ,,  ,,,,,,,,,,,
,,1967,,,,,,,,,,,,,,,,,,  ,,,,,,,,,,,,,,,  ,,,,,,  ,,  ,,,,,,,,,,,
,,1968,,,,,,,,,,,,,,,,,,  ,,,,,,,,,,,,,,,  ,,,,,,  ,,  ,,,,,,,,,,,
,,1969,,,,,,,,,,,,,,,,,,  ,,,,,,,,,,,,,,,  ,,,,,,  ,,  ,,,,,,,,,,,
,,1970,,,,,,,,,,,,,,,,,,  ,,,,,,,,,,,,,,,  ,,,,,,  ,,  ,,,,,,,,,,,
,,1971,,,,,,,,,,,,,,,,,,  ,,,,,,,,,,,,,,,  ,,,,,,  ,,  ,,,,,,,,,,,
,,1972,,,,,,,,,,,,,,,,,,  ,,,,,,,,,,,,,,,  ,,,,,,  ,,  ,,,,,,,,,,,
,,1973,,,,,,,,,,,,,,,,,,  ,,,,,,,,,,,,,,,  ,,,,,,  ,,  ,,,,,,,,,,,
,,1974,,,,,,,,,,,,,,,,,,  ,,,,,,,,,,,,,,,  ,,,,,,  ,,  ,,,,,,,,,,,
,,1975,,,,,,,,,,,,,,,,,,  ,,,,,,,,,,,,,,,  ,,,,,,  ,,  ,,,,,,,,,,,
,,1976,,,,,,,,,,,,,,,,,,  ,,,,,,,,,,,,,,,  ,,,,,,  ,,  ,,,,,,,,,,,
,,1977,,,,,,,,,,,,,,,,,,  ,,,,,,,,,,,,,,,  ,,,,,,  ,,  ,,,,,,,,,,,
,,1978,,,,,,,,,,,,,,,,,,  ,,,,,,,,,,,,,,,  ,,,,,,  ,,  ,,,,,,,,,,,
,,1979,,,,,,,,,,,,,,,,,,  ,,,,,,,,,,,,,,,  ,,,,,,  ,,  ,,,,,,,,,,,
,,1980,,,,,,,,,,,,,,,,,,  ,,,,,,,,,,,,,,,  ,,,,,,  ,,  ,,,,,,,,,,,
,,1981,,,,,,,,,,,,,,,,,,  ,,,,,,,,,,,,,,,  ,,,,,,  ,,  ,,,,,,,,,,,
,,1982,,,,,,,,,,,,,,,,,,  ,,,,,,,,,,,,,,,  ,,,,,,  ,,  ,,,,,,,,,,,
,,1983,,,,,,,,,,,,,,,,,,  ,,,,,,,,,,,,,,,  ,,,,,,  ,,  ,,,,,,,,,,,
,,1984,,,,,,,,,,,,,,,,,,  ,,,,,,,,,,,,,,,  ,,,,,,  ,,  ,,,,,,,,,,,
,,1985,,,,,,,,,,,,,,,,,,  ,,,,,,,,,,,,,,,  ,,,,,,  ,,  ,,,,,,,,,,,
,,1986,,,,,,,,,,,,,,,,,,  ,,,,,,,,,,,,,,,  ,,,,,,  ,,  ,,,,,,,,,,,
,,1987,,,,,,,,,,,,,,,,,,  ,,,,,,,,,,,,,,,  ,,,,,,  ,,  ,,,,,,,,,,,
,,1988,,,,,,,,,,,,,,,,,,  ,,,,,,,,,,,,,,,  ,,,,,,  ,,  ,,,,,,,,,,,
,,1989,,,,,,,,,,,,,,,,,,  ,,,,,,,,,,,,,,,  ,,,,,,  ,,  ,,,,,,,,,,,
,,1990,,,,,,,,,,,,,,,,,,  ,,,,,,,,,,,,,,,  ,,,,,,  ,,  ,,,,,,,,,,,
,,1991,,,,,,,,,,,,,,,,,,  ,,,,,,,,,,,,,,,  ,,,,,,  ,,  ,,,,,,,,,,,
,,1992,,,,,,,,,,,,,,,,,,  ,,,,,,,,,,,,,,,  ,,,,,,  ,,  ,,,,,,,,,,,
,,1993,,,,,,,,,,,,,,,,,,  ,,,,,,,,,,,,,,,  ,,,,,,  ,,  ,,,,,,,,,,,
,,1994,,,,,,,,,,,,,,,,,,  ,,,,,,,,,,,,,,,  ,,,,,,  ,,  ,,,,,,,,,,,
,,1995,,,,,,,,,,,,,,,,,,  ,,,,,,,,,,,,,,,  ,,,,,,  ,,  ,,,,,,,,,,,
,,1996,,,,,,,,,,,,,,,,,,  ,,,,,,,,,,,,,,,  ,,,,,,  ,,  ,,,,,,,,,,,
,,1997,,,,,,,,,,,,,,,,,,  ,,,,,,,,,,,,,,,  ,,,,,,  ,,  ,,,,,,,,,,,
,,1998,,,,,,,,,,,,,,,,,,  ,,,,,,,,,,,,,,,  ,,,,,,  ,,  ,,,,,,,,,,,
,,1999,,,,,,,,,,,,,,,,,,  ,,,,,,,,,,,,,,,  ,,,,,,  ,,  ,,,,,,,,,,,
,,2000,,,,,,,,,,,,,,,,,,  ,,,,,,,,,,,,,,,  ,,,,,,  ,,  ,,,,,,,,,,,